ISO-10303-21;
HEADER;
FILE_DESCRIPTION (( 'STEP AP214' ),
    '1' );
FILE_NAME ('Adapter_plate(with recess)-65mm dia_revised_v2.STEP',
    '2025-02-12T02:34:14',
    ( '' ),
    ( '' ),
    'SwSTEP 2.0',
    'SolidWorks 2020',
    '' );
FILE_SCHEMA (( 'AUTOMOTIVE_DESIGN' ));
ENDSEC;

DATA;
#1 = MECHANICAL_DESIGN_GEOMETRIC_PRESENTATION_REPRESENTATION (  '', ( #1451 ), #681 ) ;
#2 = CARTESIAN_POINT ( 'NONE',  ( -1.309706987634334574, 1.535404765995403320, 0.2336044563214396130 ) ) ;
#3 = CIRCLE ( 'NONE', #1448, 1.830708659055118259 ) ;
#4 = ORIENTED_EDGE ( 'NONE', *, *, #2841, .F. ) ;
#5 = CARTESIAN_POINT ( 'NONE',  ( -0.2600912743954647555, -1.688343631654622312, 0.05905511999999997486 ) ) ;
#6 = AXIS2_PLACEMENT_3D ( 'NONE', #2063, #4409, #2421 ) ;
#7 = DIRECTION ( 'NONE',  ( 0.000000000000000000, 0.000000000000000000, 1.000000000000000000 ) ) ;
#8 = DIRECTION ( 'NONE',  ( 1.000000000000000000, 0.000000000000000000, 0.000000000000000000 ) ) ;
#9 = MECHANICAL_DESIGN_GEOMETRIC_PRESENTATION_REPRESENTATION (  '', ( #1372 ), #4888 ) ;
#10 =( CONVERSION_BASED_UNIT ( 'INCH', #4448 ) LENGTH_UNIT ( ) NAMED_UNIT ( #4608 ) );
#11 = EDGE_LOOP ( 'NONE', ( #4718, #409, #4948, #3761 ) ) ;
#12 = DIRECTION ( 'NONE',  ( -0.000000000000000000, -0.000000000000000000, -1.000000000000000000 ) ) ;
#13 = VERTEX_POINT ( 'NONE', #1261 ) ;
#14 = DIMENSIONAL_EXPONENTS ( 1.000000000000000000, 0.000000000000000000, 0.000000000000000000, 0.000000000000000000, 0.000000000000000000, 0.000000000000000000, 0.000000000000000000 ) ;
#15 = CYLINDRICAL_SURFACE ( 'NONE', #3292, 2.663563497773344668 ) ;
#16 = EDGE_LOOP ( 'NONE', ( #1935, #4972, #3701, #1359 ) ) ;
#17 = FACE_OUTER_BOUND ( 'NONE', #5135, .T. ) ;
#18 = ORIENTED_EDGE ( 'NONE', *, *, #4611, .T. ) ;
#19 = ORIENTED_EDGE ( 'NONE', *, *, #1588, .F. ) ;
#20 = DIRECTION ( 'NONE',  ( 0.000000000000000000, 0.000000000000000000, -1.000000000000000000 ) ) ;
#21 = DIRECTION ( 'NONE',  ( -0.000000000000000000, -0.000000000000000000, -1.000000000000000000 ) ) ;
#22 = PRESENTATION_LAYER_ASSIGNMENT (  '', '', ( #4743 ) ) ;
#23 = DIRECTION ( 'NONE',  ( 0.000000000000000000, 0.000000000000000000, -1.000000000000000000 ) ) ;
#24 = DIRECTION ( 'NONE',  ( 1.000000000000000000, 0.000000000000000000, 0.000000000000000000 ) ) ;
#25 = EDGE_LOOP ( 'NONE', ( #2125, #1069, #3413, #886 ) ) ;
#26 =( CONVERSION_BASED_UNIT ( 'INCH', #3592 ) LENGTH_UNIT ( ) NAMED_UNIT ( #1481 ) );
#27 = DIRECTION ( 'NONE',  ( -0.000000000000000000, -0.000000000000000000, -1.000000000000000000 ) ) ;
#28 = EDGE_CURVE ( 'NONE', #620, #4284, #525, .T. ) ;
#29 = VECTOR ( 'NONE', #1158, 39.37007874015748143 ) ;
#30 = ORIENTED_EDGE ( 'NONE', *, *, #4268, .T. ) ;
#31 = DIRECTION ( 'NONE',  ( 0.000000000000000000, 0.000000000000000000, -1.000000000000000000 ) ) ;
#32 = ADVANCED_FACE ( 'NONE', ( #2526 ), #3335, .F. ) ;
#33 = CARTESIAN_POINT ( 'NONE',  ( -0.4267552628330726350, -1.654095412970379098, 0.05905511999999997486 ) ) ;
#34 = PRESENTATION_STYLE_ASSIGNMENT (( #4911 ) ) ;
#35 = DIRECTION ( 'NONE',  ( -0.000000000000000000, -0.000000000000000000, 1.000000000000000000 ) ) ;
#36 = FILL_AREA_STYLE ('',( #893 ) ) ;
#37 = DIRECTION ( 'NONE',  ( 1.000000000000000000, 0.000000000000000000, 0.000000000000000000 ) ) ;
#38 = ORIENTED_EDGE ( 'NONE', *, *, #3485, .T. ) ;
#39 = DIRECTION ( 'NONE',  ( 1.000000000000000000, 0.000000000000000000, 0.000000000000000000 ) ) ;
#40 = VECTOR ( 'NONE', #4626, 39.37007874015748143 ) ;
#41 = PLANE ( 'NONE',  #3209 ) ;
#42 = DIRECTION ( 'NONE',  ( 1.000000000000000000, 0.000000000000000000, 0.000000000000000000 ) ) ;
#43 = LINE ( 'NONE', #3273, #5015 ) ;
#44 = DIRECTION ( 'NONE',  ( 1.000000000000000000, 0.000000000000000000, 0.000000000000000000 ) ) ;
#45 = UNCERTAINTY_MEASURE_WITH_UNIT (LENGTH_MEASURE( 1.000000000000000082E-05 ), #26, 'distance_accuracy_value', 'NONE');
#46 = ORIENTED_EDGE ( 'NONE', *, *, #2027, .T. ) ;
#47 = CARTESIAN_POINT ( 'NONE',  ( -0.3143881098391095308, -1.813606154621390409, 0.1893700799999999962 ) ) ;
#48 =( NAMED_UNIT ( * ) PLANE_ANGLE_UNIT ( ) SI_UNIT ( $, .RADIAN. ) );
#49 = VERTEX_POINT ( 'NONE', #3173 ) ;
#50 = DIRECTION ( 'NONE',  ( -0.000000000000000000, -0.000000000000000000, -1.000000000000000000 ) ) ;
#51 = EDGE_LOOP ( 'NONE', ( #5059, #2333 ) ) ;
#52 = AXIS2_PLACEMENT_3D ( 'NONE', #1756, #1350, #1732 ) ;
#53 = LINE ( 'NONE', #4835, #1660 ) ;
#54 = SURFACE_STYLE_FILL_AREA ( #3706 ) ;
#55 = EDGE_CURVE ( 'NONE', #4278, #4890, #2064, .T. ) ;
#56 = AXIS2_PLACEMENT_3D ( 'NONE', #964, #2502, #144 ) ;
#57 = ORIENTED_EDGE ( 'NONE', *, *, #4576, .F. ) ;
#58 = CARTESIAN_POINT ( 'NONE',  ( -1.423530142007406241, -1.902577949447445738, 0.3149606299212598381 ) ) ;
#59 = EDGE_LOOP ( 'NONE', ( #4078, #4256, #3923, #167 ) ) ;
#60 = CARTESIAN_POINT ( 'NONE',  ( -0.8399812222671370066, 1.631458410820978866, 0.05905511999999999567 ) ) ;
#61 = EDGE_CURVE ( 'NONE', #4604, #3882, #2066, .T. ) ;
#62 = CIRCLE ( 'NONE', #833, 0.03499999999999976047 ) ;
#63 = DIRECTION ( 'NONE',  ( 1.000000000000000000, 0.000000000000000000, 0.000000000000000000 ) ) ;
#64 = ORIENTED_EDGE ( 'NONE', *, *, #4393, .F. ) ;
#65 = ORIENTED_EDGE ( 'NONE', *, *, #3421, .F. ) ;
#66 = SURFACE_SIDE_STYLE ('',( #1244 ) ) ;
#67 = CARTESIAN_POINT ( 'NONE',  ( -0.3438362936472179054, -0.2705232950615225618, 0.05905512000000000261 ) ) ;
#68 = CARTESIAN_POINT ( 'NONE',  ( 1.292040680039471479, 1.303017989562359480, 0.1893700799999999962 ) ) ;
#69 = CARTESIAN_POINT ( 'NONE',  ( -0.6045125617098958681, 1.639275725929560945, 0.05905512000000000261 ) ) ;
#70 = DIRECTION ( 'NONE',  ( -1.000000000000000000, 0.000000000000000000, 0.000000000000000000 ) ) ;
#71 = EDGE_LOOP ( 'NONE', ( #2900, #3009, #1795, #840 ) ) ;
#72 = FILL_AREA_STYLE_COLOUR ( '', #2720 ) ;
#73 = EDGE_CURVE ( 'NONE', #1632, #426, #4982, .T. ) ;
#74 = CARTESIAN_POINT ( 'NONE',  ( -1.340726495562510223, 1.508383701063662485, 0.3248031496062991907 ) ) ;
#75 = CIRCLE ( 'NONE', #4291, 0.03937008000000002950 ) ;
#76 = ORIENTED_EDGE ( 'NONE', *, *, #1878, .T. ) ;
#77 = CYLINDRICAL_SURFACE ( 'NONE', #4021, 0.03937008000000002950 ) ;
#78 = ORIENTED_EDGE ( 'NONE', *, *, #5030, .T. ) ;
#79 = STYLED_ITEM ( 'NONE', ( #3116 ), #2869 ) ;
#80 = AXIS2_PLACEMENT_3D ( 'NONE', #2758, #4367, #757 ) ;
#81 = CARTESIAN_POINT ( 'NONE',  ( -2.390927755790454690, 2.331338925122219852, 0.05905512000000000261 ) ) ;
#82 = EDGE_CURVE ( 'NONE', #3811, #1062, #434, .T. ) ;
#83 = ORIENTED_EDGE ( 'NONE', *, *, #4833, .F. ) ;
#84 = PRESENTATION_LAYER_ASSIGNMENT (  '', '', ( #338 ) ) ;
#85 = EDGE_CURVE ( 'NONE', #3860, #4764, #3304, .T. ) ;
#86 = DIRECTION ( 'NONE',  ( 0.000000000000000000, 0.000000000000000000, 1.000000000000000000 ) ) ;
#87 = STYLED_ITEM ( 'NONE', ( #1459 ), #1946 ) ;
#88 = CARTESIAN_POINT ( 'NONE',  ( 1.231009493610904615, 2.415511303806133991, 0.05905512000000000261 ) ) ;
#89 = EDGE_CURVE ( 'NONE', #3163, #4932, #1625, .T. ) ;
#90 = DIRECTION ( 'NONE',  ( -0.7859115283364993543, -0.6183389601406237279, 0.000000000000000000 ) ) ;
#91 = EDGE_LOOP ( 'NONE', ( #233, #4275, #3012, #2386, #3034 ) ) ;
#92 =( GEOMETRIC_REPRESENTATION_CONTEXT ( 3 ) GLOBAL_UNCERTAINTY_ASSIGNED_CONTEXT ( ( #1275 ) ) GLOBAL_UNIT_ASSIGNED_CONTEXT ( ( #2739, #2361, #4690 ) ) REPRESENTATION_CONTEXT ( 'NONE', 'WORKASPACE' ) );
#93 = DIRECTION ( 'NONE',  ( -1.000000000000000000, 0.000000000000000000, 0.000000000000000000 ) ) ;
#94 = VECTOR ( 'NONE', #298, 39.37007874015748143 ) ;
#95 = CARTESIAN_POINT ( 'NONE',  ( 1.423530142007406241, 1.902577949447445738, 0.000000000000000000 ) ) ;
#96 = CIRCLE ( 'NONE', #2474, 1.921313263826067486 ) ;
#97 = CARTESIAN_POINT ( 'NONE',  ( 1.607302358896246730, -1.718805732558607247, 0.05905512000000000261 ) ) ;
#98 = CLOSED_SHELL ( 'NONE', ( #3264, #3170, #198, #1977, #2429, #3401, #2831, #4379, #1160, #4315, #649, #4868, #3194, #4515, #1426, #5158, #490, #4909, #3021, #2001, #3966, #4946, #747, #4418, #3196, #4165, #5128, #459, #1464, #5097, #2558, #117, #4352, #1883, #2869, #1023, #4045, #2873, #1476, #2646, #4509, #250, #4739, #3383, #4356, #351, #2215, #2804, #592, #936, #5123, #3839, #278, #3272, #997, #1529, #4248, #1975, #2127, #1631, #5092, #3328, #2029, #3067, #1497, #102, #1616, #2902, #1695, #2929, #714, #908, #1723, #3863, #2459, #389, #594, #3774, #394, #1328, #3901, #3005, #518, #528, #1823, #3287, #1946, #1733, #4259, #2280, #3448, #3323, #133, #265, #1336, #513, #5058, #2585, #819, #464, #3425, #933, #805, #3477, #2496, #3459, #4512, #4300, #3164, #2917, #680, #226, #32, #4751, #877, #548, #3057, #2763, #3528, #1725, #3389, #1368, #5055, #4829, #4893, #2315, #2891, #2845, #1769, #3368, #1403, #3349, #1205, #4157, #1914, #1131 ) ) ;
#99 = DIRECTION ( 'NONE',  ( -0.000000000000000000, -0.000000000000000000, 1.000000000000000000 ) ) ;
#100 = CIRCLE ( 'NONE', #1465, 0.03499999999999976047 ) ;
#101 = CARTESIAN_POINT ( 'NONE',  ( 1.317505149699513156, 1.087350849579213241, 0.1893700799999999962 ) ) ;
#102 = ADVANCED_FACE ( 'NONE', ( #2003 ), #1568, .T. ) ;
#103 = ORIENTED_EDGE ( 'NONE', *, *, #2433, .T. ) ;
#104 = CARTESIAN_POINT ( 'NONE',  ( 1.474480238700095258, -0.9381462422080395491, 0.05905511999999997486 ) ) ;
#105 = CARTESIAN_POINT ( 'NONE',  ( -1.999579292161838051, 2.345788493099401961, 0.3248031496062991907 ) ) ;
#106 = CARTESIAN_POINT ( 'NONE',  ( -1.983306276696049523E-15, 9.696164744193275831E-16, 0.1893700799999999962 ) ) ;
#107 = VERTEX_POINT ( 'NONE', #3537 ) ;
#108 = CIRCLE ( 'NONE', #704, 0.03937008000000002950 ) ;
#109 = DIRECTION ( 'NONE',  ( -1.000000000000000000, 0.000000000000000000, 0.000000000000000000 ) ) ;
#110 = CIRCLE ( 'NONE', #195, 0.03937008000000002950 ) ;
#111 = CARTESIAN_POINT ( 'NONE',  ( -2.642985047370931984, -1.275636791373829126, 0.000000000000000000 ) ) ;
#112 = VERTEX_POINT ( 'NONE', #3229 ) ;
#113 = ORIENTED_EDGE ( 'NONE', *, *, #1690, .F. ) ;
#114 = CARTESIAN_POINT ( 'NONE',  ( -0.04868810709768692929, 0.06188279750681099922, 0.5905511792125984760 ) ) ;
#115 = PRESENTATION_STYLE_ASSIGNMENT (( #4914 ) ) ;
#116 = LINE ( 'NONE', #4111, #687 ) ;
#117 = ADVANCED_FACE ( 'NONE', ( #3200 ), #5143, .F. ) ;
#118 = CIRCLE ( 'NONE', #5009, 1.921313263826067486 ) ;
#119 = CARTESIAN_POINT ( 'NONE',  ( -2.602150823964573867, -1.947128934955384860, 0.5905511792125984760 ) ) ;
#120 = LINE ( 'NONE', #67, #237 ) ;
#121 = CARTESIAN_POINT ( 'NONE',  ( 1.241524189589155114, -1.591053218422350257, 0.4457965901542619291 ) ) ;
#122 = VECTOR ( 'NONE', #1526, 39.37007874015748143 ) ;
#123 = VECTOR ( 'NONE', #4847, 39.37007874015748854 ) ;
#124 = DIRECTION ( 'NONE',  ( -0.7859115283364985771, -0.6183389601406246161, 0.000000000000000000 ) ) ;
#125 = EDGE_CURVE ( 'NONE', #3692, #1833, #2393, .T. ) ;
#126 = CARTESIAN_POINT ( 'NONE',  ( 1.701075737142807354, -0.6766354490000069388, 0.1499999999999999944 ) ) ;
#127 = VERTEX_POINT ( 'NONE', #2369 ) ;
#128 = ORIENTED_EDGE ( 'NONE', *, *, #1592, .T. ) ;
#129 = CARTESIAN_POINT ( 'NONE',  ( -0.4267552628330726350, -1.654095412970379098, 0.1893700799999999962 ) ) ;
#130 = CARTESIAN_POINT ( 'NONE',  ( -1.791074938584856113, -0.03073221736975925711, 0.05905511999999999567 ) ) ;
#131 = EDGE_CURVE ( 'NONE', #777, #2729, #4438, .T. ) ;
#132 = VERTEX_POINT ( 'NONE', #2852 ) ;
#133 = ADVANCED_FACE ( 'NONE', ( #1546 ), #3992, .F. ) ;
#134 = LINE ( 'NONE', #5040, #2499 ) ;
#135 = AXIS2_PLACEMENT_3D ( 'NONE', #2955, #2096, #4100 ) ;
#136 = AXIS2_PLACEMENT_3D ( 'NONE', #3261, #433, #404 ) ;
#137 = ORIENTED_EDGE ( 'NONE', *, *, #3745, .T. ) ;
#138 = DIRECTION ( 'NONE',  ( 0.6183389601406238389, -0.7859115283364992433, -0.000000000000000000 ) ) ;
#139 = ORIENTED_EDGE ( 'NONE', *, *, #3742, .T. ) ;
#140 = EDGE_CURVE ( 'NONE', #127, #4468, #2632, .T. ) ;
#141 = AXIS2_PLACEMENT_3D ( 'NONE', #1668, #4812, #3604 ) ;
#142 = CARTESIAN_POINT ( 'NONE',  ( 1.174938203408405268, -1.640829399630935548, 0.2448721732302506782 ) ) ;
#143 = VERTEX_POINT ( 'NONE', #370 ) ;
#144 = DIRECTION ( 'NONE',  ( 1.000000000000000000, 0.000000000000000000, 0.000000000000000000 ) ) ;
#145 = FACE_BOUND ( 'NONE', #811, .T. ) ;
#146 = CARTESIAN_POINT ( 'NONE',  ( -1.983306276696049523E-15, 9.696164744193275831E-16, 0.4226956622450883660 ) ) ;
#147 = CARTESIAN_POINT ( 'NONE',  ( -0.8598843766371335740, -2.415511303806179733, 0.5905511792125984760 ) ) ;
#148 = PRESENTATION_STYLE_ASSIGNMENT (( #4528 ) ) ;
#149 = CARTESIAN_POINT ( 'NONE',  ( -0.6270006295577271738, 1.589031749242156399, 0.1893700799999999962 ) ) ;
#150 = AXIS2_PLACEMENT_3D ( 'NONE', #4582, #2578, #4109 ) ;
#151 = DIRECTION ( 'NONE',  ( -0.000000000000000000, -0.000000000000000000, 1.000000000000000000 ) ) ;
#152 = LINE ( 'NONE', #1780, #4035 ) ;
#153 = CIRCLE ( 'NONE', #1433, 0.03937008000000002950 ) ;
#154 = CARTESIAN_POINT ( 'NONE',  ( -2.071435516471090033, 2.632803619927272187, 0.3248031496062991907 ) ) ;
#155 = EDGE_CURVE ( 'NONE', #4284, #4514, #2422, .T. ) ;
#156 = VERTEX_POINT ( 'NONE', #4023 ) ;
#157 = EDGE_CURVE ( 'NONE', #3567, #4516, #1808, .T. ) ;
#158 = CARTESIAN_POINT ( 'NONE',  ( 2.415511303806220589, -0.8598843766372225028, 0.05905512000000000261 ) ) ;
#159 = CARTESIAN_POINT ( 'NONE',  ( -2.359986356046924527, 2.355682979450072878, 0.5905511792125984760 ) ) ;
#160 = EDGE_CURVE ( 'NONE', #185, #127, #4464, .T. ) ;
#161 = CARTESIAN_POINT ( 'NONE',  ( 0.01505167804217725884, -0.2966057773643364093, 0.5905511792125984760 ) ) ;
#162 = EDGE_LOOP ( 'NONE', ( #3655, #4935, #1593, #19 ) ) ;
#163 = DIRECTION ( 'NONE',  ( 1.000000000000000000, 1.387778736372525118E-14, 0.000000000000000000 ) ) ;
#164 = EDGE_LOOP ( 'NONE', ( #1868, #448 ) ) ;
#165 = COLOUR_RGB ( '',0.7921568627450980005, 0.8196078431372548767, 0.9333333333333333481 ) ;
#166 = CARTESIAN_POINT ( 'NONE',  ( -1.718805732558587263, -1.902577949447445738, 0.3149606299212598381 ) ) ;
#167 = ORIENTED_EDGE ( 'NONE', *, *, #622, .F. ) ;
#168 = EDGE_LOOP ( 'NONE', ( #684, #1845, #4642, #4866, #1515, #4877, #2918, #603, #2194, #987, #3845, #510, #2384, #2469, #408, #3106, #535, #137 ) ) ;
#169 = DIRECTION ( 'NONE',  ( -0.000000000000000000, -0.000000000000000000, -1.000000000000000000 ) ) ;
#170 = AXIS2_PLACEMENT_3D ( 'NONE', #1441, #236, #1864 ) ;
#171 = DIRECTION ( 'NONE',  ( -0.000000000000000000, -0.000000000000000000, -1.000000000000000000 ) ) ;
#172 = DIRECTION ( 'NONE',  ( -0.000000000000000000, -0.000000000000000000, -1.000000000000000000 ) ) ;
#173 = AXIS2_PLACEMENT_3D ( 'NONE', #216, #1037, #2651 ) ;
#174 = ORIENTED_EDGE ( 'NONE', *, *, #4488, .T. ) ;
#175 = CYLINDRICAL_SURFACE ( 'NONE', #874, 2.663563497773345112 ) ;
#176 = DIRECTION ( 'NONE',  ( 1.000000000000000000, 0.000000000000000000, 0.000000000000000000 ) ) ;
#177 = CARTESIAN_POINT ( 'NONE',  ( -1.718805732558587263, -1.902577949447445738, 0.000000000000000000 ) ) ;
#178 = CARTESIAN_POINT ( 'NONE',  ( 1.328666120605163092, -1.519024317514579447, 0.3855591066112992182 ) ) ;
#179 = CYLINDRICAL_SURFACE ( 'NONE', #3704, 0.03937008000000002950 ) ;
#180 = DIRECTION ( 'NONE',  ( 0.000000000000000000, 0.000000000000000000, 1.000000000000000000 ) ) ;
#181 = ORIENTED_EDGE ( 'NONE', *, *, #1396, .T. ) ;
#182 = ORIENTED_EDGE ( 'NONE', *, *, #1202, .T. ) ;
#183 = CARTESIAN_POINT ( 'NONE',  ( 1.179115010613205339, 1.360558068661754660, 0.5084752992119263570 ) ) ;
#184 = LINE ( 'NONE', #4928, #699 ) ;
#185 = VERTEX_POINT ( 'NONE', #340 ) ;
#186 = DIRECTION ( 'NONE',  ( 1.000000000000000000, 0.000000000000000000, 0.000000000000000000 ) ) ;
#187 = CIRCLE ( 'NONE', #1038, 0.03937008000000002950 ) ;
#188 = ORIENTED_EDGE ( 'NONE', *, *, #1665, .T. ) ;
#189 = ORIENTED_EDGE ( 'NONE', *, *, #3315, .F. ) ;
#190 =( CONVERSION_BASED_UNIT ( 'INCH', #1844 ) LENGTH_UNIT ( ) NAMED_UNIT ( #1383 ) );
#191 = CIRCLE ( 'NONE', #1551, 0.07950000000000007061 ) ;
#192 = ORIENTED_EDGE ( 'NONE', *, *, #3515, .T. ) ;
#193 = EDGE_CURVE ( 'NONE', #1873, #3642, #1970, .T. ) ;
#194 = DIRECTION ( 'NONE',  ( -0.000000000000000000, -0.000000000000000000, -1.000000000000000000 ) ) ;
#195 = AXIS2_PLACEMENT_3D ( 'NONE', #4537, #3351, #2540 ) ;
#196 = DIRECTION ( 'NONE',  ( 0.000000000000000000, 0.000000000000000000, 1.000000000000000000 ) ) ;
#197 = CIRCLE ( 'NONE', #4584, 0.03937008000000002950 ) ;
#198 = ADVANCED_FACE ( 'NONE', ( #828 ), #979, .F. ) ;
#199 = FACE_OUTER_BOUND ( 'NONE', #4542, .T. ) ;
#200 = EDGE_CURVE ( 'NONE', #930, #13, #3393, .T. ) ;
#201 = CARTESIAN_POINT ( 'NONE',  ( -0.2793881098391097773, -1.813606154621390409, 0.1893700799999999962 ) ) ;
#202 = FILL_AREA_STYLE ('',( #3828 ) ) ;
#203 = DIRECTION ( 'NONE',  ( 0.000000000000000000, 0.000000000000000000, 1.000000000000000000 ) ) ;
#204 = PRESENTATION_STYLE_ASSIGNMENT (( #1385 ) ) ;
#205 = VERTEX_POINT ( 'NONE', #129 ) ;
#206 = DIRECTION ( 'NONE',  ( 1.000000000000000000, 0.000000000000000000, 0.000000000000000000 ) ) ;
#207 = CARTESIAN_POINT ( 'NONE',  ( 1.673506277379085194, -0.8261490053189098903, 0.1499999999999999944 ) ) ;
#208 = DIRECTION ( 'NONE',  ( 0.000000000000000000, 0.000000000000000000, 1.000000000000000000 ) ) ;
#209 = AXIS2_PLACEMENT_3D ( 'NONE', #1652, #1249, #3675 ) ;
#210 = EDGE_LOOP ( 'NONE', ( #3487, #1344, #2366, #743 ) ) ;
#211 = DIRECTION ( 'NONE',  ( -0.000000000000000000, -0.000000000000000000, -1.000000000000000000 ) ) ;
#212 =( GEOMETRIC_REPRESENTATION_CONTEXT ( 3 ) GLOBAL_UNCERTAINTY_ASSIGNED_CONTEXT ( ( #2444 ) ) GLOBAL_UNIT_ASSIGNED_CONTEXT ( ( #3232, #48, #2898 ) ) REPRESENTATION_CONTEXT ( 'NONE', 'WORKASPACE' ) );
#213 = MECHANICAL_DESIGN_GEOMETRIC_PRESENTATION_REPRESENTATION (  '', ( #4684 ), #1151 ) ;
#214 = ORIENTED_EDGE ( 'NONE', *, *, #1794, .T. ) ;
#215 = ORIENTED_EDGE ( 'NONE', *, *, #3794, .T. ) ;
#216 = CARTESIAN_POINT ( 'NONE',  ( 0.000000000000000000, 0.000000000000000000, 0.1771653543307086798 ) ) ;
#217 = EDGE_CURVE ( 'NONE', #5102, #1414, #5074, .T. ) ;
#218 = DIRECTION ( 'NONE',  ( -0.000000000000000000, 0.000000000000000000, -1.000000000000000000 ) ) ;
#219 = EDGE_CURVE ( 'NONE', #3203, #1242, #2897, .T. ) ;
#220 = DIRECTION ( 'NONE',  ( 0.000000000000000000, 0.000000000000000000, -1.000000000000000000 ) ) ;
#221 = ORIENTED_EDGE ( 'NONE', *, *, #4658, .F. ) ;
#222 = VERTEX_POINT ( 'NONE', #4927 ) ;
#223 = DIRECTION ( 'NONE',  ( -0.000000000000000000, -0.000000000000000000, -1.000000000000000000 ) ) ;
#224 = AXIS2_PLACEMENT_3D ( 'NONE', #1076, #1458, #1881 ) ;
#225 = DIRECTION ( 'NONE',  ( -0.000000000000000000, -0.000000000000000000, 1.000000000000000000 ) ) ;
#226 = ADVANCED_FACE ( 'NONE', ( #1736 ), #1705, .T. ) ;
#227 = DIRECTION ( 'NONE',  ( 1.000000000000000000, 0.000000000000000000, 0.000000000000000000 ) ) ;
#228 = LENGTH_MEASURE_WITH_UNIT ( LENGTH_MEASURE( 0.02539999999999999897 ), #3024 );
#229 = EDGE_LOOP ( 'NONE', ( #2320, #1890, #4773, #1352 ) ) ;
#230 = CARTESIAN_POINT ( 'NONE',  ( 1.800372066324275711, -2.502520624434363850, 0.3248031496062991907 ) ) ;
#231 = CARTESIAN_POINT ( 'NONE',  ( 1.474480238700095258, -0.9381462422080395491, 0.1893700799999999962 ) ) ;
#232 = ORIENTED_EDGE ( 'NONE', *, *, #2723, .F. ) ;
#233 = ORIENTED_EDGE ( 'NONE', *, *, #816, .F. ) ;
#234 = FACE_OUTER_BOUND ( 'NONE', #1518, .T. ) ;
#235 = VERTEX_POINT ( 'NONE', #47 ) ;
#236 = DIRECTION ( 'NONE',  ( -0.000000000000000000, -0.000000000000000000, -1.000000000000000000 ) ) ;
#237 = VECTOR ( 'NONE', #4504, 39.37007874015748143 ) ;
#238 = ORIENTED_EDGE ( 'NONE', *, *, #1638, .F. ) ;
#239 = FACE_OUTER_BOUND ( 'NONE', #2671, .T. ) ;
#240 = VERTEX_POINT ( 'NONE', #4511 ) ;
#241 = SURFACE_STYLE_FILL_AREA ( #651 ) ;
#242 = CIRCLE ( 'NONE', #4466, 0.03937007999999996011 ) ;
#243 = FACE_BOUND ( 'NONE', #3546, .T. ) ;
#244 = LINE ( 'NONE', #5024, #1355 ) ;
#245 = VERTEX_POINT ( 'NONE', #4950 ) ;
#246 = AXIS2_PLACEMENT_3D ( 'NONE', #2406, #4002, #512 ) ;
#247 = AXIS2_PLACEMENT_3D ( 'NONE', #2363, #3955, #4429 ) ;
#248 = CARTESIAN_POINT ( 'NONE',  ( -1.535035410853210882E-15, -1.586608389639367162E-15, 0.05905511999999997486 ) ) ;
#249 = ORIENTED_EDGE ( 'NONE', *, *, #625, .T. ) ;
#250 = ADVANCED_FACE ( 'NONE', ( #2872 ), #882, .F. ) ;
#251 = CARTESIAN_POINT ( 'NONE',  ( -0.5827006698115142491, 1.693916714071983964, 0.1499999999999999944 ) ) ;
#252 = DIRECTION ( 'NONE',  ( 0.000000000000000000, 0.000000000000000000, 1.000000000000000000 ) ) ;
#253 = ORIENTED_EDGE ( 'NONE', *, *, #2274, .F. ) ;
#254 = EDGE_CURVE ( 'NONE', #2744, #4597, #3893, .T. ) ;
#255 = DIRECTION ( 'NONE',  ( -0.000000000000000000, -0.000000000000000000, 1.000000000000000000 ) ) ;
#256 = ORIENTED_EDGE ( 'NONE', *, *, #2463, .T. ) ;
#257 = DIRECTION ( 'NONE',  ( 0.000000000000000000, 0.000000000000000000, -1.000000000000000000 ) ) ;
#258 = AXIS2_PLACEMENT_3D ( 'NONE', #2374, #1974, #779 ) ;
#259 = EDGE_CURVE ( 'NONE', #205, #4278, #187, .T. ) ;
#260 = DIRECTION ( 'NONE',  ( -1.000000000000000000, 0.000000000000000000, 0.000000000000000000 ) ) ;
#261 = AXIS2_PLACEMENT_3D ( 'NONE', #4062, #2883, #4552 ) ;
#262 = EDGE_CURVE ( 'NONE', #4012, #1819, #110, .T. ) ;
#263 = VERTEX_POINT ( 'NONE', #2949 ) ;
#264 = CARTESIAN_POINT ( 'NONE',  ( 1.638506277379062404, -0.8261490053188953464, 0.05905511999999997486 ) ) ;
#265 = ADVANCED_FACE ( 'NONE', ( #2976 ), #531, .T. ) ;
#266 = FACE_BOUND ( 'NONE', #2011, .T. ) ;
#267 = ORIENTED_EDGE ( 'NONE', *, *, #3939, .F. ) ;
#268 = CIRCLE ( 'NONE', #3895, 0.03937008000000002950 ) ;
#269 = LENGTH_MEASURE_WITH_UNIT ( LENGTH_MEASURE( 0.02539999999999999897 ), #5047 );
#270 = CARTESIAN_POINT ( 'NONE',  ( -1.830439224288609612, -0.03140765074152480213, 0.05905511999999999567 ) ) ;
#271 = CIRCLE ( 'NONE', #2969, 1.921313263826067486 ) ;
#272 = LINE ( 'NONE', #3889, #122 ) ;
#273 = ORIENTED_EDGE ( 'NONE', *, *, #1331, .F. ) ;
#274 = CARTESIAN_POINT ( 'NONE',  ( 1.607302358896246730, -1.718805732558607247, 0.3149606299212598381 ) ) ;
#275 = DIRECTION ( 'NONE',  ( 1.000000000000000000, 0.000000000000000000, 0.000000000000000000 ) ) ;
#276 = AXIS2_PLACEMENT_3D ( 'NONE', #5038, #3855, #1437 ) ;
#277 = CARTESIAN_POINT ( 'NONE',  ( 1.734196568239548819, -2.848041460917411616, -1.712805878136525378E-16 ) ) ;
#278 = ADVANCED_FACE ( 'NONE', ( #4719 ), #3509, .T. ) ;
#279 = CYLINDRICAL_SURFACE ( 'NONE', #3051, 0.03937007999999996011 ) ;
#280 = ORIENTED_EDGE ( 'NONE', *, *, #3711, .F. ) ;
#281 = ORIENTED_EDGE ( 'NONE', *, *, #2712, .T. ) ;
#282 = DIRECTION ( 'NONE',  ( -0.000000000000000000, -0.000000000000000000, -1.000000000000000000 ) ) ;
#283 = ORIENTED_EDGE ( 'NONE', *, *, #4449, .F. ) ;
#284 = DIRECTION ( 'NONE',  ( 0.000000000000000000, 0.000000000000000000, -1.000000000000000000 ) ) ;
#285 = EDGE_CURVE ( 'NONE', #1057, #3860, #2980, .T. ) ;
#286 = ORIENTED_EDGE ( 'NONE', *, *, #5215, .F. ) ;
#287 = ORIENTED_EDGE ( 'NONE', *, *, #1067, .F. ) ;
#288 = CARTESIAN_POINT ( 'NONE',  ( 1.701075737142807354, -0.6766354490000069388, 0.05905511999999999567 ) ) ;
#289 = EDGE_CURVE ( 'NONE', #1399, #2577, #1886, .T. ) ;
#290 = CIRCLE ( 'NONE', #1135, 2.663563497773345112 ) ;
#291 = CARTESIAN_POINT ( 'NONE',  ( 1.435110158700095173, -0.9381462422080395491, 0.1893700799999999962 ) ) ;
#292 = VERTEX_POINT ( 'NONE', #3852 ) ;
#293 =( NAMED_UNIT ( * ) PLANE_ANGLE_UNIT ( ) SI_UNIT ( $, .RADIAN. ) );
#294 = CYLINDRICAL_SURFACE ( 'NONE', #1731, 0.2952755905511810774 ) ;
#295 = DIRECTION ( 'NONE',  ( -0.000000000000000000, -0.000000000000000000, -1.000000000000000000 ) ) ;
#296 = EDGE_LOOP ( 'NONE', ( #3125, #3289, #645, #4765, #3097, #1988, #2140, #644, #3407, #2762, #440, #616, #3276, #4224, #937, #708, #3913, #660, #3431, #4010, #2262, #824, #865, #1937, #1788, #4336, #1995, #4254, #4798, #2885, #2979, #1692, #1427, #3494, #2760, #3037, #1587, #3338, #3769, #5169 ) ) ;
#297 = CARTESIAN_POINT ( 'NONE',  ( -1.289569570810521038, 1.552363451060701838, 0.4335692559825393144 ) ) ;
#298 = DIRECTION ( 'NONE',  ( -0.000000000000000000, -0.000000000000000000, -1.000000000000000000 ) ) ;
#299 = EDGE_CURVE ( 'NONE', #777, #4514, #3001, .T. ) ;
#300 =( LENGTH_UNIT ( ) NAMED_UNIT ( * ) SI_UNIT ( $, .METRE. ) );
#301 = CIRCLE ( 'NONE', #3602, 0.1405570000000000153 ) ;
#302 = CARTESIAN_POINT ( 'NONE',  ( -2.079743303778148089, 1.718805732558593924, 0.000000000000000000 ) ) ;
#303 = SURFACE_STYLE_USAGE ( .BOTH. , #1047 ) ;
#304 = ORIENTED_EDGE ( 'NONE', *, *, #4282, .T. ) ;
#305 = ADVANCED_BREP_SHAPE_REPRESENTATION ( 'Adapter_plate(with recess)-65mm dia_revised_v2', ( #453, #2812 ), #3411 ) ;
#306 = VECTOR ( 'NONE', #2565, 39.37007874015748143 ) ;
#307 = CARTESIAN_POINT ( 'NONE',  ( -1.725412595116731174, 1.718805732558593924, 0.3149606299212598381 ) ) ;
#308 = ORIENTED_EDGE ( 'NONE', *, *, #4543, .T. ) ;
#309 = LINE ( 'NONE', #2365, #734 ) ;
#310 = EDGE_CURVE ( 'NONE', #4856, #4862, #2020, .T. ) ;
#311 = EDGE_CURVE ( 'NONE', #3654, #2218, #3091, .T. ) ;
#312 = ORIENTED_EDGE ( 'NONE', *, *, #217, .F. ) ;
#313 = LINE ( 'NONE', #2368, #2948 ) ;
#314 = EDGE_CURVE ( 'NONE', #3732, #2040, #991, .T. ) ;
#315 = DIRECTION ( 'NONE',  ( -0.000000000000000000, -0.000000000000000000, -1.000000000000000000 ) ) ;
#316 = ORIENTED_EDGE ( 'NONE', *, *, #3610, .F. ) ;
#317 = SURFACE_SIDE_STYLE ('',( #4633 ) ) ;
#318 =( NAMED_UNIT ( * ) SI_UNIT ( $, .STERADIAN. ) SOLID_ANGLE_UNIT ( ) );
#319 = CARTESIAN_POINT ( 'NONE',  ( -1.789534519195481233, -0.07007215010116131515, 0.4021517704780935287 ) ) ;
#320 = ORIENTED_EDGE ( 'NONE', *, *, #2937, .T. ) ;
#321 = EDGE_CURVE ( 'NONE', #4603, #3916, #1353, .T. ) ;
#322 = CARTESIAN_POINT ( 'NONE',  ( -1.223064824240757353, 1.605285517728053390, 0.4419282541114344931 ) ) ;
#323 = LINE ( 'NONE', #1953, #3044 ) ;
#324 = DIRECTION ( 'NONE',  ( -0.000000000000000000, -0.000000000000000000, 1.000000000000000000 ) ) ;
#325 =( NAMED_UNIT ( * ) SI_UNIT ( $, .STERADIAN. ) SOLID_ANGLE_UNIT ( ) );
#326 = VECTOR ( 'NONE', #3165, 39.37007874015748854 ) ;
#327 = SURFACE_SIDE_STYLE ('',( #4786 ) ) ;
#328 = VERTEX_POINT ( 'NONE', #4623 ) ;
#329 = ORIENTED_EDGE ( 'NONE', *, *, #3869, .F. ) ;
#330 = ORIENTED_EDGE ( 'NONE', *, *, #1237, .F. ) ;
#331 = EDGE_LOOP ( 'NONE', ( #1127, #4210 ) ) ;
#332 = CIRCLE ( 'NONE', #1697, 0.07950000000000007061 ) ;
#333 = DIRECTION ( 'NONE',  ( -1.000000000000000000, -8.673617102328281989E-16, 0.000000000000000000 ) ) ;
#334 = ORIENTED_EDGE ( 'NONE', *, *, #1878, .F. ) ;
#335 = DIRECTION ( 'NONE',  ( -0.000000000000000000, -0.000000000000000000, -1.000000000000000000 ) ) ;
#336 = COLOUR_RGB ( '',0.7921568627450980005, 0.8196078431372548767, 0.9333333333333333481 ) ;
#337 = CIRCLE ( 'NONE', #3036, 0.03937008000000002950 ) ;
#338 = STYLED_ITEM ( 'NONE', ( #2795 ), #3170 ) ;
#339 = ORIENTED_EDGE ( 'NONE', *, *, #2685, .T. ) ;
#340 = CARTESIAN_POINT ( 'NONE',  ( 1.471119466171251444, -2.316054496710705735, 0.05905512000000000261 ) ) ;
#341 = DIRECTION ( 'NONE',  ( -0.7859115283364985771, -0.6183389601406246161, 0.000000000000000000 ) ) ;
#342 = CIRCLE ( 'NONE', #1285, 0.03937008000000002950 ) ;
#343 = ORIENTED_EDGE ( 'NONE', *, *, #1597, .F. ) ;
#344 = FILL_AREA_STYLE ('',( #4027 ) ) ;
#345 = AXIS2_PLACEMENT_3D ( 'NONE', #2052, #2816, #361 ) ;
#346 = CARTESIAN_POINT ( 'NONE',  ( -1.830439224288609612, -0.03140765074152480213, 0.1499999999999999944 ) ) ;
#347 = AXIS2_PLACEMENT_3D ( 'NONE', #1639, #4782, #4395 ) ;
#348 = DIRECTION ( 'NONE',  ( -0.000000000000000000, -0.000000000000000000, -1.000000000000000000 ) ) ;
#349 = CIRCLE ( 'NONE', #615, 0.03499999999999976047 ) ;
#350 = CARTESIAN_POINT ( 'NONE',  ( -1.278332303675097315, 1.561630072562078420, 0.4396031385855271867 ) ) ;
#351 = ADVANCED_FACE ( 'NONE', ( #1106 ), #4644, .F. ) ;
#352 =( GEOMETRIC_REPRESENTATION_CONTEXT ( 3 ) GLOBAL_UNCERTAINTY_ASSIGNED_CONTEXT ( ( #3650 ) ) GLOBAL_UNIT_ASSIGNED_CONTEXT ( ( #3612, #2082, #2109 ) ) REPRESENTATION_CONTEXT ( 'NONE', 'WORKASPACE' ) );
#353 = CARTESIAN_POINT ( 'NONE',  ( 1.231009493610904615, 2.415511303806133991, 0.000000000000000000 ) ) ;
#354 = AXIS2_PLACEMENT_3D ( 'NONE', #3300, #1389, #2188 ) ;
#355 = CARTESIAN_POINT ( 'NONE',  ( -1.811177625312237582, -0.2947212404430974986, 0.1893700799999999962 ) ) ;
#356 = EDGE_CURVE ( 'NONE', #3940, #3224, #2776, .T. ) ;
#357 = EDGE_CURVE ( 'NONE', #1683, #2753, #1271, .T. ) ;
#358 = ORIENTED_EDGE ( 'NONE', *, *, #3973, .T. ) ;
#359 = ORIENTED_EDGE ( 'NONE', *, *, #61, .F. ) ;
#360 = CIRCLE ( 'NONE', #3399, 0.1771653543307085410 ) ;
#361 = DIRECTION ( 'NONE',  ( -1.000000000000000000, 0.000000000000000000, 0.000000000000000000 ) ) ;
#362 = EDGE_LOOP ( 'NONE', ( #3047, #2687, #1440, #3572 ) ) ;
#363 = DIRECTION ( 'NONE',  ( 0.000000000000000000, 0.000000000000000000, 1.000000000000000000 ) ) ;
#364 = LINE ( 'NONE', #4748, #3994 ) ;
#365 = CIRCLE ( 'NONE', #2644, 0.1771653543307085410 ) ;
#366 = EDGE_LOOP ( 'NONE', ( #3699, #4413, #1395, #5164 ) ) ;
#367 = DIRECTION ( 'NONE',  ( -1.000000000000000000, 0.000000000000000000, 0.000000000000000000 ) ) ;
#368 = ORIENTED_EDGE ( 'NONE', *, *, #89, .F. ) ;
#369 =( LENGTH_UNIT ( ) NAMED_UNIT ( * ) SI_UNIT ( $, .METRE. ) );
#370 = CARTESIAN_POINT ( 'NONE',  ( 2.758543015342340698, -1.001528639949565758, 0.5905511792125984760 ) ) ;
#371 = CARTESIAN_POINT ( 'NONE',  ( -1.811177625312218042, -0.2947212404431331367, 0.1893700799999999962 ) ) ;
#372 = AXIS2_PLACEMENT_3D ( 'NONE', #3999, #2401, #2008 ) ;
#373 = EDGE_LOOP ( 'NONE', ( #906, #4119, #2655, #4902 ) ) ;
#374 = CARTESIAN_POINT ( 'NONE',  ( 0.000000000000000000, 0.000000000000000000, 0.1771653543307086798 ) ) ;
#375 = DIRECTION ( 'NONE',  ( -0.000000000000000000, -0.000000000000000000, -1.000000000000000000 ) ) ;
#376 = CARTESIAN_POINT ( 'NONE',  ( -1.541640378227878916, -1.902577949447445738, 0.3149606299212598381 ) ) ;
#377 = CARTESIAN_POINT ( 'NONE',  ( -1.511927958270385286, -2.531765971032975404, 0.5905511792125984760 ) ) ;
#378 = ORIENTED_EDGE ( 'NONE', *, *, #3230, .T. ) ;
#379 = EDGE_CURVE ( 'NONE', #3224, #3940, #3624, .T. ) ;
#380 = CARTESIAN_POINT ( 'NONE',  ( 1.603506277379085576, -0.8261490053189098903, 0.1893700799999999962 ) ) ;
#381 = DIRECTION ( 'NONE',  ( 1.000000000000000000, 0.000000000000000000, 0.000000000000000000 ) ) ;
#382 = EDGE_CURVE ( 'NONE', #5137, #2690, #5036, .T. ) ;
#383 = ORIENTED_EDGE ( 'NONE', *, *, #4349, .F. ) ;
#384 =( NAMED_UNIT ( * ) PLANE_ANGLE_UNIT ( ) SI_UNIT ( $, .RADIAN. ) );
#385 = VERTEX_POINT ( 'NONE', #4223 ) ;
#386 = ORIENTED_EDGE ( 'NONE', *, *, #2925, .T. ) ;
#387 = ORIENTED_EDGE ( 'NONE', *, *, #4393, .T. ) ;
#388 = CYLINDRICAL_SURFACE ( 'NONE', #3648, 0.03937008000000002950 ) ;
#389 = ADVANCED_FACE ( 'NONE', ( #1912 ), #5087, .F. ) ;
#390 = ORIENTED_EDGE ( 'NONE', *, *, #3446, .T. ) ;
#391 = FACE_OUTER_BOUND ( 'NONE', #650, .T. ) ;
#392 = DIRECTION ( 'NONE',  ( -0.000000000000000000, -0.000000000000000000, 1.000000000000000000 ) ) ;
#393 = CARTESIAN_POINT ( 'NONE',  ( 2.014081323109768284, 1.902577949447445738, 0.000000000000000000 ) ) ;
#394 = ADVANCED_FACE ( 'NONE', ( #1516 ), #640, .F. ) ;
#395 = AXIS2_PLACEMENT_3D ( 'NONE', #4570, #4598, #1785 ) ;
#396 = VERTEX_POINT ( 'NONE', #230 ) ;
#397 = CARTESIAN_POINT ( 'NONE',  ( 1.718805732558587263, 1.902577949447445738, 0.05905512000000000261 ) ) ;
#398 = CONICAL_SURFACE ( 'NONE', #2268, 0.1405570000000000153, 0.02993239667170255816 ) ;
#399 = CARTESIAN_POINT ( 'NONE',  ( -1.328666120605159540, 1.519024317514575229, 0.2640471926012990522 ) ) ;
#400 = EDGE_LOOP ( 'NONE', ( #2260, #3092, #4722, #316 ) ) ;
#401 = CARTESIAN_POINT ( 'NONE',  ( -0.01505167804204735754, 0.2966057773642921669, 0.05905512000000000261 ) ) ;
#402 = DIRECTION ( 'NONE',  ( -0.000000000000000000, -0.000000000000000000, -1.000000000000000000 ) ) ;
#403 = CARTESIAN_POINT ( 'NONE',  ( -1.336088756592207272, 1.512496286233197429, 0.3638169326978222817 ) ) ;
#404 = DIRECTION ( 'NONE',  ( -1.000000000000000000, 0.000000000000000000, 0.000000000000000000 ) ) ;
#405 = CARTESIAN_POINT ( 'NONE',  ( 1.618079363792127134, -2.818566864998960586, 0.1771653543307086798 ) ) ;
#406 = ORIENTED_EDGE ( 'NONE', *, *, #4611, .F. ) ;
#407 = DIRECTION ( 'NONE',  ( 1.000000000000000000, 0.000000000000000000, 0.000000000000000000 ) ) ;
#408 = ORIENTED_EDGE ( 'NONE', *, *, #2562, .T. ) ;
#409 = ORIENTED_EDGE ( 'NONE', *, *, #2642, .F. ) ;
#410 = AXIS2_PLACEMENT_3D ( 'NONE', #1400, #1745, #3334 ) ;
#411 = EDGE_CURVE ( 'NONE', #3880, #493, #1860, .T. ) ;
#412 = EDGE_LOOP ( 'NONE', ( #4811, #2420 ) ) ;
#413 = VERTEX_POINT ( 'NONE', #4668 ) ;
#414 = LINE ( 'NONE', #3247, #2802 ) ;
#415 = CARTESIAN_POINT ( 'NONE',  ( 0.000000000000000000, 0.000000000000000000, 0.1893700799999999962 ) ) ;
#416 = EDGE_CURVE ( 'NONE', #4087, #3388, #3456, .T. ) ;
#417 = DIRECTION ( 'NONE',  ( 1.000000000000000000, 0.000000000000000000, 0.000000000000000000 ) ) ;
#418 = UNCERTAINTY_MEASURE_WITH_UNIT (LENGTH_MEASURE( 1.000000000000000082E-05 ), #4925, 'distance_accuracy_value', 'NONE');
#419 = VECTOR ( 'NONE', #576, 39.37007874015748143 ) ;
#420 = VERTEX_POINT ( 'NONE', #2764 ) ;
#421 = FILL_AREA_STYLE_COLOUR ( '', #2385 ) ;
#422 = DIRECTION ( 'NONE',  ( 0.000000000000000000, 0.000000000000000000, -1.000000000000000000 ) ) ;
#423 = ORIENTED_EDGE ( 'NONE', *, *, #4127, .F. ) ;
#424 = EDGE_CURVE ( 'NONE', #1683, #5107, #75, .T. ) ;
#425 = CARTESIAN_POINT ( 'NONE',  ( -1.254072867219377496, 1.581181172696943138, 0.2037966708417855710 ) ) ;
#426 = VERTEX_POINT ( 'NONE', #1541 ) ;
#427 =( LENGTH_UNIT ( ) NAMED_UNIT ( * ) SI_UNIT ( $, .METRE. ) );
#428 = EDGE_CURVE ( 'NONE', #4236, #3112, #2695, .T. ) ;
#429 = CARTESIAN_POINT ( 'NONE',  ( 2.072479592270098259, -0.7182401133248808023, 0.000000000000000000 ) ) ;
#430 = AXIS2_PLACEMENT_3D ( 'NONE', #4555, #2557, #4161 ) ;
#431 = CIRCLE ( 'NONE', #3385, 0.03499999999999976047 ) ;
#432 =( NAMED_UNIT ( * ) PLANE_ANGLE_UNIT ( ) SI_UNIT ( $, .RADIAN. ) );
#433 = DIRECTION ( 'NONE',  ( -0.000000000000000000, -0.000000000000000000, 1.000000000000000000 ) ) ;
#434 = CIRCLE ( 'NONE', #1114, 0.03937008000000002950 ) ;
#435 = CARTESIAN_POINT ( 'NONE',  ( 1.169179864423789850, 1.408727311783711800, 0.1499999999999999944 ) ) ;
#436 = CIRCLE ( 'NONE', #3473, 0.07950000000000007061 ) ;
#437 = CARTESIAN_POINT ( 'NONE',  ( 1.275636791373873091, -2.642985047371019913, 0.5905511792125984760 ) ) ;
#438 = DIRECTION ( 'NONE',  ( 0.000000000000000000, 0.000000000000000000, -1.000000000000000000 ) ) ;
#439 = VERTEX_POINT ( 'NONE', #1132 ) ;
#440 = ORIENTED_EDGE ( 'NONE', *, *, #2342, .F. ) ;
#441 = STYLED_ITEM ( 'NONE', ( #3277 ), #198 ) ;
#442 = AXIS2_PLACEMENT_3D ( 'NONE', #4527, #574, #5000 ) ;
#443 = CARTESIAN_POINT ( 'NONE',  ( -0.04868810709768692235, 0.06188279750681099228, 0.4921259842519685179 ) ) ;
#444 = CARTESIAN_POINT ( 'NONE',  ( 2.316054496710747035, 1.099994349197523480, 0.05905512000000000261 ) ) ;
#445 = VECTOR ( 'NONE', #3083, 39.37007874015748143 ) ;
#446 = CARTESIAN_POINT ( 'NONE',  ( 1.664493462007921920, -0.6620841485370947410, 0.05905511999999997486 ) ) ;
#447 = PRESENTATION_STYLE_ASSIGNMENT (( #4118 ) ) ;
#448 = ORIENTED_EDGE ( 'NONE', *, *, #1375, .T. ) ;
#449 = DIRECTION ( 'NONE',  ( -1.000000000000000000, 0.000000000000000000, 0.000000000000000000 ) ) ;
#450 = AXIS2_PLACEMENT_3D ( 'NONE', #2818, #1651, #764 ) ;
#451 = EDGE_CURVE ( 'NONE', #3501, #3224, #4347, .T. ) ;
#452 = CARTESIAN_POINT ( 'NONE',  ( -1.340726495562510223, 1.508383701063662263, 0.3088134478852453402 ) ) ;
#453 = MANIFOLD_SOLID_BREP ( 'Cut-Extrude2', #98 ) ;
#454 = EDGE_LOOP ( 'NONE', ( #3737, #1419 ) ) ;
#455 = CARTESIAN_POINT ( 'NONE',  ( 1.638506277379085496, -0.8261490053189098903, 0.1893700799999999962 ) ) ;
#456 = EDGE_CURVE ( 'NONE', #2716, #396, #1179, .T. ) ;
#457 = FACE_OUTER_BOUND ( 'NONE', #5050, .T. ) ;
#458 = CARTESIAN_POINT ( 'NONE',  ( 1.309744436023326353, -1.535372805002197083, 0.2336477870797519785 ) ) ;
#459 = ADVANCED_FACE ( 'NONE', ( #3191 ), #2741, .F. ) ;
#460 = ORIENTED_EDGE ( 'NONE', *, *, #1138, .T. ) ;
#461 = CARTESIAN_POINT ( 'NONE',  ( -0.6414510453149272484, 1.625653992259897374, 0.4256760242917309034 ) ) ;
#462 = ORIENTED_EDGE ( 'NONE', *, *, #1165, .F. ) ;
#463 = VECTOR ( 'NONE', #4780, 39.37007874015748143 ) ;
#464 = ADVANCED_FACE ( 'NONE', ( #4013 ), #1184, .F. ) ;
#465 = DIRECTION ( 'NONE',  ( 1.000000000000000000, 0.000000000000000000, 0.000000000000000000 ) ) ;
#466 = DIRECTION ( 'NONE',  ( -0.000000000000000000, -0.000000000000000000, 1.000000000000000000 ) ) ;
#467 = CARTESIAN_POINT ( 'NONE',  ( -1.776177625312218344, -0.2947212404431331367, 0.05905511999999999567 ) ) ;
#468 = ORIENTED_EDGE ( 'NONE', *, *, #773, .T. ) ;
#469 = MECHANICAL_DESIGN_GEOMETRIC_PRESENTATION_REPRESENTATION (  '', ( #3925 ), #212 ) ;
#470 = FACE_OUTER_BOUND ( 'NONE', #1945, .T. ) ;
#471 = DIRECTION ( 'NONE',  ( 1.000000000000000000, 0.000000000000000000, 0.000000000000000000 ) ) ;
#472 = DIRECTION ( 'NONE',  ( -0.000000000000000000, -0.000000000000000000, 1.000000000000000000 ) ) ;
#473 = UNCERTAINTY_MEASURE_WITH_UNIT (LENGTH_MEASURE( 1.000000000000000082E-05 ), #691, 'distance_accuracy_value', 'NONE');
#474 = EDGE_LOOP ( 'NONE', ( #692, #2284, #4321, #3872 ) ) ;
#475 =( NAMED_UNIT ( * ) PLANE_ANGLE_UNIT ( ) SI_UNIT ( $, .RADIAN. ) );
#476 = AXIS2_PLACEMENT_3D ( 'NONE', #588, #1739, #186 ) ;
#477 = VECTOR ( 'NONE', #3661, 39.37007874015748143 ) ;
#478 = EDGE_CURVE ( 'NONE', #1078, #1141, #1617, .T. ) ;
#479 = CIRCLE ( 'NONE', #3433, 2.018110236220472586 ) ;
#480 = ORIENTED_EDGE ( 'NONE', *, *, #778, .T. ) ;
#481 = EDGE_CURVE ( 'NONE', #2706, #2774, #1156, .T. ) ;
#482 = VERTEX_POINT ( 'NONE', #763 ) ;
#483 = CARTESIAN_POINT ( 'NONE',  ( 1.668621967842994325, -2.828366565428140689, 0.05905512000000000261 ) ) ;
#484 = EDGE_CURVE ( 'NONE', #240, #1559, #1699, .T. ) ;
#485 = CARTESIAN_POINT ( 'NONE',  ( 1.272421276580823601, -1.566452692357908960, 0.2076804834646874820 ) ) ;
#486 = ORIENTED_EDGE ( 'NONE', *, *, #4133, .F. ) ;
#487 = CARTESIAN_POINT ( 'NONE',  ( 2.008595928141966969, -2.338694390118471134, 0.3248031496062991907 ) ) ;
#488 = CARTESIAN_POINT ( 'NONE',  ( 2.758543015342340698, -1.001528639949565758, 0.000000000000000000 ) ) ;
#489 = AXIS2_PLACEMENT_3D ( 'NONE', #2944, #3346, #975 ) ;
#490 = ADVANCED_FACE ( 'NONE', ( #391 ), #3221, .T. ) ;
#491 = CIRCLE ( 'NONE', #1167, 0.2952755905511810774 ) ;
#492 = DIRECTION ( 'NONE',  ( -0.000000000000000000, -0.000000000000000000, -1.000000000000000000 ) ) ;
#493 = VERTEX_POINT ( 'NONE', #2339 ) ;
#494 = ORIENTED_EDGE ( 'NONE', *, *, #656, .F. ) ;
#495 = DIRECTION ( 'NONE',  ( -0.000000000000000000, -0.000000000000000000, -1.000000000000000000 ) ) ;
#496 = FACE_OUTER_BOUND ( 'NONE', #1210, .T. ) ;
#497 = DIRECTION ( 'NONE',  ( 1.000000000000000000, -3.469446840931312795E-15, 0.000000000000000000 ) ) ;
#498 = CARTESIAN_POINT ( 'NONE',  ( -1.511927958270385286, -2.531765971032975404, 0.5905511792125984760 ) ) ;
#499 = CYLINDRICAL_SURFACE ( 'NONE', #2005, 0.03499999999999976047 ) ;
#500 = ORIENTED_EDGE ( 'NONE', *, *, #3873, .T. ) ;
#501 = DIRECTION ( 'NONE',  ( 0.7859115283364991322, 0.6183389601406238389, 0.000000000000000000 ) ) ;
#502 = CIRCLE ( 'NONE', #80, 0.03937008000000002950 ) ;
#503 = EDGE_LOOP ( 'NONE', ( #3299, #958, #5210, #3805, #1215, #2089 ) ) ;
#504 = CARTESIAN_POINT ( 'NONE',  ( 2.181900883159483051, -2.545891750706786638, 0.3248031496062991907 ) ) ;
#505 = EDGE_CURVE ( 'NONE', #3905, #4662, #759, .T. ) ;
#506 = MECHANICAL_DESIGN_GEOMETRIC_PRESENTATION_REPRESENTATION (  '', ( #3134 ), #4880 ) ;
#507 = DIRECTION ( 'NONE',  ( -0.7859115283364991322, -0.6183389601406238389, 0.000000000000000000 ) ) ;
#508 = CARTESIAN_POINT ( 'NONE',  ( 1.328724298759017985, -1.518973335839985728, 0.2641857642120189475 ) ) ;
#509 = STYLED_ITEM ( 'NONE', ( #4778 ), #2902 ) ;
#510 = ORIENTED_EDGE ( 'NONE', *, *, #4961, .F. ) ;
#511 = DIRECTION ( 'NONE',  ( -1.000000000000000000, 0.000000000000000000, 0.000000000000000000 ) ) ;
#512 = DIRECTION ( 'NONE',  ( 0.7859115283364984661, 0.6183389601406248381, 0.000000000000000000 ) ) ;
#513 = ADVANCED_FACE ( 'NONE', ( #470 ), #919, .T. ) ;
#514 = CARTESIAN_POINT ( 'NONE',  ( 1.607302358896246730, -1.718805732558607247, 0.000000000000000000 ) ) ;
#515 = ORIENTED_EDGE ( 'NONE', *, *, #3663, .T. ) ;
#516 = DIRECTION ( 'NONE',  ( -0.000000000000000000, -0.000000000000000000, -1.000000000000000000 ) ) ;
#517 = MECHANICAL_DESIGN_GEOMETRIC_PRESENTATION_REPRESENTATION (  '', ( #776 ), #2710 ) ;
#518 = ADVANCED_FACE ( 'NONE', ( #2866 ), #4558, .T. ) ;
#519 = SURFACE_STYLE_FILL_AREA ( #605 ) ;
#520 = CYLINDRICAL_SURFACE ( 'NONE', #4540, 0.03937008000000002950 ) ;
#521 = EDGE_CURVE ( 'NONE', #5107, #2815, #4068, .T. ) ;
#522 = CIRCLE ( 'NONE', #2069, 0.03937008000000002950 ) ;
#523 = DIRECTION ( 'NONE',  ( -1.000000000000000000, 0.000000000000000000, 0.000000000000000000 ) ) ;
#524 = AXIS2_PLACEMENT_3D ( 'NONE', #3241, #1605, #2835 ) ;
#525 = CIRCLE ( 'NONE', #4568, 0.03937008000000002950 ) ;
#526 = LINE ( 'NONE', #3891, #1072 ) ;
#527 = FACE_BOUND ( 'NONE', #4815, .T. ) ;
#528 = ADVANCED_FACE ( 'NONE', ( #2888 ), #3772, .T. ) ;
#529 = ORIENTED_EDGE ( 'NONE', *, *, #1493, .T. ) ;
#530 = MECHANICAL_DESIGN_GEOMETRIC_PRESENTATION_REPRESENTATION (  '', ( #441 ), #3988 ) ;
#531 = PLANE ( 'NONE',  #3829 ) ;
#532 = DIRECTION ( 'NONE',  ( -1.000000000000000000, 0.000000000000000000, 0.000000000000000000 ) ) ;
#533 = CIRCLE ( 'NONE', #3479, 1.708259842519683991 ) ;
#534 = CARTESIAN_POINT ( 'NONE',  ( -0.6196391534165456294, 1.680294980402320837, 0.05905511999999997486 ) ) ;
#535 = ORIENTED_EDGE ( 'NONE', *, *, #193, .T. ) ;
#536 = CARTESIAN_POINT ( 'NONE',  ( 1.001528639949608834, 2.758543015342254989, 0.05905512000000000261 ) ) ;
#537 = ORIENTED_EDGE ( 'NONE', *, *, #1522, .F. ) ;
#538 = FILL_AREA_STYLE_COLOUR ( '', #3758 ) ;
#539 = CARTESIAN_POINT ( 'NONE',  ( 1.337834223262519107, -1.510950326449832959, 0.2934753757679440245 ) ) ;
#540 = ORIENTED_EDGE ( 'NONE', *, *, #3896, .T. ) ;
#541 = ORIENTED_EDGE ( 'NONE', *, *, #1373, .F. ) ;
#542 = CARTESIAN_POINT ( 'NONE',  ( -1.536160299544338192, -1.308808794148972998, 0.4921259842519685179 ) ) ;
#543 = UNCERTAINTY_MEASURE_WITH_UNIT (LENGTH_MEASURE( 1.000000000000000082E-05 ), #5207, 'distance_accuracy_value', 'NONE');
#544 = FACE_OUTER_BOUND ( 'NONE', #1438, .T. ) ;
#545 = VERTEX_POINT ( 'NONE', #4529 ) ;
#546 = EDGE_CURVE ( 'NONE', #3832, #2256, #2291, .T. ) ;
#547 = CARTESIAN_POINT ( 'NONE',  ( 1.406576461623848973, 1.108551559115650287, 0.05905511999999997486 ) ) ;
#548 = ADVANCED_FACE ( 'NONE', ( #4138, #496 ), #41, .F. ) ;
#549 = CYLINDRICAL_SURFACE ( 'NONE', #2952, 0.07950000000000007061 ) ;
#550 = DIRECTION ( 'NONE',  ( 1.000000000000000000, 0.000000000000000000, 0.000000000000000000 ) ) ;
#551 = CARTESIAN_POINT ( 'NONE',  ( 1.160564406528146408, -1.651020379204329647, 0.3783567328596436075 ) ) ;
#552 = VECTOR ( 'NONE', #3210, 39.37007874015748854 ) ;
#553 = CARTESIAN_POINT ( 'NONE',  ( 2.217919041190445029, 0.01505167804208845661, 0.05905512000000000261 ) ) ;
#554 = VECTOR ( 'NONE', #1569, 39.37007874015748143 ) ;
#555 = LINE ( 'NONE', #5033, #1596 ) ;
#556 = ORIENTED_EDGE ( 'NONE', *, *, #1627, .F. ) ;
#557 = DIRECTION ( 'NONE',  ( -0.000000000000000000, -0.000000000000000000, -1.000000000000000000 ) ) ;
#558 = VERTEX_POINT ( 'NONE', #149 ) ;
#559 = CARTESIAN_POINT ( 'NONE',  ( 1.499317393535007481, -1.050495858051224030, 0.05905511999999999567 ) ) ;
#560 = DIRECTION ( 'NONE',  ( 1.000000000000000000, 0.000000000000000000, 0.000000000000000000 ) ) ;
#561 = CIRCLE ( 'NONE', #4852, 1.830708659055118259 ) ;
#562 = VERTEX_POINT ( 'NONE', #4480 ) ;
#563 =( NAMED_UNIT ( * ) SI_UNIT ( $, .STERADIAN. ) SOLID_ANGLE_UNIT ( ) );
#564 = CIRCLE ( 'NONE', #654, 0.03937008000000002950 ) ;
#565 = EDGE_LOOP ( 'NONE', ( #486, #3013, #1703, #2383 ) ) ;
#566 = DIRECTION ( 'NONE',  ( 1.000000000000000000, 0.000000000000000000, 0.000000000000000000 ) ) ;
#567 = ORIENTED_EDGE ( 'NONE', *, *, #1584, .T. ) ;
#568 = AXIS2_PLACEMENT_3D ( 'NONE', #166, #1793, #3387 ) ;
#569 = ORIENTED_EDGE ( 'NONE', *, *, #3819, .F. ) ;
#570 = LINE ( 'NONE', #542, #2035 ) ;
#571 = CARTESIAN_POINT ( 'NONE',  ( -1.902577949447439742, 1.718805732558593924, 0.3149606299212598381 ) ) ;
#572 = CYLINDRICAL_SURFACE ( 'NONE', #924, 0.03937008000000002950 ) ;
#573 = VECTOR ( 'NONE', #5156, 39.37007874015748143 ) ;
#574 = DIRECTION ( 'NONE',  ( -0.6183389601406238389, 0.7859115283364992433, -0.000000000000000000 ) ) ;
#575 = LENGTH_MEASURE_WITH_UNIT ( LENGTH_MEASURE( 0.02539999999999999897 ), #1406 );
#576 = DIRECTION ( 'NONE',  ( -0.000000000000000000, -0.000000000000000000, -1.000000000000000000 ) ) ;
#577 = DIRECTION ( 'NONE',  ( -0.7859115283364993543, -0.6183389601406237279, 0.000000000000000000 ) ) ;
#578 = EDGE_CURVE ( 'NONE', #2236, #4516, #1269, .T. ) ;
#579 = DIRECTION ( 'NONE',  ( 0.000000000000000000, 0.000000000000000000, -1.000000000000000000 ) ) ;
#580 = DIRECTION ( 'NONE',  ( -0.000000000000000000, -0.000000000000000000, -1.000000000000000000 ) ) ;
#581 = VERTEX_POINT ( 'NONE', #1729 ) ;
#582 = EDGE_LOOP ( 'NONE', ( #1916, #3890, #590, #5046 ) ) ;
#583 = DIRECTION ( 'NONE',  ( 0.000000000000000000, 0.000000000000000000, 1.000000000000000000 ) ) ;
#584 = SURFACE_STYLE_FILL_AREA ( #2214 ) ;
#585 =( GEOMETRIC_REPRESENTATION_CONTEXT ( 3 ) GLOBAL_UNCERTAINTY_ASSIGNED_CONTEXT ( ( #1702 ) ) GLOBAL_UNIT_ASSIGNED_CONTEXT ( ( #3894, #3800, #1456 ) ) REPRESENTATION_CONTEXT ( 'NONE', 'WORKASPACE' ) );
#586 = ORIENTED_EDGE ( 'NONE', *, *, #3617, .F. ) ;
#587 = EDGE_CURVE ( 'NONE', #2909, #3856, #4281, .T. ) ;
#588 = CARTESIAN_POINT ( 'NONE',  ( -0.01505167804204735754, 0.2966057773642921669, 0.05905512000000000261 ) ) ;
#589 = ORIENTED_EDGE ( 'NONE', *, *, #4086, .F. ) ;
#590 = ORIENTED_EDGE ( 'NONE', *, *, #2068, .F. ) ;
#591 = SURFACE_SIDE_STYLE ('',( #3035 ) ) ;
#592 = ADVANCED_FACE ( 'NONE', ( #875 ), #2485, .T. ) ;
#593 = EDGE_LOOP ( 'NONE', ( #537, #174, #1758, #4231 ) ) ;
#594 = ADVANCED_FACE ( 'NONE', ( #3293 ), #520, .F. ) ;
#595 = AXIS2_PLACEMENT_3D ( 'NONE', #3081, #2691, #2257 ) ;
#596 = SURFACE_STYLE_USAGE ( .BOTH. , #1009 ) ;
#597 = ORIENTED_EDGE ( 'NONE', *, *, #3354, .T. ) ;
#598 = CARTESIAN_POINT ( 'NONE',  ( -1.902577949447439742, 1.718805732558593924, 0.5905511792125984760 ) ) ;
#599 = AXIS2_PLACEMENT_3D ( 'NONE', #264, #1496, #1469 ) ;
#600 = CARTESIAN_POINT ( 'NONE',  ( 0.3438362936472180720, 0.2705232950615226173, 0.5905511792125984760 ) ) ;
#601 = CARTESIAN_POINT ( 'NONE',  ( 1.703255168496018435, -2.872385515245265086, 0.05905512000000000261 ) ) ;
#602 = MECHANICAL_DESIGN_GEOMETRIC_PRESENTATION_REPRESENTATION (  '', ( #79 ), #856 ) ;
#603 = ORIENTED_EDGE ( 'NONE', *, *, #2723, .T. ) ;
#604 = LINE ( 'NONE', #1803, #3390 ) ;
#605 = FILL_AREA_STYLE ('',( #3370 ) ) ;
#606 = CARTESIAN_POINT ( 'NONE',  ( -1.541640378227878916, -1.902577949447445738, 0.3149606299212598381 ) ) ;
#607 = CARTESIAN_POINT ( 'NONE',  ( 1.321986708739472327, -1.524840870110971247, 0.3987604052777394270 ) ) ;
#608 = CARTESIAN_POINT ( 'NONE',  ( -0.8399812222671370066, 1.631458410820978866, 0.05905511999999999567 ) ) ;
#609 = VECTOR ( 'NONE', #4523, 39.37007874015748143 ) ;
#610 = DIRECTION ( 'NONE',  ( -0.000000000000000000, -0.000000000000000000, -1.000000000000000000 ) ) ;
#611 = VERTEX_POINT ( 'NONE', #2155 ) ;
#612 = DIRECTION ( 'NONE',  ( -1.000000000000000000, 0.000000000000000000, 0.000000000000000000 ) ) ;
#613 = DIRECTION ( 'NONE',  ( 0.6183389601406237279, -0.7859115283364991322, -0.000000000000000000 ) ) ;
#614 = VECTOR ( 'NONE', #1223, 39.37007874015748854 ) ;
#615 = AXIS2_PLACEMENT_3D ( 'NONE', #455, #2170, #1361 ) ;
#616 = ORIENTED_EDGE ( 'NONE', *, *, #3074, .T. ) ;
#617 = DIRECTION ( 'NONE',  ( 1.833545984981892143E-33, 1.442596115269461539E-33, 1.000000000000000000 ) ) ;
#618 = VECTOR ( 'NONE', #2826, 39.37007874015748854 ) ;
#619 = CARTESIAN_POINT ( 'NONE',  ( 2.387235954880960964, -2.262975920977241984, 0.1771653543307086798 ) ) ;
#620 = VERTEX_POINT ( 'NONE', #1778 ) ;
#621 = DIRECTION ( 'NONE',  ( 0.6183389601406238389, -0.7859115283364992433, -0.000000000000000000 ) ) ;
#622 = EDGE_CURVE ( 'NONE', #4788, #562, #4459, .T. ) ;
#623 = CIRCLE ( 'NONE', #1888, 2.018110236220472586 ) ;
#624 = MECHANICAL_DESIGN_GEOMETRIC_PRESENTATION_REPRESENTATION (  '', ( #4743 ), #4823 ) ;
#625 = EDGE_CURVE ( 'NONE', #1130, #4458, #3694, .T. ) ;
#626 = ORIENTED_EDGE ( 'NONE', *, *, #2274, .T. ) ;
#627 = DIRECTION ( 'NONE',  ( 1.000000000000000000, 0.000000000000000000, -0.000000000000000000 ) ) ;
#628 = DIRECTION ( 'NONE',  ( 0.000000000000000000, 0.000000000000000000, 1.000000000000000000 ) ) ;
#629 = AXIS2_PLACEMENT_3D ( 'NONE', #3956, #21, #5213 ) ;
#630 = DIRECTION ( 'NONE',  ( 0.000000000000000000, 0.000000000000000000, 1.000000000000000000 ) ) ;
#631 = CARTESIAN_POINT ( 'NONE',  ( 0.01505167804217725884, -0.2966057773643364093, 0.05905512000000000261 ) ) ;
#632 =( CONVERSION_BASED_UNIT ( 'INCH', #575 ) LENGTH_UNIT ( ) NAMED_UNIT ( #4967 ) );
#633 = COLOUR_RGB ( '',0.7921568627450980005, 0.8196078431372548767, 0.9333333333333333481 ) ;
#634 = DIMENSIONAL_EXPONENTS ( 1.000000000000000000, 0.000000000000000000, 0.000000000000000000, 0.000000000000000000, 0.000000000000000000, 0.000000000000000000, 0.000000000000000000 ) ;
#635 = FACE_BOUND ( 'NONE', #5113, .T. ) ;
#636 = CARTESIAN_POINT ( 'NONE',  ( -0.8749812222671368156, 1.631458410820978866, 0.1893700799999999962 ) ) ;
#638 = VERTEX_POINT ( 'NONE', #2083 ) ;
#637 = VECTOR ( 'NONE', #1381, 39.37007874015748143 ) ;
#639 = AXIS2_PLACEMENT_3D ( 'NONE', #862, #1685, #4470 ) ;
#640 = PLANE ( 'NONE',  #595 ) ;
#641 = DIRECTION ( 'NONE',  ( -0.000000000000000000, -0.000000000000000000, -1.000000000000000000 ) ) ;
#642 = EDGE_LOOP ( 'NONE', ( #5108, #2614, #3251, #4287 ) ) ;
#643 = FILL_AREA_STYLE_COLOUR ( '', #4025 ) ;
#644 = ORIENTED_EDGE ( 'NONE', *, *, #2641, .T. ) ;
#645 = ORIENTED_EDGE ( 'NONE', *, *, #587, .F. ) ;
#646 = DIRECTION ( 'NONE',  ( -1.000000000000000000, 0.000000000000000000, 0.000000000000000000 ) ) ;
#647 = EDGE_CURVE ( 'NONE', #3837, #3468, #120, .T. ) ;
#648 = CARTESIAN_POINT ( 'NONE',  ( -0.5357663765764215658, -1.750556649774452023, 0.05905511999999999567 ) ) ;
#649 = ADVANCED_FACE ( 'NONE', ( #1696 ), #4115, .F. ) ;
#650 = EDGE_LOOP ( 'NONE', ( #113, #468, #312, #3991 ) ) ;
#651 = FILL_AREA_STYLE ('',( #4257 ) ) ;
#652 = CARTESIAN_POINT ( 'NONE',  ( 0.000000000000000000, 0.000000000000000000, 0.05905512000000000261 ) ) ;
#653 = DIRECTION ( 'NONE',  ( 1.000000000000000000, 0.000000000000000000, 0.000000000000000000 ) ) ;
#654 = AXIS2_PLACEMENT_3D ( 'NONE', #1715, #910, #935 ) ;
#655 = VERTEX_POINT ( 'NONE', #606 ) ;
#656 = EDGE_CURVE ( 'NONE', #2238, #1243, #2698, .T. ) ;
#657 = CYLINDRICAL_SURFACE ( 'NONE', #3301, 0.2952755905511810774 ) ;
#658 = AXIS2_PLACEMENT_3D ( 'NONE', #4563, #580, #2589 ) ;
#659 = DIRECTION ( 'NONE',  ( -1.000000000000000000, 0.000000000000000000, 0.000000000000000000 ) ) ;
#660 = ORIENTED_EDGE ( 'NONE', *, *, #1310, .F. ) ;
#661 = CARTESIAN_POINT ( 'NONE',  ( -0.6045125617098958681, 1.639275725929560945, 0.000000000000000000 ) ) ;
#662 = CARTESIAN_POINT ( 'NONE',  ( 1.499317393535007481, -1.050495858051224030, 0.1499999999999999944 ) ) ;
#663 = ORIENTED_EDGE ( 'NONE', *, *, #1090, .F. ) ;
#664 = DIRECTION ( 'NONE',  ( 1.000000000000000000, 0.000000000000000000, 0.000000000000000000 ) ) ;
#665 = CARTESIAN_POINT ( 'NONE',  ( 1.718805732558587263, 1.902577949447445738, 0.05905512000000000261 ) ) ;
#666 = ORIENTED_EDGE ( 'NONE', *, *, #5212, .T. ) ;
#667 = VERTEX_POINT ( 'NONE', #4289 ) ;
#668 = EDGE_CURVE ( 'NONE', #3882, #1619, #4189, .T. ) ;
#669 = FACE_OUTER_BOUND ( 'NONE', #3333, .T. ) ;
#670 = AXIS2_PLACEMENT_3D ( 'NONE', #4712, #1096, #3159 ) ;
#671 = LINE ( 'NONE', #4445, #1642 ) ;
#672 = AXIS2_PLACEMENT_3D ( 'NONE', #4244, #2665, #3906 ) ;
#673 = CARTESIAN_POINT ( 'NONE',  ( 0.2966057773643776541, 0.01505167804208845661, 0.5905511792125984760 ) ) ;
#674 = EDGE_LOOP ( 'NONE', ( #2314, #2828 ) ) ;
#675 = EDGE_LOOP ( 'NONE', ( #3142, #1841, #4656, #5165 ) ) ;
#676 = CARTESIAN_POINT ( 'NONE',  ( -1.904483997233121562, 2.420607507276417714, 0.3248031496062991907 ) ) ;
#677 = MECHANICAL_DESIGN_GEOMETRIC_PRESENTATION_REPRESENTATION (  '', ( #1611 ), #848 ) ;
#678 = CARTESIAN_POINT ( 'NONE',  ( 1.452603031878868300, -0.9708783521447311715, 1.365923996832131609E-16 ) ) ;
#679 = DIRECTION ( 'NONE',  ( 5.366600396873987007E-16, 3.869166239580926818E-16, -1.000000000000000000 ) ) ;
#680 = ADVANCED_FACE ( 'NONE', ( #971 ), #2252, .T. ) ;
#681 =( GEOMETRIC_REPRESENTATION_CONTEXT ( 3 ) GLOBAL_UNCERTAINTY_ASSIGNED_CONTEXT ( ( #2850 ) ) GLOBAL_UNIT_ASSIGNED_CONTEXT ( ( #3263, #1669, #4939 ) ) REPRESENTATION_CONTEXT ( 'NONE', 'WORKASPACE' ) );
#682 = CARTESIAN_POINT ( 'NONE',  ( -1.718805732558587263, -1.902577949447445738, 0.05905512000000000261 ) ) ;
#683 = EDGE_LOOP ( 'NONE', ( #5098, #4746, #1523, #460 ) ) ;
#684 = ORIENTED_EDGE ( 'NONE', *, *, #1470, .T. ) ;
#685 = DIRECTION ( 'NONE',  ( 1.000000000000000000, 0.000000000000000000, 0.000000000000000000 ) ) ;
#686 = ORIENTED_EDGE ( 'NONE', *, *, #2102, .T. ) ;
#687 = VECTOR ( 'NONE', #2106, 39.37007874015748143 ) ;
#688 = CARTESIAN_POINT ( 'NONE',  ( -2.387235954880960520, 2.262975920977241540, 0.05905512000000000955 ) ) ;
#689 = DIRECTION ( 'NONE',  ( 0.000000000000000000, 0.000000000000000000, -1.000000000000000000 ) ) ;
#690 = ORIENTED_EDGE ( 'NONE', *, *, #2467, .F. ) ;
#691 =( CONVERSION_BASED_UNIT ( 'INCH', #5064 ) LENGTH_UNIT ( ) NAMED_UNIT ( #4571 ) );
#692 = ORIENTED_EDGE ( 'NONE', *, *, #1592, .F. ) ;
#693 = LINE ( 'NONE', #2318, #2513 ) ;
#694 = AXIS2_PLACEMENT_3D ( 'NONE', #631, #731, #2301 ) ;
#695 = DIRECTION ( 'NONE',  ( -1.000000000000000000, 0.000000000000000000, 0.000000000000000000 ) ) ;
#696 = VERTEX_POINT ( 'NONE', #3451 ) ;
#697 =( CONVERSION_BASED_UNIT ( 'INCH', #269 ) LENGTH_UNIT ( ) NAMED_UNIT ( #3802 ) );
#698 = DIRECTION ( 'NONE',  ( 1.000000000000000000, 0.000000000000000000, 0.000000000000000000 ) ) ;
#699 = VECTOR ( 'NONE', #2920, 39.37007874015748143 ) ;
#700 = DIRECTION ( 'NONE',  ( -0.000000000000000000, -0.000000000000000000, -1.000000000000000000 ) ) ;
#701 = ORIENTED_EDGE ( 'NONE', *, *, #3239, .F. ) ;
#702 = CYLINDRICAL_SURFACE ( 'NONE', #3174, 0.1771653543307085410 ) ;
#703 = DIRECTION ( 'NONE',  ( 1.000000000000000000, 1.387778736372525118E-14, 0.000000000000000000 ) ) ;
#704 = AXIS2_PLACEMENT_3D ( 'NONE', #4430, #392, #333 ) ;
#705 = DIRECTION ( 'NONE',  ( -0.000000000000000000, -0.000000000000000000, -1.000000000000000000 ) ) ;
#706 = FILL_AREA_STYLE_COLOUR ( '', #1923 ) ;
#707 = DIRECTION ( 'NONE',  ( -0.000000000000000000, -0.000000000000000000, -1.000000000000000000 ) ) ;
#708 = ORIENTED_EDGE ( 'NONE', *, *, #4124, .T. ) ;
#709 = EDGE_CURVE ( 'NONE', #493, #3405, #838, .T. ) ;
#710 = PRESENTATION_LAYER_ASSIGNMENT (  '', '', ( #4670 ) ) ;
#711 = ORIENTED_EDGE ( 'NONE', *, *, #1091, .T. ) ;
#712 = DIRECTION ( 'NONE',  ( -1.000000000000000000, 0.000000000000000000, 0.000000000000000000 ) ) ;
#713 = CARTESIAN_POINT ( 'NONE',  ( 0.000000000000000000, 0.000000000000000000, 0.1893700799999999962 ) ) ;
#714 = ADVANCED_FACE ( 'NONE', ( #4616 ), #5029, .F. ) ;
#715 = DIRECTION ( 'NONE',  ( 1.000000000000000000, 0.000000000000000000, 0.000000000000000000 ) ) ;
#716 = ORIENTED_EDGE ( 'NONE', *, *, #5121, .T. ) ;
#717 = VECTOR ( 'NONE', #3545, 39.37007874015748143 ) ;
#718 = ORIENTED_EDGE ( 'NONE', *, *, #1809, .F. ) ;
#719 = ORIENTED_EDGE ( 'NONE', *, *, #709, .F. ) ;
#720 = VECTOR ( 'NONE', #3647, 39.37007874015748143 ) ;
#721 = DIRECTION ( 'NONE',  ( 0.000000000000000000, 0.000000000000000000, -1.000000000000000000 ) ) ;
#722 = CIRCLE ( 'NONE', #4929, 0.03499999999999972577 ) ;
#723 = ORIENTED_EDGE ( 'NONE', *, *, #3617, .T. ) ;
#724 = VERTEX_POINT ( 'NONE', #1044 ) ;
#725 = CYLINDRICAL_SURFACE ( 'NONE', #173, 3.250000000000000000 ) ;
#726 = AXIS2_PLACEMENT_3D ( 'NONE', #3697, #4873, #4899 ) ;
#727 = DIRECTION ( 'NONE',  ( -0.000000000000000000, -0.000000000000000000, 1.000000000000000000 ) ) ;
#728 = ORIENTED_EDGE ( 'NONE', *, *, #2830, .T. ) ;
#729 = CARTESIAN_POINT ( 'NONE',  ( -1.189063276896928478, 1.630625790990914981, 0.4210296363109391482 ) ) ;
#730 = AXIS2_PLACEMENT_3D ( 'NONE', #754, #3974, #4392 ) ;
#731 = DIRECTION ( 'NONE',  ( -0.000000000000000000, -0.000000000000000000, -1.000000000000000000 ) ) ;
#732 = CARTESIAN_POINT ( 'NONE',  ( 3.092847217540596424E-16, 2.185864326882349121E-15, 0.1893700799999999962 ) ) ;
#733 = CARTESIAN_POINT ( 'NONE',  ( 1.432427958270428903, 2.531765971032936324, 0.5905511792125984760 ) ) ;
#734 = VECTOR ( 'NONE', #3958, 39.37007874015748143 ) ;
#735 = AXIS2_PLACEMENT_3D ( 'NONE', #2793, #1301, #70 ) ;
#736 = EDGE_LOOP ( 'NONE', ( #4194, #1169 ) ) ;
#737 = EDGE_LOOP ( 'NONE', ( #2820, #5035, #1851, #2785 ) ) ;
#738 = ORIENTED_EDGE ( 'NONE', *, *, #1075, .F. ) ;
#739 = PRESENTATION_STYLE_ASSIGNMENT (( #3588 ) ) ;
#740 = DIRECTION ( 'NONE',  ( 1.000000000000000000, 0.000000000000000000, 0.000000000000000000 ) ) ;
#741 = EDGE_LOOP ( 'NONE', ( #3367, #4154, #4359, #1817 ) ) ;
#742 = CYLINDRICAL_SURFACE ( 'NONE', #3345, 0.1771653543307085410 ) ;
#743 = ORIENTED_EDGE ( 'NONE', *, *, #3782, .F. ) ;
#744 = LENGTH_MEASURE_WITH_UNIT ( LENGTH_MEASURE( 0.02539999999999999897 ), #369 );
#745 = DIRECTION ( 'NONE',  ( 0.000000000000000000, 0.000000000000000000, -1.000000000000000000 ) ) ;
#746 = CARTESIAN_POINT ( 'NONE',  ( -1.904483997233121562, 2.420607507276417714, 0.3248031496062991907 ) ) ;
#747 = ADVANCED_FACE ( 'NONE', ( #2660 ), #2279, .F. ) ;
#748 = ORIENTED_EDGE ( 'NONE', *, *, #4547, .T. ) ;
#749 = DIRECTION ( 'NONE',  ( -1.000000000000000000, 0.000000000000000000, 0.000000000000000000 ) ) ;
#750 = EDGE_CURVE ( 'NONE', #4667, #3195, #4814, .T. ) ;
#751 = SURFACE_STYLE_FILL_AREA ( #1172 ) ;
#752 = DIRECTION ( 'NONE',  ( -0.000000000000000000, -0.000000000000000000, -1.000000000000000000 ) ) ;
#753 = ORIENTED_EDGE ( 'NONE', *, *, #1855, .F. ) ;
#754 = CARTESIAN_POINT ( 'NONE',  ( -0.01505167804204735754, 0.2966057773642921669, 0.5905511792125984760 ) ) ;
#755 = DIRECTION ( 'NONE',  ( 0.7859115283364989102, 0.6183389601406241720, 0.000000000000000000 ) ) ;
#756 = VECTOR ( 'NONE', #3497, 39.37007874015748143 ) ;
#757 = DIRECTION ( 'NONE',  ( 1.000000000000000000, -6.938893681862625591E-15, 0.000000000000000000 ) ) ;
#758 = CYLINDRICAL_SURFACE ( 'NONE', #2032, 0.2952755905511810774 ) ;
#759 = CIRCLE ( 'NONE', #1442, 0.03499999999999976047 ) ;
#760 = ORIENTED_EDGE ( 'NONE', *, *, #647, .T. ) ;
#761 = DIRECTION ( 'NONE',  ( -0.6183389601406238389, 0.7859115283364992433, -0.000000000000000000 ) ) ;
#762 = ORIENTED_EDGE ( 'NONE', *, *, #2161, .F. ) ;
#763 = CARTESIAN_POINT ( 'NONE',  ( -2.358663411130413667, 2.235890630821338210, 0.5905511792125984760 ) ) ;
#764 = DIRECTION ( 'NONE',  ( -1.000000000000000000, 0.000000000000000000, 0.000000000000000000 ) ) ;
#765 = PRESENTATION_LAYER_ASSIGNMENT (  '', '', ( #3134 ) ) ;
#766 = ORIENTED_EDGE ( 'NONE', *, *, #85, .F. ) ;
#767 = DIRECTION ( 'NONE',  ( 0.000000000000000000, 0.000000000000000000, 1.000000000000000000 ) ) ;
#768 = EDGE_CURVE ( 'NONE', #4377, #2282, #3960, .T. ) ;
#769 = VERTEX_POINT ( 'NONE', #3578 ) ;
#770 =( LENGTH_UNIT ( ) NAMED_UNIT ( * ) SI_UNIT ( $, .METRE. ) );
#771 = DIRECTION ( 'NONE',  ( -1.000000000000000000, 0.000000000000000000, 0.000000000000000000 ) ) ;
#772 = AXIS2_PLACEMENT_3D ( 'NONE', #4444, #1198, #4469 ) ;
#773 = EDGE_CURVE ( 'NONE', #4129, #1414, #2809, .T. ) ;
#774 = DIRECTION ( 'NONE',  ( 1.000000000000000000, 8.171241461241152138E-14, 0.000000000000000000 ) ) ;
#775 = EDGE_CURVE ( 'NONE', #545, #842, #4467, .T. ) ;
#776 = STYLED_ITEM ( 'NONE', ( #4389 ), #1131 ) ;
#777 = VERTEX_POINT ( 'NONE', #4316 ) ;
#778 = EDGE_CURVE ( 'NONE', #4979, #3541, #2615, .T. ) ;
#779 = DIRECTION ( 'NONE',  ( 1.000000000000000000, 0.000000000000000000, 0.000000000000000000 ) ) ;
#780 = DIRECTION ( 'NONE',  ( -0.000000000000000000, -0.000000000000000000, -1.000000000000000000 ) ) ;
#781 = CARTESIAN_POINT ( 'NONE',  ( -1.725412595116731174, 1.718805732558593924, 0.5905511792125984760 ) ) ;
#782 = EDGE_CURVE ( 'NONE', #968, #2412, #4636, .T. ) ;
#783 = CARTESIAN_POINT ( 'NONE',  ( -1.718805732558587263, -1.902577949447445738, 0.000000000000000000 ) ) ;
#784 = FACE_OUTER_BOUND ( 'NONE', #3445, .T. ) ;
#785 = CYLINDRICAL_SURFACE ( 'NONE', #3538, 0.03937008000000002950 ) ;
#786 = CIRCLE ( 'NONE', #1815, 0.03499999999999972577 ) ;
#787 = ORIENTED_EDGE ( 'NONE', *, *, #1104, .T. ) ;
#788 = CARTESIAN_POINT ( 'NONE',  ( 0.000000000000000000, 0.000000000000000000, 0.000000000000000000 ) ) ;
#789 = VERTEX_POINT ( 'NONE', #3977 ) ;
#790 = DIRECTION ( 'NONE',  ( 0.000000000000000000, 0.000000000000000000, -1.000000000000000000 ) ) ;
#791 = VERTEX_POINT ( 'NONE', #1208 ) ;
#792 =( NAMED_UNIT ( * ) PLANE_ANGLE_UNIT ( ) SI_UNIT ( $, .RADIAN. ) );
#793 = LINE ( 'NONE', #4348, #3149 ) ;
#794 = CIRCLE ( 'NONE', #800, 0.03499999999999976047 ) ;
#795 = DIMENSIONAL_EXPONENTS ( 1.000000000000000000, 0.000000000000000000, 0.000000000000000000, 0.000000000000000000, 0.000000000000000000, 0.000000000000000000, 0.000000000000000000 ) ;
#796 = DIRECTION ( 'NONE',  ( 0.000000000000000000, 0.000000000000000000, 1.000000000000000000 ) ) ;
#797 = CARTESIAN_POINT ( 'NONE',  ( 0.000000000000000000, 0.000000000000000000, 0.4021517704780935287 ) ) ;
#798 = ORIENTED_EDGE ( 'NONE', *, *, #2058, .F. ) ;
#799 = DIRECTION ( 'NONE',  ( 1.000000000000000000, 0.000000000000000000, 0.000000000000000000 ) ) ;
#800 = AXIS2_PLACEMENT_3D ( 'NONE', #5134, #203, #3452 ) ;
#801 = SURFACE_SIDE_STYLE ('',( #4513 ) ) ;
#802 = EDGE_LOOP ( 'NONE', ( #3685, #586 ) ) ;
#803 = FACE_OUTER_BOUND ( 'NONE', #3876, .T. ) ;
#804 = VECTOR ( 'NONE', #727, 39.37007874015748143 ) ;
#805 = ADVANCED_FACE ( 'NONE', ( #4420 ), #810, .T. ) ;
#806 = CARTESIAN_POINT ( 'NONE',  ( 1.989123946050432634, 0.9243519070212626865, 0.000000000000000000 ) ) ;
#807 = CARTESIAN_POINT ( 'NONE',  ( -1.170853420818490642, 1.643742813529127211, 0.3986144510258720075 ) ) ;
#808 = VECTOR ( 'NONE', #1443, 39.37007874015748143 ) ;
#809 = DIRECTION ( 'NONE',  ( -0.8313955657873075555, 0.5556810354773706884, 0.000000000000000000 ) ) ;
#810 = CYLINDRICAL_SURFACE ( 'NONE', #5214, 0.03937008000000002950 ) ;
#811 = EDGE_LOOP ( 'NONE', ( #3798, #2344 ) ) ;
#812 = EDGE_CURVE ( 'NONE', #385, #3195, #2288, .T. ) ;
#813 = CARTESIAN_POINT ( 'NONE',  ( 1.340726495562512666, -1.508383701063666260, 0.3248031496062991907 ) ) ;
#814 = ORIENTED_EDGE ( 'NONE', *, *, #3023, .F. ) ;
#815 = CARTESIAN_POINT ( 'NONE',  ( -2.356294555137430802, 2.287319975305095454, 0.05905512000000000261 ) ) ;
#816 = EDGE_CURVE ( 'NONE', #3284, #127, #2941, .T. ) ;
#817 = ORIENTED_EDGE ( 'NONE', *, *, #2547, .F. ) ;
#818 = SURFACE_STYLE_FILL_AREA ( #5160 ) ;
#819 = ADVANCED_FACE ( 'NONE', ( #3920 ), #785, .T. ) ;
#820 = CIRCLE ( 'NONE', #4612, 0.2952755905511810774 ) ;
#821 = DIRECTION ( 'NONE',  ( -1.000000000000000000, 0.000000000000000000, 0.000000000000000000 ) ) ;
#822 = CIRCLE ( 'NONE', #1585, 0.1267401574803148911 ) ;
#823 = AXIS2_PLACEMENT_3D ( 'NONE', #3723, #4795, #1250 ) ;
#824 = ORIENTED_EDGE ( 'NONE', *, *, #1855, .T. ) ;
#825 = LINE ( 'NONE', #2112, #1445 ) ;
#826 = DIRECTION ( 'NONE',  ( -0.000000000000000000, -0.000000000000000000, 1.000000000000000000 ) ) ;
#827 = ORIENTED_EDGE ( 'NONE', *, *, #1853, .T. ) ;
#828 = FACE_OUTER_BOUND ( 'NONE', #3348, .T. ) ;
#829 = AXIS2_PLACEMENT_3D ( 'NONE', #4271, #2637, #206 ) ;
#830 = CARTESIAN_POINT ( 'NONE',  ( -1.331506026187211589, 1.516532161511924270, 0.2710990157482444651 ) ) ;
#831 = ORIENTED_EDGE ( 'NONE', *, *, #2242, .F. ) ;
#832 =( LENGTH_UNIT ( ) NAMED_UNIT ( * ) SI_UNIT ( $, .METRE. ) );
#833 = AXIS2_PLACEMENT_3D ( 'NONE', #4913, #4181, #3822 ) ;
#834 = CARTESIAN_POINT ( 'NONE',  ( 1.637680568099463940, -2.852710619755993715, 0.5905511792125985870 ) ) ;
#835 = DIRECTION ( 'NONE',  ( -0.6183389601406238389, 0.7859115283364992433, -0.000000000000000000 ) ) ;
#836 = VERTEX_POINT ( 'NONE', #4340 ) ;
#837 = CARTESIAN_POINT ( 'NONE',  ( -2.531765971032929219, 1.511927958270396388, 0.05905512000000000261 ) ) ;
#838 = CIRCLE ( 'NONE', #3373, 0.3711251169736390354 ) ;
#839 = CARTESIAN_POINT ( 'NONE',  ( -1.668621967842993881, 2.828366565428139801, 0.05905512000000000261 ) ) ;
#840 = ORIENTED_EDGE ( 'NONE', *, *, #4674, .T. ) ;
#841 = PLANE ( 'NONE',  #2546 ) ;
#842 = VERTEX_POINT ( 'NONE', #3947 ) ;
#843 = LENGTH_MEASURE_WITH_UNIT ( LENGTH_MEASURE( 0.02539999999999999897 ), #4819 );
#844 = ORIENTED_EDGE ( 'NONE', *, *, #1533, .T. ) ;
#845 = EDGE_CURVE ( 'NONE', #4955, #2933, #1012, .T. ) ;
#846 = DIRECTION ( 'NONE',  ( 1.716235376427243772E-17, -2.181342685193818413E-17, 1.000000000000000000 ) ) ;
#847 = DIRECTION ( 'NONE',  ( -0.000000000000000000, -0.000000000000000000, -1.000000000000000000 ) ) ;
#848 =( GEOMETRIC_REPRESENTATION_CONTEXT ( 3 ) GLOBAL_UNCERTAINTY_ASSIGNED_CONTEXT ( ( #4849 ) ) GLOBAL_UNIT_ASSIGNED_CONTEXT ( ( #3986, #792, #3140 ) ) REPRESENTATION_CONTEXT ( 'NONE', 'WORKASPACE' ) );
#849 = AXIS2_PLACEMENT_3D ( 'NONE', #4628, #4232, #646 ) ;
#850 = DIRECTION ( 'NONE',  ( 0.000000000000000000, 0.000000000000000000, 1.000000000000000000 ) ) ;
#851 = EDGE_CURVE ( 'NONE', #1566, #3488, #1580, .T. ) ;
#852 = FACE_OUTER_BOUND ( 'NONE', #11, .T. ) ;
#853 = UNCERTAINTY_MEASURE_WITH_UNIT (LENGTH_MEASURE( 1.000000000000000082E-05 ), #1086, 'distance_accuracy_value', 'NONE');
#854 = ORIENTED_EDGE ( 'NONE', *, *, #411, .F. ) ;
#855 = CARTESIAN_POINT ( 'NONE',  ( 1.471119466171251444, -2.316054496710705735, 0.000000000000000000 ) ) ;
#856 =( GEOMETRIC_REPRESENTATION_CONTEXT ( 3 ) GLOBAL_UNCERTAINTY_ASSIGNED_CONTEXT ( ( #5218 ) ) GLOBAL_UNIT_ASSIGNED_CONTEXT ( ( #697, #293, #1847 ) ) REPRESENTATION_CONTEXT ( 'NONE', 'WORKASPACE' ) );
#857 = VECTOR ( 'NONE', #2553, 39.37007874015748143 ) ;
#858 = VECTOR ( 'NONE', #1320, 39.37007874015748143 ) ;
#859 = EDGE_CURVE ( 'NONE', #4514, #696, #502, .T. ) ;
#860 = ORIENTED_EDGE ( 'NONE', *, *, #1233, .F. ) ;
#861 = CIRCLE ( 'NONE', #3809, 0.03937008000000002950 ) ;
#862 = CARTESIAN_POINT ( 'NONE',  ( 1.902577949447427752, -1.718805732558607247, 0.3149606299212598381 ) ) ;
#863 = DIRECTION ( 'NONE',  ( 1.000000000000000000, 0.000000000000000000, 0.000000000000000000 ) ) ;
#864 = AXIS2_PLACEMENT_3D ( 'NONE', #4501, #492, #63 ) ;
#865 = ORIENTED_EDGE ( 'NONE', *, *, #2120, .F. ) ;
#866 = ORIENTED_EDGE ( 'NONE', *, *, #845, .F. ) ;
#867 = CARTESIAN_POINT ( 'NONE',  ( -2.611265971032929123, 1.511927958270396388, 0.05905512000000000261 ) ) ;
#868 = AXIS2_PLACEMENT_3D ( 'NONE', #5167, #422, #771 ) ;
#869 = CARTESIAN_POINT ( 'NONE',  ( 2.758543015342340698, -1.001528639949565758, 0.05905512000000000261 ) ) ;
#870 = ORIENTED_EDGE ( 'NONE', *, *, #1263, .T. ) ;
#871 = CIRCLE ( 'NONE', #2717, 0.1267401574803148911 ) ;
#872 = CYLINDRICAL_SURFACE ( 'NONE', #4398, 1.830708659055118259 ) ;
#873 = ORIENTED_EDGE ( 'NONE', *, *, #2122, .F. ) ;
#874 = AXIS2_PLACEMENT_3D ( 'NONE', #4638, #4213, #2131 ) ;
#875 = FACE_OUTER_BOUND ( 'NONE', #4301, .T. ) ;
#876 = CARTESIAN_POINT ( 'NONE',  ( 1.199633057709446726, -1.622865598161408407, 0.4297891299600167248 ) ) ;
#877 = ADVANCED_FACE ( 'NONE', ( #1984 ), #3184, .F. ) ;
#878 = EDGE_CURVE ( 'NONE', #2824, #4764, #1236, .T. ) ;
#879 = CIRCLE ( 'NONE', #1209, 0.3711251169736387578 ) ;
#880 = CARTESIAN_POINT ( 'NONE',  ( -1.725412595116731174, 1.718805732558593924, 0.3149606299212598381 ) ) ;
#881 = VERTEX_POINT ( 'NONE', #839 ) ;
#882 = CYLINDRICAL_SURFACE ( 'NONE', #4572, 1.830708659055118259 ) ;
#883 = AXIS2_PLACEMENT_3D ( 'NONE', #4015, #3562, #821 ) ;
#884 = CIRCLE ( 'NONE', #1557, 3.250000000000000000 ) ;
#885 = CARTESIAN_POINT ( 'NONE',  ( -1.205214992251578021, 1.618727681969130749, 0.2160978107803532000 ) ) ;
#886 = ORIENTED_EDGE ( 'NONE', *, *, #3814, .T. ) ;
#887 = AXIS2_PLACEMENT_3D ( 'NONE', #5168, #4330, #4702 ) ;
#888 =( LENGTH_UNIT ( ) NAMED_UNIT ( * ) SI_UNIT ( $, .METRE. ) );
#889 = DIRECTION ( 'NONE',  ( -1.000000000000000000, 0.000000000000000000, 0.000000000000000000 ) ) ;
#890 = DIRECTION ( 'NONE',  ( 1.000000000000000000, 0.000000000000000000, -0.000000000000000000 ) ) ;
#891 = VERTEX_POINT ( 'NONE', #3665 ) ;
#892 = DIRECTION ( 'NONE',  ( -0.000000000000000000, -0.000000000000000000, 1.000000000000000000 ) ) ;
#893 = FILL_AREA_STYLE_COLOUR ( '', #3208 ) ;
#894 = FACE_OUTER_BOUND ( 'NONE', #4886, .T. ) ;
#895 = ORIENTED_EDGE ( 'NONE', *, *, #1472, .F. ) ;
#896 = FACE_OUTER_BOUND ( 'NONE', #2551, .T. ) ;
#897 = DIRECTION ( 'NONE',  ( -0.000000000000000000, -0.000000000000000000, -1.000000000000000000 ) ) ;
#898 = CARTESIAN_POINT ( 'NONE',  ( -1.960970149782696792, 2.719715489147758181, 0.3248031496062991907 ) ) ;
#899 = AXIS2_PLACEMENT_3D ( 'NONE', #2495, #138, #4908 ) ;
#900 = CARTESIAN_POINT ( 'NONE',  ( -2.504774609769200300, -2.070894529969006914, 0.4921259842519685179 ) ) ;
#901 = AXIS2_PLACEMENT_3D ( 'NONE', #1232, #4471, #863 ) ;
#902 = EDGE_LOOP ( 'NONE', ( #5016, #1468, #1335, #1388 ) ) ;
#903 = FACE_OUTER_BOUND ( 'NONE', #2905, .T. ) ;
#904 = CIRCLE ( 'NONE', #2435, 0.1324728384239566015 ) ;
#905 = CIRCLE ( 'NONE', #3854, 0.03937008000000002950 ) ;
#906 = ORIENTED_EDGE ( 'NONE', *, *, #3167, .F. ) ;
#907 = CARTESIAN_POINT ( 'NONE',  ( -0.6270006295577271738, 1.589031749242156399, 0.4256760242917309034 ) ) ;
#908 = ADVANCED_FACE ( 'NONE', ( #3739 ), #4887, .F. ) ;
#909 = CYLINDRICAL_SURFACE ( 'NONE', #1565, 0.03937008000000002950 ) ;
#910 = DIRECTION ( 'NONE',  ( 0.000000000000000000, 0.000000000000000000, 1.000000000000000000 ) ) ;
#911 = VERTEX_POINT ( 'NONE', #1747 ) ;
#912 = CARTESIAN_POINT ( 'NONE',  ( 1.202801748563063544, 1.213020875013703703, 0.1893700799999999962 ) ) ;
#913 = DIRECTION ( 'NONE',  ( 0.000000000000000000, 0.000000000000000000, 1.000000000000000000 ) ) ;
#914 = FACE_OUTER_BOUND ( 'NONE', #1145, .T. ) ;
#915 = ORIENTED_EDGE ( 'NONE', *, *, #3969, .T. ) ;
#916 = DIRECTION ( 'NONE',  ( 1.000000000000000000, 0.000000000000000000, 0.000000000000000000 ) ) ;
#917 = ORIENTED_EDGE ( 'NONE', *, *, #2120, .T. ) ;
#918 = CARTESIAN_POINT ( 'NONE',  ( -0.7182401133247918734, -2.072479592270056958, 0.05905512000000000261 ) ) ;
#919 = PLANE ( 'NONE',  #4381 ) ;
#920 = LINE ( 'NONE', #4976, #637 ) ;
#921 = DIRECTION ( 'NONE',  ( -1.000000000000000000, 0.000000000000000000, 0.000000000000000000 ) ) ;
#922 = CARTESIAN_POINT ( 'NONE',  ( 3.687994791446755246E-15, 0.000000000000000000, -5.708077732853926278 ) ) ;
#923 = ORIENTED_EDGE ( 'NONE', *, *, #1263, .F. ) ;
#924 = AXIS2_PLACEMENT_3D ( 'NONE', #992, #3366, #3765 ) ;
#925 = AXIS2_PLACEMENT_3D ( 'NONE', #3551, #705, #1954 ) ;
#926 = CARTESIAN_POINT ( 'NONE',  ( -0.4365906452614138344, -1.692217171215437466, 0.1893700799999999962 ) ) ;
#927 = DIRECTION ( 'NONE',  ( 0.6183389601406238389, -0.7859115283364991322, 0.000000000000000000 ) ) ;
#928 = DIRECTION ( 'NONE',  ( -0.000000000000000000, -0.000000000000000000, -1.000000000000000000 ) ) ;
#929 = VECTOR ( 'NONE', #3718, 39.37007874015748143 ) ;
#930 = VERTEX_POINT ( 'NONE', #869 ) ;
#931 = SURFACE_STYLE_FILL_AREA ( #2119 ) ;
#932 = VERTEX_POINT ( 'NONE', #3637 ) ;
#933 = ADVANCED_FACE ( 'NONE', ( #2126 ), #2479, .F. ) ;
#934 = CARTESIAN_POINT ( 'NONE',  ( -1.001528639949476940, -2.758543015342299842, 0.05905512000000000261 ) ) ;
#935 = DIRECTION ( 'NONE',  ( 1.000000000000000000, 0.000000000000000000, 0.000000000000000000 ) ) ;
#936 = ADVANCED_FACE ( 'NONE', ( #4522 ), #1290, .F. ) ;
#937 = ORIENTED_EDGE ( 'NONE', *, *, #2682, .T. ) ;
#938 = CARTESIAN_POINT ( 'NONE',  ( 1.169179864423789850, 1.408727311783711800, 0.05905511999999999567 ) ) ;
#939 = DIRECTION ( 'NONE',  ( 1.000000000000000000, 0.000000000000000000, 0.000000000000000000 ) ) ;
#940 = EDGE_CURVE ( 'NONE', #3136, #1181, #1790, .T. ) ;
#941 = CARTESIAN_POINT ( 'NONE',  ( 0.000000000000000000, 0.000000000000000000, 0.4355440091145874049 ) ) ;
#942 = DIRECTION ( 'NONE',  ( 1.000000000000000000, 0.000000000000000000, 0.000000000000000000 ) ) ;
#943 = AXIS2_PLACEMENT_3D ( 'NONE', #3158, #5104, #1508 ) ;
#944 = CYLINDRICAL_SURFACE ( 'NONE', #1188, 0.03499999999999976047 ) ;
#945 = DIRECTION ( 'NONE',  ( 0.000000000000000000, 0.000000000000000000, 1.000000000000000000 ) ) ;
#946 = CIRCLE ( 'NONE', #4569, 0.3711251169736393130 ) ;
#947 = CARTESIAN_POINT ( 'NONE',  ( 1.272285657976061524, -1.566562454512761438, 0.4419669546397806958 ) ) ;
#948 = DIRECTION ( 'NONE',  ( 0.000000000000000000, 0.000000000000000000, -1.000000000000000000 ) ) ;
#949 = DIRECTION ( 'NONE',  ( -0.000000000000000000, -0.000000000000000000, -1.000000000000000000 ) ) ;
#950 = ORIENTED_EDGE ( 'NONE', *, *, #4745, .T. ) ;
#951 = AXIS2_PLACEMENT_3D ( 'NONE', #158, #557, #2137 ) ;
#952 = ORIENTED_EDGE ( 'NONE', *, *, #1025, .T. ) ;
#953 = DIRECTION ( 'NONE',  ( 1.000000000000000000, 0.000000000000000000, 0.000000000000000000 ) ) ;
#954 = CARTESIAN_POINT ( 'NONE',  ( -1.902577949447439742, 1.718805732558593924, 0.000000000000000000 ) ) ;
#955 = ORIENTED_EDGE ( 'NONE', *, *, #3663, .F. ) ;
#956 = ORIENTED_EDGE ( 'NONE', *, *, #4630, .T. ) ;
#957 =( CONVERSION_BASED_UNIT ( 'INCH', #4933 ) LENGTH_UNIT ( ) NAMED_UNIT ( #4200 ) );
#958 = ORIENTED_EDGE ( 'NONE', *, *, #200, .F. ) ;
#959 = AXIS2_PLACEMENT_3D ( 'NONE', #1133, #3589, #523 ) ;
#960 = CARTESIAN_POINT ( 'NONE',  ( 1.989123946050432634, 0.9243519070212626865, 0.05905512000000000261 ) ) ;
#961 = CARTESIAN_POINT ( 'NONE',  ( 1.189063276896931587, -1.630625790990918533, 0.2285766629016595664 ) ) ;
#962 = ORIENTED_EDGE ( 'NONE', *, *, #963, .T. ) ;
#963 = EDGE_CURVE ( 'NONE', #4862, #891, #2504, .T. ) ;
#964 = CARTESIAN_POINT ( 'NONE',  ( 1.144036210588388336, 1.378432099769073327, 0.05905511999999997486 ) ) ;
#965 = DIRECTION ( 'NONE',  ( -0.000000000000000000, -0.000000000000000000, 1.000000000000000000 ) ) ;
#966 = EDGE_CURVE ( 'NONE', #930, #143, #1316, .T. ) ;
#967 = CARTESIAN_POINT ( 'NONE',  ( 1.202801748563063544, 1.213020875013703703, 0.05905511999999997486 ) ) ;
#968 = VERTEX_POINT ( 'NONE', #88 ) ;
#969 = DIRECTION ( 'NONE',  ( -0.000000000000000000, -0.000000000000000000, 1.000000000000000000 ) ) ;
#970 = DIRECTION ( 'NONE',  ( 0.000000000000000000, 0.000000000000000000, 1.000000000000000000 ) ) ;
#971 = FACE_OUTER_BOUND ( 'NONE', #5205, .T. ) ;
#972 = EDGE_CURVE ( 'NONE', #558, #777, #4220, .T. ) ;
#973 = CARTESIAN_POINT ( 'NONE',  ( 1.189024924504165526, -1.630653841792599534, 0.4209953958914152139 ) ) ;
#974 = VECTOR ( 'NONE', #2427, 39.37007874015748143 ) ;
#975 = DIRECTION ( 'NONE',  ( -1.000000000000000000, 0.000000000000000000, 0.000000000000000000 ) ) ;
#976 = FILL_AREA_STYLE ('',( #3375 ) ) ;
#977 = ORIENTED_EDGE ( 'NONE', *, *, #4489, .F. ) ;
#978 = ORIENTED_EDGE ( 'NONE', *, *, #1357, .F. ) ;
#979 = CYLINDRICAL_SURFACE ( 'NONE', #3733, 0.07950000000000007061 ) ;
#980 =( NAMED_UNIT ( * ) PLANE_ANGLE_UNIT ( ) SI_UNIT ( $, .RADIAN. ) );
#981 = CIRCLE ( 'NONE', #1671, 0.03937008000000002950 ) ;
#982 = FACE_BOUND ( 'NONE', #802, .T. ) ;
#983 = ORIENTED_EDGE ( 'NONE', *, *, #4282, .F. ) ;
#984 = EDGE_LOOP ( 'NONE', ( #1843, #4089, #1281, #3669 ) ) ;
#985 = ORIENTED_EDGE ( 'NONE', *, *, #379, .T. ) ;
#986 = DIRECTION ( 'NONE',  ( -1.000000000000000000, 0.000000000000000000, 0.000000000000000000 ) ) ;
#987 = ORIENTED_EDGE ( 'NONE', *, *, #3259, .T. ) ;
#988 = AXIS2_PLACEMENT_3D ( 'NONE', #2927, #1363, #566 ) ;
#989 = CARTESIAN_POINT ( 'NONE',  ( 1.904483997233121340, -2.420607507276417714, 0.3248031496062991907 ) ) ;
#990 = DIRECTION ( 'NONE',  ( 1.000000000000000000, 0.000000000000000000, 0.000000000000000000 ) ) ;
#991 = CIRCLE ( 'NONE', #5219, 0.03937008000000002950 ) ;
#992 = CARTESIAN_POINT ( 'NONE',  ( 1.474480238700095258, -0.9381462422080395491, 0.4355440091145874049 ) ) ;
#993 = DIRECTION ( 'NONE',  ( 1.000000000000000000, 1.776356839400250465E-15, 0.000000000000000000 ) ) ;
#994 = FACE_OUTER_BOUND ( 'NONE', #210, .T. ) ;
#995 = FILL_AREA_STYLE ('',( #3076 ) ) ;
#996 = CARTESIAN_POINT ( 'NONE',  ( 1.289554885726385214, -1.552375906977539133, 0.4335828732527036156 ) ) ;
#997 = ADVANCED_FACE ( 'NONE', ( #4156 ), #15, .F. ) ;
#998 = LINE ( 'NONE', #4193, #5112 ) ;
#999 = EDGE_LOOP ( 'NONE', ( #529, #3206, #1024, #2506 ) ) ;
#1000 = DIRECTION ( 'NONE',  ( 1.000000000000000000, 0.000000000000000000, 0.000000000000000000 ) ) ;
#1001 = CARTESIAN_POINT ( 'NONE',  ( 2.353486602211342316, -2.283751054829606275, -1.989875382711135856E-16 ) ) ;
#1002 = ORIENTED_EDGE ( 'NONE', *, *, #3711, .T. ) ;
#1003 = EDGE_CURVE ( 'NONE', #2731, #620, #337, .T. ) ;
#1004 = DIRECTION ( 'NONE',  ( -0.000000000000000000, -0.000000000000000000, -1.000000000000000000 ) ) ;
#1005 = ORIENTED_EDGE ( 'NONE', *, *, #4585, .T. ) ;
#1006 = CARTESIAN_POINT ( 'NONE',  ( 1.231009493610904615, 2.415511303806133991, 0.5905511792125984760 ) ) ;
#1007 = ORIENTED_EDGE ( 'NONE', *, *, #773, .F. ) ;
#1008 = VECTOR ( 'NONE', #2387, 39.37007874015748143 ) ;
#1009 = SURFACE_SIDE_STYLE ('',( #3759 ) ) ;
#1010 = ORIENTED_EDGE ( 'NONE', *, *, #5032, .F. ) ;
#1011 = ORIENTED_EDGE ( 'NONE', *, *, #3969, .F. ) ;
#1012 = CIRCLE ( 'NONE', #3965, 0.1267401574803148911 ) ;
#1013 = AXIS2_PLACEMENT_3D ( 'NONE', #3812, #2825, #2745 ) ;
#1014 = PLANE ( 'NONE',  #2382 ) ;
#1015 = CARTESIAN_POINT ( 'NONE',  ( 1.327040680039471399, 1.303017989562359480, 0.1893700799999999962 ) ) ;
#1016 = MECHANICAL_DESIGN_GEOMETRIC_PRESENTATION_REPRESENTATION (  '', ( #3465 ), #1707 ) ;
#1017 = COLOUR_RGB ( '',0.7921568627450980005, 0.8196078431372548767, 0.9333333333333333481 ) ;
#1018 = LINE ( 'NONE', #2584, #5072 ) ;
#1019 = CARTESIAN_POINT ( 'NONE',  ( -2.072479592269969029, 0.7182401133248325076, 0.000000000000000000 ) ) ;
#1020 = FACE_BOUND ( 'NONE', #3962, .T. ) ;
#1021 = AXIS2_PLACEMENT_3D ( 'NONE', #248, #4761, #4339 ) ;
#1022 = CARTESIAN_POINT ( 'NONE',  ( -0.1542081142617548195, -1.793781013376439804, 0.1893700799999999962 ) ) ;
#1023 = ADVANCED_FACE ( 'NONE', ( #1870, #2202, #1449, #145, #1423, #4968, #3470, #5075, #1402, #1371, #4182, #3419, #1475, #3443, #2653, #243, #4634, #1848, #3015 ), #1014, .F. ) ;
#1024 = ORIENTED_EDGE ( 'NONE', *, *, #4422, .T. ) ;
#1025 = EDGE_CURVE ( 'NONE', #724, #3541, #4238, .T. ) ;
#1026 = DIRECTION ( 'NONE',  ( 1.000000000000000000, 0.000000000000000000, 0.000000000000000000 ) ) ;
#1027 = LINE ( 'NONE', #2259, #3312 ) ;
#1028 = EDGE_CURVE ( 'NONE', #3856, #205, #4681, .T. ) ;
#1029 = DIRECTION ( 'NONE',  ( 1.000000000000000000, 8.878166116529563794E-16, 0.000000000000000000 ) ) ;
#1030 = VERTEX_POINT ( 'NONE', #3394 ) ;
#1031 = SURFACE_STYLE_USAGE ( .BOTH. , #591 ) ;
#1032 = AXIS2_PLACEMENT_3D ( 'NONE', #3716, #3744, #93 ) ;
#1033 = VERTEX_POINT ( 'NONE', #2273 ) ;
#1034 = CARTESIAN_POINT ( 'NONE',  ( 1.432427958270428903, 2.531765971032936324, 0.05905512000000000261 ) ) ;
#1035 = VECTOR ( 'NONE', #284, 39.37007874015748143 ) ;
#1036 = ORIENTED_EDGE ( 'NONE', *, *, #1801, .F. ) ;
#1037 = DIRECTION ( 'NONE',  ( -0.000000000000000000, -0.000000000000000000, -1.000000000000000000 ) ) ;
#1038 = AXIS2_PLACEMENT_3D ( 'NONE', #926, #3326, #1330 ) ;
#1039 = EDGE_CURVE ( 'NONE', #4759, #836, #3638, .T. ) ;
#1040 = CARTESIAN_POINT ( 'NONE',  ( -1.811177625312218042, -0.2947212404431331367, 0.05905511999999999567 ) ) ;
#1041 = FACE_BOUND ( 'NONE', #2277, .T. ) ;
#1042 = ORIENTED_EDGE ( 'NONE', *, *, #219, .T. ) ;
#1043 = DIRECTION ( 'NONE',  ( -1.000000000000000000, 0.000000000000000000, 0.000000000000000000 ) ) ;
#1044 = CARTESIAN_POINT ( 'NONE',  ( -0.9784828419669099331, 1.547276808562628947, 0.05905511999999999567 ) ) ;
#1045 = AXIS2_PLACEMENT_3D ( 'NONE', #446, #796, #4461 ) ;
#1046 = CARTESIAN_POINT ( 'NONE',  ( -2.415511303806090471, 0.8598843766371754294, 0.000000000000000000 ) ) ;
#1047 = SURFACE_SIDE_STYLE ('',( #1129 ) ) ;
#1049 = VERTEX_POINT ( 'NONE', #4996 ) ;
#1048 = MECHANICAL_DESIGN_GEOMETRIC_PRESENTATION_REPRESENTATION (  '', ( #3414 ), #4676 ) ;
#1050 = CIRCLE ( 'NONE', #5008, 0.3711251169736387578 ) ;
#1051 = AXIS2_PLACEMENT_3D ( 'NONE', #4378, #767, #2389 ) ;
#1052 = DIRECTION ( 'NONE',  ( 0.000000000000000000, -0.000000000000000000, -1.000000000000000000 ) ) ;
#1053 = CYLINDRICAL_SURFACE ( 'NONE', #2077, 1.708259842519683991 ) ;
#1054 = DIRECTION ( 'NONE',  ( 0.000000000000000000, 0.000000000000000000, 1.000000000000000000 ) ) ;
#1055 = EDGE_CURVE ( 'NONE', #4862, #4856, #3722, .T. ) ;
#1056 = VERTEX_POINT ( 'NONE', #3823 ) ;
#1057 = VERTEX_POINT ( 'NONE', #4609 ) ;
#1058 = CARTESIAN_POINT ( 'NONE',  ( 0.2966057773643776541, 0.01505167804208845661, 0.5905511792125984760 ) ) ;
#1059 = EDGE_LOOP ( 'NONE', ( #2360, #5162 ) ) ;
#1060 = CARTESIAN_POINT ( 'NONE',  ( 2.072479592270098259, -0.7182401133248808023, 0.5905511792125984760 ) ) ;
#1061 = EDGE_CURVE ( 'NONE', #3903, #3667, #4208, .T. ) ;
#1062 = VERTEX_POINT ( 'NONE', #2176 ) ;
#1063 = EDGE_CURVE ( 'NONE', #881, #4750, #861, .T. ) ;
#1064 = ORIENTED_EDGE ( 'NONE', *, *, #2058, .T. ) ;
#1065 = PLANE ( 'NONE',  #5133 ) ;
#1066 = CARTESIAN_POINT ( 'NONE',  ( 1.718805732558587263, 1.902577949447445738, 0.5905511792125984760 ) ) ;
#1067 = EDGE_CURVE ( 'NONE', #3356, #1242, #2603, .T. ) ;
#1068 = CARTESIAN_POINT ( 'NONE',  ( 1.591427958270429155, 2.531765971032936324, 0.5905511792125984760 ) ) ;
#1069 = ORIENTED_EDGE ( 'NONE', *, *, #2403, .T. ) ;
#1070 = EDGE_CURVE ( 'NONE', #3388, #4087, #4391, .T. ) ;
#1071 = CARTESIAN_POINT ( 'NONE',  ( 1.541640378227878916, 1.902577949447445738, 0.5905511792125984760 ) ) ;
#1072 = VECTOR ( 'NONE', #948, 39.37007874015748143 ) ;
#1073 = CARTESIAN_POINT ( 'NONE',  ( -0.8749812222671368156, 1.631458410820978866, 0.1499999999999999944 ) ) ;
#1074 = DIRECTION ( 'NONE',  ( -1.000000000000000000, 0.000000000000000000, 0.000000000000000000 ) ) ;
#1075 = EDGE_CURVE ( 'NONE', #3136, #263, #3763, .T. ) ;
#1076 = CARTESIAN_POINT ( 'NONE',  ( 3.687994791446755246E-15, 0.000000000000000000, 0.1893700799999999962 ) ) ;
#1077 = ORIENTED_EDGE ( 'NONE', *, *, #966, .T. ) ;
#1078 = VERTEX_POINT ( 'NONE', #5022 ) ;
#1079 = DIRECTION ( 'NONE',  ( -0.000000000000000000, -0.000000000000000000, -1.000000000000000000 ) ) ;
#1080 = AXIS2_PLACEMENT_3D ( 'NONE', #1933, #3871, #1906 ) ;
#1081 = DIRECTION ( 'NONE',  ( 0.7859115283364992433, 0.6183389601406238389, -6.610129349072177605E-16 ) ) ;
#1082 = ORIENTED_EDGE ( 'NONE', *, *, #1556, .T. ) ;
#1083 = CIRCLE ( 'NONE', #410, 0.03937008000000002950 ) ;
#1084 =( LENGTH_UNIT ( ) NAMED_UNIT ( * ) SI_UNIT ( $, .METRE. ) );
#1085 = EDGE_LOOP ( 'NONE', ( #1102, #5066, #4319, #4906, #3150, #281, #4777, #4094 ) ) ;
#1086 =( CONVERSION_BASED_UNIT ( 'INCH', #2669 ) LENGTH_UNIT ( ) NAMED_UNIT ( #3460 ) );
#1087 = LINE ( 'NONE', #2319, #554 ) ;
#1088 = ORIENTED_EDGE ( 'NONE', *, *, #289, .F. ) ;
#1089 = LINE ( 'NONE', #1446, #756 ) ;
#1090 = EDGE_CURVE ( 'NONE', #4040, #4136, #2244, .T. ) ;
#1091 = EDGE_CURVE ( 'NONE', #3488, #1900, #1876, .T. ) ;
#1092 = LINE ( 'NONE', #5197, #2983 ) ;
#1093 = ORIENTED_EDGE ( 'NONE', *, *, #4701, .T. ) ;
#1094 = FACE_OUTER_BOUND ( 'NONE', #4149, .T. ) ;
#1095 = DIRECTION ( 'NONE',  ( -0.000000000000000000, -0.000000000000000000, -1.000000000000000000 ) ) ;
#1096 = DIRECTION ( 'NONE',  ( 0.000000000000000000, 0.000000000000000000, 1.000000000000000000 ) ) ;
#1097 = AXIS2_PLACEMENT_3D ( 'NONE', #4452, #2105, #3689 ) ;
#1098 = DIMENSIONAL_EXPONENTS ( 1.000000000000000000, 0.000000000000000000, 0.000000000000000000, 0.000000000000000000, 0.000000000000000000, 0.000000000000000000, 0.000000000000000000 ) ;
#1099 = LINE ( 'NONE', #3948, #2116 ) ;
#1100 = COLOUR_RGB ( '',0.7921568627450980005, 0.8196078431372548767, 0.9333333333333333481 ) ;
#1101 = FACE_OUTER_BOUND ( 'NONE', #642, .T. ) ;
#1102 = ORIENTED_EDGE ( 'NONE', *, *, #2027, .F. ) ;
#1103 = COLOUR_RGB ( '',0.7921568627450980005, 0.8196078431372548767, 0.9333333333333333481 ) ;
#1104 = EDGE_CURVE ( 'NONE', #1680, #1833, #1872, .T. ) ;
#1105 = ORIENTED_EDGE ( 'NONE', *, *, #1055, .F. ) ;
#1106 = FACE_OUTER_BOUND ( 'NONE', #984, .T. ) ;
#1107 = DIRECTION ( 'NONE',  ( 0.8313955657873075555, -0.5556810354773706884, 0.000000000000000000 ) ) ;
#1108 = ORIENTED_EDGE ( 'NONE', *, *, #1237, .T. ) ;
#1109 = CIRCLE ( 'NONE', #2709, 0.03499999999999976047 ) ;
#1110 = CARTESIAN_POINT ( 'NONE',  ( 1.718805732558587263, 1.902577949447445738, 0.000000000000000000 ) ) ;
#1111 = ORIENTED_EDGE ( 'NONE', *, *, #1396, .F. ) ;
#1112 = COLOUR_RGB ( '',0.7921568627450980005, 0.8196078431372548767, 0.9333333333333333481 ) ;
#1113 = ORIENTED_EDGE ( 'NONE', *, *, #311, .F. ) ;
#1114 = AXIS2_PLACEMENT_3D ( 'NONE', #1137, #27, #3593 ) ;
#1115 = CIRCLE ( 'NONE', #3139, 1.830708659055118259 ) ;
#1116 = CARTESIAN_POINT ( 'NONE',  ( -1.275636791373742973, 2.642985047370975504, 0.05905512000000000261 ) ) ;
#1117 = AXIS2_PLACEMENT_3D ( 'NONE', #104, #2919, #2592 ) ;
#1118 = ORIENTED_EDGE ( 'NONE', *, *, #200, .T. ) ;
#1119 = FILL_AREA_STYLE ('',( #3941 ) ) ;
#1120 = AXIS2_PLACEMENT_3D ( 'NONE', #4721, #4272, #3834 ) ;
#1121 = CARTESIAN_POINT ( 'NONE',  ( -2.758543015342211913, 1.001528639949516908, 0.05905512000000000261 ) ) ;
#1122 = ORIENTED_EDGE ( 'NONE', *, *, #521, .T. ) ;
#1123 = CARTESIAN_POINT ( 'NONE',  ( -1.305102554981323992, 1.539324541589082163, 0.4209666183239197945 ) ) ;
#1124 = DIRECTION ( 'NONE',  ( -0.2715687108961418184, -0.9624190538752895874, 0.000000000000000000 ) ) ;
#1125 = DIRECTION ( 'NONE',  ( 0.000000000000000000, 0.000000000000000000, 1.000000000000000000 ) ) ;
#1126 = CARTESIAN_POINT ( 'NONE',  ( 1.292040680039471479, 1.303017989562359480, 0.1893700799999999962 ) ) ;
#1127 = ORIENTED_EDGE ( 'NONE', *, *, #3580, .F. ) ;
#1128 = AXIS2_PLACEMENT_3D ( 'NONE', #3466, #3148, #4357 ) ;
#1129 = SURFACE_STYLE_FILL_AREA ( #3904 ) ;
#1130 = VERTEX_POINT ( 'NONE', #4307 ) ;
#1131 = ADVANCED_FACE ( 'NONE', ( #4731 ), #3152, .F. ) ;
#1132 = CARTESIAN_POINT ( 'NONE',  ( -1.150535905705077466, 1.658021729417693768, 0.3248031496062991907 ) ) ;
#1133 = CARTESIAN_POINT ( 'NONE',  ( -1.791074938584856113, -0.03073221736975925711, 0.1893700799999999962 ) ) ;
#1134 = CARTESIAN_POINT ( 'NONE',  ( -1.001528639949476940, -2.758543015342299842, 0.000000000000000000 ) ) ;
#1135 = AXIS2_PLACEMENT_3D ( 'NONE', #5149, #4363, #3153 ) ;
#1136 = EDGE_LOOP ( 'NONE', ( #4184, #3000, #2590, #1418 ) ) ;
#1137 = CARTESIAN_POINT ( 'NONE',  ( -2.359986356046924527, 2.355682979450072878, 0.05905512000000000261 ) ) ;
#1138 = EDGE_CURVE ( 'NONE', #3260, #2473, #431, .T. ) ;
#1139 = CARTESIAN_POINT ( 'NONE',  ( -1.789534519195481233, -0.07007215010116131515, 0.05905511999999997486 ) ) ;
#1140 = AXIS2_PLACEMENT_3D ( 'NONE', #3754, #4173, #4952 ) ;
#1141 = VERTEX_POINT ( 'NONE', #3119 ) ;
#1142 =( NAMED_UNIT ( * ) SI_UNIT ( $, .STERADIAN. ) SOLID_ANGLE_UNIT ( ) );
#1143 = DIRECTION ( 'NONE',  ( -0.000000000000000000, -0.000000000000000000, -1.000000000000000000 ) ) ;
#1144 = DIRECTION ( 'NONE',  ( 0.7859115283364989102, 0.6183389601406241720, 0.000000000000000000 ) ) ;
#1145 = EDGE_LOOP ( 'NONE', ( #2767, #4217, #500, #253 ) ) ;
#1146 = CARTESIAN_POINT ( 'NONE',  ( -1.163696230787300889, 1.648817531603312458, 0.3855098456510015481 ) ) ;
#1147 = AXIS2_PLACEMENT_3D ( 'NONE', #2930, #1313, #890 ) ;
#1148 = CIRCLE ( 'NONE', #899, 0.1324728384239566015 ) ;
#1149 = FACE_OUTER_BOUND ( 'NONE', #4844, .T. ) ;
#1150 = DIRECTION ( 'NONE',  ( 0.000000000000000000, 0.000000000000000000, 1.000000000000000000 ) ) ;
#1151 =( GEOMETRIC_REPRESENTATION_CONTEXT ( 3 ) GLOBAL_UNCERTAINTY_ASSIGNED_CONTEXT ( ( #853 ) ) GLOBAL_UNIT_ASSIGNED_CONTEXT ( ( #1086, #3462, #3491 ) ) REPRESENTATION_CONTEXT ( 'NONE', 'WORKASPACE' ) );
#1152 = AXIS2_PLACEMENT_3D ( 'NONE', #954, #2192, #3783 ) ;
#1153 = ORIENTED_EDGE ( 'NONE', *, *, #2394, .F. ) ;
#1154 = CARTESIAN_POINT ( 'NONE',  ( -2.071435516471090033, 2.632803619927272187, 0.3248031496062991907 ) ) ;
#1155 = ORIENTED_EDGE ( 'NONE', *, *, #4703, .T. ) ;
#1156 = LINE ( 'NONE', #2790, #1008 ) ;
#1157 = EDGE_CURVE ( 'NONE', #4641, #2129, #3129, .T. ) ;
#1158 = DIRECTION ( 'NONE',  ( -0.7859115283364991322, -0.6183389601406238389, 0.000000000000000000 ) ) ;
#1159 = EDGE_CURVE ( 'NONE', #911, #4604, #879, .T. ) ;
#1160 = ADVANCED_FACE ( 'NONE', ( #2322 ), #294, .F. ) ;
#1161 = DIRECTION ( 'NONE',  ( 1.000000000000000000, 0.000000000000000000, 0.000000000000000000 ) ) ;
#1162 = ORIENTED_EDGE ( 'NONE', *, *, #5034, .F. ) ;
#1163 = FILL_AREA_STYLE ('',( #2002 ) ) ;
#1164 = DIRECTION ( 'NONE',  ( 1.000000000000000000, 1.776220359317844397E-15, 0.000000000000000000 ) ) ;
#1165 = EDGE_CURVE ( 'NONE', #1197, #655, #4153, .T. ) ;
#1166 = CIRCLE ( 'NONE', #3781, 0.2952755905511810774 ) ;
#1167 = AXIS2_PLACEMENT_3D ( 'NONE', #2186, #3324, #1413 ) ;
#1168 = FACE_BOUND ( 'NONE', #3591, .T. ) ;
#1169 = ORIENTED_EDGE ( 'NONE', *, *, #4600, .F. ) ;
#1170 = LINE ( 'NONE', #1257, #4970 ) ;
#1171 = EDGE_CURVE ( 'NONE', #1302, #1180, #2007, .T. ) ;
#1172 = FILL_AREA_STYLE ('',( #5196 ) ) ;
#1173 = DIRECTION ( 'NONE',  ( 1.000000000000000000, 0.000000000000000000, -0.000000000000000000 ) ) ;
#1174 = CARTESIAN_POINT ( 'NONE',  ( -1.328724298759015099, 1.518973335839981731, 0.3854205350005794894 ) ) ;
#1175 = DIRECTION ( 'NONE',  ( -1.000000000000000000, 0.000000000000000000, 0.000000000000000000 ) ) ;
#1176 = AXIS2_PLACEMENT_3D ( 'NONE', #2432, #4783, #1607 ) ;
#1177 = AXIS2_PLACEMENT_3D ( 'NONE', #3796, #3444, #4682 ) ;
#1178 = CYLINDRICAL_SURFACE ( 'NONE', #4358, 0.03499999999999976047 ) ;
#1179 = CIRCLE ( 'NONE', #247, 0.1324728384239566015 ) ;
#1180 = VERTEX_POINT ( 'NONE', #270 ) ;
#1181 = VERTEX_POINT ( 'NONE', #4807 ) ;
#1182 = DIRECTION ( 'NONE',  ( -1.000000000000000000, 0.000000000000000000, 0.000000000000000000 ) ) ;
#1183 = ORIENTED_EDGE ( 'NONE', *, *, #3314, .T. ) ;
#1184 = CYLINDRICAL_SURFACE ( 'NONE', #3286, 0.03937008000000002950 ) ;
#1185 = CARTESIAN_POINT ( 'NONE',  ( -0.9296010403966383784, 1.541840579355554519, 0.5084752992119263570 ) ) ;
#1186 = ORIENTED_EDGE ( 'NONE', *, *, #4991, .F. ) ;
#1187 = CARTESIAN_POINT ( 'NONE',  ( 2.018110236220476139, 0.000000000000000000, 0.1893700799999998019 ) ) ;
#1188 = AXIS2_PLACEMENT_3D ( 'NONE', #2230, #225, #2251 ) ;
#1189 = ORIENTED_EDGE ( 'NONE', *, *, #3775, .F. ) ;
#1190 = CARTESIAN_POINT ( 'NONE',  ( -2.758543015342211913, 1.001528639949516908, 0.000000000000000000 ) ) ;
#1191 = EDGE_CURVE ( 'NONE', #4146, #3163, #786, .T. ) ;
#1192 = VECTOR ( 'NONE', #218, 39.37007874015748143 ) ;
#1193 = B_SPLINE_CURVE_WITH_KNOTS ( 'NONE', 3,
 ( #1203, #4810, #4417, #1603, #403, #1554, #1174, #3211, #4337, #4000, #1123, #4760, #297, #350, #2778, #3124, #5174, #2707, #3524, #322, #1952, #2009, #2732, #729, #3601, #2354, #807, #1146, #2428, #4310, #5129, #4030, #1507, #3099 ),
 .UNSPECIFIED., .F., .F.,
 ( 4, 2, 2, 2, 2, 2, 2, 2, 2, 2, 2, 2, 2, 2, 2, 2, 4 ),
 ( 0.000000000000000000, 0.0006006877952798108950, 0.001201375590559621790, 0.001802063385839432685, 0.002402751181119243580, 0.003003438976399054692, 0.003604126771678865370, 0.004204814566958676482, 0.004805502362238487160, 0.005406190157518313451, 0.006006877952798141476, 0.006607565748077967767, 0.007208253543357794925, 0.007808941338637621216, 0.008409629133917448374, 0.009010316929197275532, 0.009611004724477102690 ),
 .UNSPECIFIED. ) ;
#1194 = CARTESIAN_POINT ( 'NONE',  ( -1.170856311003084960, 1.643740866250603672, 0.2509785824970096058 ) ) ;
#1195 = DIMENSIONAL_EXPONENTS ( 1.000000000000000000, 0.000000000000000000, 0.000000000000000000, 0.000000000000000000, 0.000000000000000000, 0.000000000000000000, 0.000000000000000000 ) ;
#1196 = AXIS2_PLACEMENT_3D ( 'NONE', #4312, #1555, #3504 ) ;
#1197 = VERTEX_POINT ( 'NONE', #1574 ) ;
#1198 = DIRECTION ( 'NONE',  ( 0.000000000000000000, 0.000000000000000000, 1.000000000000000000 ) ) ;
#1199 = EDGE_CURVE ( 'NONE', #2600, #2690, #3736, .T. ) ;
#1200 = DIRECTION ( 'NONE',  ( 1.000000000000000000, 0.000000000000000000, 0.000000000000000000 ) ) ;
#1201 = DIRECTION ( 'NONE',  ( -0.6183389601406237279, 0.7859115283364991322, -0.000000000000000000 ) ) ;
#1202 = EDGE_CURVE ( 'NONE', #1957, #420, #671, .T. ) ;
#1203 = CARTESIAN_POINT ( 'NONE',  ( -1.340726495562510223, 1.508383701063662485, 0.3248031496062991907 ) ) ;
#1204 = CIRCLE ( 'NONE', #442, 0.1405570000000000153 ) ;
#1205 = ADVANCED_FACE ( 'NONE', ( #2977 ), #3808, .F. ) ;
#1206 = ORIENTED_EDGE ( 'NONE', *, *, #768, .T. ) ;
#1207 = CARTESIAN_POINT ( 'NONE',  ( -2.197853539998620764, 1.718805732558593924, 0.05905512000000000261 ) ) ;
#1208 = CARTESIAN_POINT ( 'NONE',  ( -1.536160299544337970, -1.308808794148972998, 0.4921259842519689620 ) ) ;
#1209 = AXIS2_PLACEMENT_3D ( 'NONE', #3914, #2376, #698 ) ;
#1210 = EDGE_LOOP ( 'NONE', ( #2786, #2491 ) ) ;
#1211 = CARTESIAN_POINT ( 'NONE',  ( -1.830708659055118037, 2.185864326882349121E-15, 0.1893700799999999962 ) ) ;
#1212 = PRESENTATION_STYLE_ASSIGNMENT (( #4038 ) ) ;
#1213 = VERTEX_POINT ( 'NONE', #105 ) ;
#1214 = CARTESIAN_POINT ( 'NONE',  ( -1.099994349197482402, 2.316054496710660882, 0.05905512000000000261 ) ) ;
#1215 = ORIENTED_EDGE ( 'NONE', *, *, #1494, .F. ) ;
#1216 = DIRECTION ( 'NONE',  ( 1.000000000000000000, 0.000000000000000000, 0.000000000000000000 ) ) ;
#1217 = DIRECTION ( 'NONE',  ( -0.7859115283364991322, -0.6183389601406238389, 0.000000000000000000 ) ) ;
#1218 = AXIS2_PLACEMENT_3D ( 'NONE', #2182, #4944, #4531 ) ;
#1219 = FACE_OUTER_BOUND ( 'NONE', #2243, .T. ) ;
#1220 = DIRECTION ( 'NONE',  ( 0.000000000000000000, 0.000000000000000000, 1.000000000000000000 ) ) ;
#1221 = UNCERTAINTY_MEASURE_WITH_UNIT (LENGTH_MEASURE( 1.000000000000000082E-05 ), #190, 'distance_accuracy_value', 'NONE');
#1222 = ORIENTED_EDGE ( 'NONE', *, *, #382, .F. ) ;
#1223 = DIRECTION ( 'NONE',  ( -0.3459920241377026917, 0.9382374535441948549, 0.000000000000000000 ) ) ;
#1224 = EDGE_CURVE ( 'NONE', #2412, #2317, #271, .T. ) ;
#1225 = CARTESIAN_POINT ( 'NONE',  ( -1.260243507589413170, 1.576266164376861179, 0.2045769503944394885 ) ) ;
#1226 = AXIS2_PLACEMENT_3D ( 'NONE', #3844, #220, #5049 ) ;
#1227 = VERTEX_POINT ( 'NONE', #4566 ) ;
#1228 = SURFACE_STYLE_FILL_AREA ( #344 ) ;
#1229 = AXIS2_PLACEMENT_3D ( 'NONE', #4494, #4416, #889 ) ;
#1230 = CARTESIAN_POINT ( 'NONE',  ( 0.7182401133249227687, 2.072479592270012105, 0.5905511792125984760 ) ) ;
#1231 = CARTESIAN_POINT ( 'NONE',  ( -1.944929379736978214, -1.099994349197570775, 0.000000000000000000 ) ) ;
#1232 = CARTESIAN_POINT ( 'NONE',  ( 0.2966057773643776541, 0.01505167804208845661, 0.5905511792125984760 ) ) ;
#1233 = EDGE_CURVE ( 'NONE', #5179, #5137, #191, .T. ) ;
#1234 = EDGE_LOOP ( 'NONE', ( #1266, #18, #4675, #3792 ) ) ;
#1235 = CARTESIAN_POINT ( 'NONE',  ( -1.960970149782696792, 2.719715489147758181, 0.3248031496062991907 ) ) ;
#1236 = LINE ( 'NONE', #435, #4796 ) ;
#1237 = EDGE_CURVE ( 'NONE', #1049, #3461, #3327, .T. ) ;
#1238 = DIRECTION ( 'NONE',  ( 0.000000000000000000, 0.000000000000000000, 1.000000000000000000 ) ) ;
#1239 = PRESENTATION_LAYER_ASSIGNMENT (  '', '', ( #4684 ) ) ;
#1240 = LENGTH_MEASURE_WITH_UNIT ( LENGTH_MEASURE( 0.02539999999999999897 ), #2358 );
#1241 = COLOUR_RGB ( '',0.7921568627450980005, 0.8196078431372548767, 0.9333333333333333481 ) ;
#1242 = VERTEX_POINT ( 'NONE', #1416 ) ;
#1243 = VERTEX_POINT ( 'NONE', #1230 ) ;
#1244 = SURFACE_STYLE_FILL_AREA ( #3453 ) ;
#1245 = ORIENTED_EDGE ( 'NONE', *, *, #1199, .F. ) ;
#1246 = AXIS2_PLACEMENT_3D ( 'NONE', #1637, #835, #2454 ) ;
#1247 = CARTESIAN_POINT ( 'NONE',  ( 1.474480238700095258, -0.9381462422080395491, 0.4355440091145874049 ) ) ;
#1248 = CARTESIAN_POINT ( 'NONE',  ( -1.758540622567402734, 2.878982860660941778, 0.05905512000000000261 ) ) ;
#1249 = DIRECTION ( 'NONE',  ( -0.000000000000000000, -0.000000000000000000, 1.000000000000000000 ) ) ;
#1250 = DIRECTION ( 'NONE',  ( -1.000000000000000000, 0.000000000000000000, 0.000000000000000000 ) ) ;
#1251 = ORIENTED_EDGE ( 'NONE', *, *, #3157, .T. ) ;
#1252 = DIRECTION ( 'NONE',  ( 0.000000000000000000, 0.000000000000000000, 1.000000000000000000 ) ) ;
#1253 = VECTOR ( 'NONE', #3406, 39.37007874015748143 ) ;
#1254 = APPLICATION_CONTEXT ( 'automotive_design' ) ;
#1255 = DIRECTION ( 'NONE',  ( -1.000000000000000000, 0.000000000000000000, 0.000000000000000000 ) ) ;
#1256 = ORIENTED_EDGE ( 'NONE', *, *, #3023, .T. ) ;
#1257 = CARTESIAN_POINT ( 'NONE',  ( 1.525337588753718610, -0.7690883758713079610, 0.4355440091145874049 ) ) ;
#1258 = FACE_OUTER_BOUND ( 'NONE', #3519, .T. ) ;
#1259 = EDGE_CURVE ( 'NONE', #4343, #2103, #4196, .T. ) ;
#1260 = CARTESIAN_POINT ( 'NONE',  ( -0.1178572414317396733, -1.826911017258772141, 0.1499999999999999944 ) ) ;
#1261 = CARTESIAN_POINT ( 'NONE',  ( 2.072479592270098259, -0.7182401133248808023, 0.05905512000000000261 ) ) ;
#1262 = COLOUR_RGB ( '',0.7921568627450980005, 0.8196078431372548767, 0.9333333333333333481 ) ;
#1263 = EDGE_CURVE ( 'NONE', #3388, #2876, #184, .T. ) ;
#1264 = ORIENTED_EDGE ( 'NONE', *, *, #1300, .F. ) ;
#1265 = CARTESIAN_POINT ( 'NONE',  ( 1.257040680039471781, 1.303017989562359480, 0.05905511999999999567 ) ) ;
#1266 = ORIENTED_EDGE ( 'NONE', *, *, #2210, .F. ) ;
#1267 = AXIS2_PLACEMENT_3D ( 'NONE', #989, #4965, #4938 ) ;
#1268 = DIRECTION ( 'NONE',  ( -1.000000000000000000, 0.000000000000000000, 0.000000000000000000 ) ) ;
#1269 = LINE ( 'NONE', #95, #4549 ) ;
#1270 = FACE_OUTER_BOUND ( 'NONE', #366, .T. ) ;
#1271 = CIRCLE ( 'NONE', #3961, 1.708259842519683991 ) ;
#1272 = CARTESIAN_POINT ( 'NONE',  ( 1.183406290588388421, 1.378432099769073327, 0.1893700799999999962 ) ) ;
#1273 = CYLINDRICAL_SURFACE ( 'NONE', #735, 0.2952755905511810774 ) ;
#1274 = PRESENTATION_LAYER_ASSIGNMENT (  '', '', ( #79 ) ) ;
#1275 = UNCERTAINTY_MEASURE_WITH_UNIT (LENGTH_MEASURE( 1.000000000000000082E-05 ), #2739, 'distance_accuracy_value', 'NONE');
#1276 = VERTEX_POINT ( 'NONE', #559 ) ;
#1277 = VECTOR ( 'NONE', #3710, 39.37007874015748143 ) ;
#1278 = CARTESIAN_POINT ( 'NONE',  ( -0.3143881098391095308, -1.813606154621390409, 0.05905511999999999567 ) ) ;
#1279 = VECTOR ( 'NONE', #4329, 39.37007874015748143 ) ;
#1280 = AXIS2_PLACEMENT_3D ( 'NONE', #1154, #3927, #2308 ) ;
#1281 = ORIENTED_EDGE ( 'NONE', *, *, #668, .F. ) ;
#1282 = PRESENTATION_STYLE_ASSIGNMENT (( #4575 ) ) ;
#1283 = AXIS2_PLACEMENT_3D ( 'NONE', #4294, #3137, #3480 ) ;
#1284 = LINE ( 'NONE', #2856, #1486 ) ;
#1285 = AXIS2_PLACEMENT_3D ( 'NONE', #4736, #3919, #275 ) ;
#1286 = CARTESIAN_POINT ( 'NONE',  ( 1.318225162774576908, -1.528097692643476391, 0.2448072776764181890 ) ) ;
#1287 = EDGE_LOOP ( 'NONE', ( #1111, #2107, #3123, #3061 ) ) ;
#1288 = DIRECTION ( 'NONE',  ( 1.000000000000000000, 0.000000000000000000, 0.000000000000000000 ) ) ;
#1289 = AXIS2_PLACEMENT_3D ( 'NONE', #619, #5042, #449 ) ;
#1290 = CYLINDRICAL_SURFACE ( 'NONE', #1097, 0.3711251169736392019 ) ;
#1291 = FACE_OUTER_BOUND ( 'NONE', #4535, .T. ) ;
#1292 = ORIENTED_EDGE ( 'NONE', *, *, #3786, .F. ) ;
#1293 = VECTOR ( 'NONE', #4076, 39.37007874015748143 ) ;
#1294 = CARTESIAN_POINT ( 'NONE',  ( 0.8598843766372653574, 2.415511303806133991, 0.5905511792125984760 ) ) ;
#1295 = DIRECTION ( 'NONE',  ( -0.3459920241377026917, 0.9382374535441948549, 0.000000000000000000 ) ) ;
#1296 = CARTESIAN_POINT ( 'NONE',  ( 1.638506277379062404, -0.8261490053188953464, 0.5084752992119263570 ) ) ;
#1297 = ORIENTED_EDGE ( 'NONE', *, *, #3202, .T. ) ;
#1298 = VECTOR ( 'NONE', #2191, 39.37007874015748143 ) ;
#1299 = CARTESIAN_POINT ( 'NONE',  ( 1.169179864423789850, 1.408727311783711800, 0.1893700799999999962 ) ) ;
#1300 = EDGE_CURVE ( 'NONE', #789, #3441, #4406, .T. ) ;
#1301 = DIRECTION ( 'NONE',  ( -0.000000000000000000, -0.000000000000000000, -1.000000000000000000 ) ) ;
#1302 = VERTEX_POINT ( 'NONE', #4415 ) ;
#1303 = EDGE_CURVE ( 'NONE', #3619, #1141, #4659, .T. ) ;
#1304 = CIRCLE ( 'NONE', #2166, 1.830708659055118259 ) ;
#1305 = EDGE_CURVE ( 'NONE', #1180, #4063, #5076, .T. ) ;
#1306 = CARTESIAN_POINT ( 'NONE',  ( -1.686082836507389660, -0.2743653731806722229, 0.4021517704780935287 ) ) ;
#1307 = CIRCLE ( 'NONE', #1218, 0.03499999999999976047 ) ;
#1308 = EDGE_LOOP ( 'NONE', ( #4083, #2241, #2947, #4143 ) ) ;
#1309 = CARTESIAN_POINT ( 'NONE',  ( -1.705012849733769320, -0.1052752193448445034, 0.05905511999999997486 ) ) ;
#1310 = EDGE_CURVE ( 'NONE', #3437, #1604, #533, .T. ) ;
#1311 = CARTESIAN_POINT ( 'NONE',  ( -1.536160299544338192, -1.308808794148972998, 0.5905511792125984760 ) ) ;
#1312 = ORIENTED_EDGE ( 'NONE', *, *, #4830, .F. ) ;
#1313 = DIRECTION ( 'NONE',  ( 0.000000000000000000, 0.000000000000000000, 1.000000000000000000 ) ) ;
#1314 = CARTESIAN_POINT ( 'NONE',  ( -0.3438362936472181275, -0.2705232950615226728, 0.05905512000000000261 ) ) ;
#1315 = CIRCLE ( 'NONE', #4921, 3.250000000000000000 ) ;
#1316 = LINE ( 'NONE', #488, #1277 ) ;
#1317 = LINE ( 'NONE', #2908, #609 ) ;
#1318 = ORIENTED_EDGE ( 'NONE', *, *, #750, .T. ) ;
#1319 = CARTESIAN_POINT ( 'NONE',  ( -1.432427958270385160, -2.531765971032975404, 0.000000000000000000 ) ) ;
#1320 = DIRECTION ( 'NONE',  ( -0.000000000000000000, -0.000000000000000000, 1.000000000000000000 ) ) ;
#1321 = DIRECTION ( 'NONE',  ( 0.9382374535441949659, 0.3459920241377027472, 0.000000000000000000 ) ) ;
#1322 = CARTESIAN_POINT ( 'NONE',  ( 1.216923480903072452, -1.609944013792993234, 0.4395864176642478305 ) ) ;
#1323 = CIRCLE ( 'NONE', #2072, 0.3711251169736392019 ) ;
#1324 = AXIS2_PLACEMENT_3D ( 'NONE', #2012, #3662, #1175 ) ;
#1325 = DIRECTION ( 'NONE',  ( 0.000000000000000000, 0.000000000000000000, -1.000000000000000000 ) ) ;
#1326 = DIRECTION ( 'NONE',  ( -0.7859115283364993543, -0.6183389601406237279, 0.000000000000000000 ) ) ;
#1327 = EDGE_LOOP ( 'NONE', ( #3085, #866, #2701, #1891 ) ) ;
#1328 = ADVANCED_FACE ( 'NONE', ( #1784 ), #1390, .T. ) ;
#1329 = EDGE_LOOP ( 'NONE', ( #4160, #718, #4270, #4818 ) ) ;
#1330 = DIRECTION ( 'NONE',  ( -1.000000000000000000, 0.000000000000000000, 0.000000000000000000 ) ) ;
#1331 = EDGE_CURVE ( 'NONE', #2798, #638, #1861, .T. ) ;
#1332 = PRESENTATION_LAYER_ASSIGNMENT (  '', '', ( #2508 ) ) ;
#1333 = CARTESIAN_POINT ( 'NONE',  ( -1.511927958270385286, -2.531765971032975404, 0.05905512000000000261 ) ) ;
#1334 = AXIS2_PLACEMENT_3D ( 'NONE', #2619, #3410, #501 ) ;
#1335 = ORIENTED_EDGE ( 'NONE', *, *, #4923, .T. ) ;
#1336 = ADVANCED_FACE ( 'NONE', ( #4645 ), #1053, .F. ) ;
#1337 = CYLINDRICAL_SURFACE ( 'NONE', #988, 0.03499999999999976047 ) ;
#1338 = CARTESIAN_POINT ( 'NONE',  ( 1.217053735489351141, -1.609845592239887324, 0.2099640104261816242 ) ) ;
#1339 = ORIENTED_EDGE ( 'NONE', *, *, #2773, .F. ) ;
#1340 = ORIENTED_EDGE ( 'NONE', *, *, #1511, .T. ) ;
#1341 = CARTESIAN_POINT ( 'NONE',  ( -2.316054496710616917, -1.099994349197570775, 0.000000000000000000 ) ) ;
#1342 = DIRECTION ( 'NONE',  ( 0.000000000000000000, 0.000000000000000000, -1.000000000000000000 ) ) ;
#1343 = DIRECTION ( 'NONE',  ( -1.000000000000000000, 0.000000000000000000, 0.000000000000000000 ) ) ;
#1344 = ORIENTED_EDGE ( 'NONE', *, *, #382, .T. ) ;
#1345 = LINE ( 'NONE', #3018, #1720 ) ;
#1346 = STYLED_ITEM ( 'NONE', ( #1432 ), #747 ) ;
#1347 = LINE ( 'NONE', #2911, #4139 ) ;
#1348 = CARTESIAN_POINT ( 'NONE',  ( 1.904483997233121340, -2.420607507276417714, 0.4458031496062992427 ) ) ;
#1349 = CARTESIAN_POINT ( 'NONE',  ( 1.254072867219380161, -1.581181172696946913, 0.4458096283708127272 ) ) ;
#1350 = DIRECTION ( 'NONE',  ( 0.000000000000000000, 0.000000000000000000, 1.000000000000000000 ) ) ;
#1351 = FACE_OUTER_BOUND ( 'NONE', #3282, .T. ) ;
#1352 = ORIENTED_EDGE ( 'NONE', *, *, #1091, .F. ) ;
#1353 = CIRCLE ( 'NONE', #2045, 1.921313263826067486 ) ;
#1354 = SURFACE_STYLE_USAGE ( .BOTH. , #4596 ) ;
#1355 = VECTOR ( 'NONE', #1871, 39.37007874015748143 ) ;
#1356 = DIRECTION ( 'NONE',  ( 0.000000000000000000, 0.000000000000000000, -1.000000000000000000 ) ) ;
#1357 = EDGE_CURVE ( 'NONE', #4536, #1276, #3907, .T. ) ;
#1358 = ORIENTED_EDGE ( 'NONE', *, *, #2528, .T. ) ;
#1359 = ORIENTED_EDGE ( 'NONE', *, *, #1880, .T. ) ;
#1360 = EDGE_CURVE ( 'NONE', #3512, #2774, #3029, .T. ) ;
#1361 = DIRECTION ( 'NONE',  ( -1.000000000000000000, 0.000000000000000000, 0.000000000000000000 ) ) ;
#1362 = ORIENTED_EDGE ( 'NONE', *, *, #622, .T. ) ;
#1363 = DIRECTION ( 'NONE',  ( -0.000000000000000000, -0.000000000000000000, 1.000000000000000000 ) ) ;
#1364 = EDGE_CURVE ( 'NONE', #4955, #4641, #2312, .T. ) ;
#1365 = AXIS2_PLACEMENT_3D ( 'NONE', #1775, #1404, #3471 ) ;
#1366 = CARTESIAN_POINT ( 'NONE',  ( 1.155612294629145831, -1.654490374417093346, 0.2858317960205413177 ) ) ;
#1367 = VERTEX_POINT ( 'NONE', #3055 ) ;
#1368 = ADVANCED_FACE ( 'NONE', ( #3930, #3434 ), #1939, .F. ) ;
#1369 = AXIS2_PLACEMENT_3D ( 'NONE', #3668, #2529, #37 ) ;
#1370 = DIRECTION ( 'NONE',  ( 1.000000000000000000, 0.000000000000000000, 0.000000000000000000 ) ) ;
#1371 = FACE_BOUND ( 'NONE', #2196, .T. ) ;
#1372 = STYLED_ITEM ( 'NONE', ( #1282 ), #2929 ) ;
#1373 = EDGE_CURVE ( 'NONE', #3905, #3260, #2692, .T. ) ;
#1374 = CARTESIAN_POINT ( 'NONE',  ( -0.5827006698115142491, 1.693916714071983964, 0.1499999999999999944 ) ) ;
#1375 = EDGE_CURVE ( 'NONE', #1056, #2408, #360, .T. ) ;
#1376 = ORIENTED_EDGE ( 'NONE', *, *, #1157, .F. ) ;
#1377 = LINE ( 'NONE', #2967, #4479 ) ;
#1378 = CIRCLE ( 'NONE', #4482, 0.03499999999999976047 ) ;
#1379 = SURFACE_SIDE_STYLE ('',( #4974 ) ) ;
#1380 = CIRCLE ( 'NONE', #4311, 0.03937008000000002950 ) ;
#1381 = DIRECTION ( 'NONE',  ( -0.000000000000000000, -0.000000000000000000, -1.000000000000000000 ) ) ;
#1382 = EDGE_CURVE ( 'NONE', #1687, #545, #1027, .T. ) ;
#1383 = DIMENSIONAL_EXPONENTS ( 1.000000000000000000, 0.000000000000000000, 0.000000000000000000, 0.000000000000000000, 0.000000000000000000, 0.000000000000000000, 0.000000000000000000 ) ;
#1384 = CARTESIAN_POINT ( 'NONE',  ( 0.2966057773643776541, 0.01505167804208845661, 0.5905511792125984760 ) ) ;
#1385 = SURFACE_STYLE_USAGE ( .BOTH. , #4592 ) ;
#1386 = ORIENTED_EDGE ( 'NONE', *, *, #3450, .F. ) ;
#1387 = CIRCLE ( 'NONE', #2819, 0.07950000000000007061 ) ;
#1388 = ORIENTED_EDGE ( 'NONE', *, *, #4086, .T. ) ;
#1389 = DIRECTION ( 'NONE',  ( -1.716235376427243464E-17, 2.181342685193818104E-17, 1.000000000000000000 ) ) ;
#1390 = PLANE ( 'NONE',  #3235 ) ;
#1391 = DIRECTION ( 'NONE',  ( 0.000000000000000000, 0.000000000000000000, -1.000000000000000000 ) ) ;
#1392 = ORIENTED_EDGE ( 'NONE', *, *, #3775, .T. ) ;
#1393 = AXIS2_PLACEMENT_3D ( 'NONE', #1563, #2441, #2084 ) ;
#1394 = FACE_OUTER_BOUND ( 'NONE', #741, .T. ) ;
#1395 = ORIENTED_EDGE ( 'NONE', *, *, #3939, .T. ) ;
#1396 = EDGE_CURVE ( 'NONE', #3702, #4581, #1913, .T. ) ;
#1397 = CARTESIAN_POINT ( 'NONE',  ( 1.673506277379085194, -0.8261490053189098903, 0.05905511999999999567 ) ) ;
#1398 = CIRCLE ( 'NONE', #2488, 0.1771653543307085410 ) ;
#1399 = VERTEX_POINT ( 'NONE', #4693 ) ;
#1400 = CARTESIAN_POINT ( 'NONE',  ( -1.734196568239549041, 2.848041460917411172, 0.5905511792125984760 ) ) ;
#1401 = CIRCLE ( 'NONE', #372, 1.830708659055118259 ) ;
#1402 = FACE_OUTER_BOUND ( 'NONE', #168, .T. ) ;
#1403 = ADVANCED_FACE ( 'NONE', ( #2666 ), #2235, .F. ) ;
#1404 = DIRECTION ( 'NONE',  ( 0.000000000000000000, 0.000000000000000000, -1.000000000000000000 ) ) ;
#1405 = CARTESIAN_POINT ( 'NONE',  ( 2.390927755790455578, -2.331338925122219852, 0.5905511792125984760 ) ) ;
#1406 =( LENGTH_UNIT ( ) NAMED_UNIT ( * ) SI_UNIT ( $, .METRE. ) );
#1407 = DIRECTION ( 'NONE',  ( -0.000000000000000000, -0.000000000000000000, 1.000000000000000000 ) ) ;
#1408 = EDGE_CURVE ( 'NONE', #5220, #696, #2397, .T. ) ;
#1409 = CARTESIAN_POINT ( 'NONE',  ( 1.340726495562512666, -1.508383701063666260, 0.3248031496062991907 ) ) ;
#1410 = DIRECTION ( 'NONE',  ( -0.6183389601406238389, 0.7859115283364992433, -0.000000000000000000 ) ) ;
#1412 = ORIENTED_EDGE ( 'NONE', *, *, #2178, .T. ) ;
#1411 = AXIS2_PLACEMENT_3D ( 'NONE', #2117, #1706, #3303 ) ;
#1413 = DIRECTION ( 'NONE',  ( 1.000000000000000000, 0.000000000000000000, 0.000000000000000000 ) ) ;
#1414 = VERTEX_POINT ( 'NONE', #2638 ) ;
#1415 = CARTESIAN_POINT ( 'NONE',  ( 1.034602218854114537E-15, -1.950194386052183703E-15, 0.1893700799999999962 ) ) ;
#1416 = CARTESIAN_POINT ( 'NONE',  ( -1.703255168496018213, 2.872385515245265086, 0.5905511792125984760 ) ) ;
#1417 = FACE_OUTER_BOUND ( 'NONE', #4998, .T. ) ;
#1418 = ORIENTED_EDGE ( 'NONE', *, *, #4863, .T. ) ;
#1419 = ORIENTED_EDGE ( 'NONE', *, *, #3354, .F. ) ;
#1420 = FACE_OUTER_BOUND ( 'NONE', #3454, .T. ) ;
#1421 = EDGE_LOOP ( 'NONE', ( #2926, #406 ) ) ;
#1422 = SURFACE_SIDE_STYLE ('',( #241 ) ) ;
#1423 = FACE_BOUND ( 'NONE', #2839, .T. ) ;
#1424 = VECTOR ( 'NONE', #1534, 39.37007874015748143 ) ;
#1425 = DIRECTION ( 'NONE',  ( -0.000000000000000000, -0.000000000000000000, 1.000000000000000000 ) ) ;
#1426 = ADVANCED_FACE ( 'NONE', ( #3534 ), #3003, .F. ) ;
#1427 = ORIENTED_EDGE ( 'NONE', *, *, #1305, .T. ) ;
#1428 = EDGE_CURVE ( 'NONE', #836, #4759, #365, .T. ) ;
#1429 = DIRECTION ( 'NONE',  ( -0.000000000000000000, -0.000000000000000000, 1.000000000000000000 ) ) ;
#1430 = EDGE_CURVE ( 'NONE', #3926, #3246, #4158, .T. ) ;
#1431 = LINE ( 'NONE', #4615, #2061 ) ;
#1432 = PRESENTATION_STYLE_ASSIGNMENT (( #3848 ) ) ;
#1433 = AXIS2_PLACEMENT_3D ( 'NONE', #2613, #180, #4169 ) ;
#1434 = DIRECTION ( 'NONE',  ( 1.000000000000000000, 0.000000000000000000, 0.000000000000000000 ) ) ;
#1435 = ORIENTED_EDGE ( 'NONE', *, *, #2151, .F. ) ;
#1436 = CARTESIAN_POINT ( 'NONE',  ( -2.452265971032928871, 1.511927958270396388, 0.000000000000000000 ) ) ;
#1437 = DIRECTION ( 'NONE',  ( 1.000000000000000000, 0.000000000000000000, 0.000000000000000000 ) ) ;
#1438 = EDGE_LOOP ( 'NONE', ( #2417, #358 ) ) ;
#1439 = CARTESIAN_POINT ( 'NONE',  ( 0.2966057773643776541, 0.01505167804208845661, 0.05905512000000000261 ) ) ;
#1440 = ORIENTED_EDGE ( 'NONE', *, *, #4543, .F. ) ;
#1441 = CARTESIAN_POINT ( 'NONE',  ( 1.099994349197612298, -2.316054496710705735, 0.05905512000000000261 ) ) ;
#1442 = AXIS2_PLACEMENT_3D ( 'NONE', #4164, #2561, #550 ) ;
#1443 = DIRECTION ( 'NONE',  ( 0.000000000000000000, 0.000000000000000000, -1.000000000000000000 ) ) ;
#1444 = ORIENTED_EDGE ( 'NONE', *, *, #4833, .T. ) ;
#1445 = VECTOR ( 'NONE', #1700, 39.37007874015748143 ) ;
#1446 = CARTESIAN_POINT ( 'NONE',  ( -0.4744811604060082399, -1.681525489341959334, 0.000000000000000000 ) ) ;
#1447 = DIMENSIONAL_EXPONENTS ( 1.000000000000000000, 0.000000000000000000, 0.000000000000000000, 0.000000000000000000, 0.000000000000000000, 0.000000000000000000, 0.000000000000000000 ) ;
#1448 = AXIS2_PLACEMENT_3D ( 'NONE', #3062, #211, #1892 ) ;
#1449 = FACE_BOUND ( 'NONE', #296, .T. ) ;
#1450 = DIRECTION ( 'NONE',  ( 1.000000000000000000, 0.000000000000000000, 0.000000000000000000 ) ) ;
#1451 = STYLED_ITEM ( 'NONE', ( #115 ), #908 ) ;
#1452 = EDGE_LOOP ( 'NONE', ( #1292, #3060, #870, #339 ) ) ;
#1453 = DIRECTION ( 'NONE',  ( -0.000000000000000000, -0.000000000000000000, 1.000000000000000000 ) ) ;
#1454 = LENGTH_MEASURE_WITH_UNIT ( LENGTH_MEASURE( 0.02539999999999999897 ), #3019 );
#1455 = VECTOR ( 'NONE', #4280, 39.37007874015748854 ) ;
#1456 =( NAMED_UNIT ( * ) SI_UNIT ( $, .STERADIAN. ) SOLID_ANGLE_UNIT ( ) );
#1457 = EDGE_CURVE ( 'NONE', #638, #4129, #197, .T. ) ;
#1458 = DIRECTION ( 'NONE',  ( 0.000000000000000000, 0.000000000000000000, -1.000000000000000000 ) ) ;
#1459 = PRESENTATION_STYLE_ASSIGNMENT (( #303 ) ) ;
#1460 = ORIENTED_EDGE ( 'NONE', *, *, #4766, .T. ) ;
#1461 = CIRCLE ( 'NONE', #3302, 0.03499999999999976047 ) ;
#1462 = CARTESIAN_POINT ( 'NONE',  ( 1.511927958270429029, 2.531765971032936324, 0.05905512000000000261 ) ) ;
#1463 = DIRECTION ( 'NONE',  ( -1.000000000000000000, -1.387778736372525118E-14, 0.000000000000000000 ) ) ;
#1464 = ADVANCED_FACE ( 'NONE', ( #1489 ), #4460, .F. ) ;
#1465 = AXIS2_PLACEMENT_3D ( 'NONE', #201, #969, #4186 ) ;
#1466 = LINE ( 'NONE', #1134, #4687 ) ;
#1467 = ORIENTED_EDGE ( 'NONE', *, *, #4247, .F. ) ;
#1468 = ORIENTED_EDGE ( 'NONE', *, *, #2038, .F. ) ;
#1469 = DIRECTION ( 'NONE',  ( 1.000000000000000000, -1.077735757937877766E-15, 0.000000000000000000 ) ) ;
#1470 = EDGE_CURVE ( 'NONE', #4440, #4716, #793, .T. ) ;
#1471 = AXIS2_PLACEMENT_3D ( 'NONE', #3237, #2950, #3727 ) ;
#1472 = EDGE_CURVE ( 'NONE', #1479, #3190, #2025, .T. ) ;
#1473 = CARTESIAN_POINT ( 'NONE',  ( 0.000000000000000000, 0.000000000000000000, 0.05905512000000000955 ) ) ;
#1474 = ORIENTED_EDGE ( 'NONE', *, *, #4247, .T. ) ;
#1475 = FACE_BOUND ( 'NONE', #3358, .T. ) ;
#1476 = ADVANCED_FACE ( 'NONE', ( #5185, #2364 ), #3645, .F. ) ;
#1477 = AXIS2_PLACEMENT_3D ( 'NONE', #2157, #1779, #471 ) ;
#1478 = CARTESIAN_POINT ( 'NONE',  ( 3.092847217540596424E-16, 2.185864326882349121E-15, 0.05905511999999999567 ) ) ;
#1479 = VERTEX_POINT ( 'NONE', #1590 ) ;
#1480 = DIRECTION ( 'NONE',  ( -1.000000000000000000, 0.000000000000000000, 0.000000000000000000 ) ) ;
#1481 = DIMENSIONAL_EXPONENTS ( 1.000000000000000000, 0.000000000000000000, 0.000000000000000000, 0.000000000000000000, 0.000000000000000000, 0.000000000000000000, 0.000000000000000000 ) ;
#1482 = CIRCLE ( 'NONE', #1904, 0.1267401574803148911 ) ;
#1483 = CARTESIAN_POINT ( 'NONE',  ( -2.316054496710616917, -1.099994349197570775, 0.05905512000000000261 ) ) ;
#1484 = ORIENTED_EDGE ( 'NONE', *, *, #4102, .F. ) ;
#1485 = VERTEX_POINT ( 'NONE', #1248 ) ;
#1486 = VECTOR ( 'NONE', #2832, 39.37007874015748143 ) ;
#1487 = DIRECTION ( 'NONE',  ( 1.000000000000000000, 0.000000000000000000, 0.000000000000000000 ) ) ;
#1488 = ORIENTED_EDGE ( 'NONE', *, *, #28, .F. ) ;
#1489 = FACE_OUTER_BOUND ( 'NONE', #1655, .T. ) ;
#1490 = ORIENTED_EDGE ( 'NONE', *, *, #1738, .T. ) ;
#1491 = CARTESIAN_POINT ( 'NONE',  ( -1.811177625312218042, -0.2947212404431331367, 0.1499999999999999944 ) ) ;
#1492 = PRESENTATION_LAYER_ASSIGNMENT (  '', '', ( #5175 ) ) ;
#1493 = EDGE_CURVE ( 'NONE', #1791, #3017, #3317, .T. ) ;
#1494 = EDGE_CURVE ( 'NONE', #3916, #3880, #2728, .T. ) ;
#1495 = ORIENTED_EDGE ( 'NONE', *, *, #1300, .T. ) ;
#1496 = DIRECTION ( 'NONE',  ( -0.000000000000000000, -0.000000000000000000, -1.000000000000000000 ) ) ;
#1497 = ADVANCED_FACE ( 'NONE', ( #1618 ), #3193, .T. ) ;
#1498 = AXIS2_PLACEMENT_3D ( 'NONE', #1741, #3384, #2596 ) ;
#1499 = FACE_BOUND ( 'NONE', #3626, .T. ) ;
#1500 = AXIS2_PLACEMENT_3D ( 'NONE', #2640, #1839, #3032 ) ;
#1501 = ORIENTED_EDGE ( 'NONE', *, *, #2641, .F. ) ;
#1502 = DIRECTION ( 'NONE',  ( 0.000000000000000000, 0.000000000000000000, -1.000000000000000000 ) ) ;
#1503 = DIRECTION ( 'NONE',  ( 1.000000000000000000, 0.000000000000000000, 0.000000000000000000 ) ) ;
#1504 = CARTESIAN_POINT ( 'NONE',  ( -2.316054496710616917, -1.099994349197570775, 0.5905511792125984760 ) ) ;
#1505 = EDGE_LOOP ( 'NONE', ( #1093, #2425, #985, #1908 ) ) ;
#1506 = EDGE_CURVE ( 'NONE', #4284, #2729, #414, .T. ) ;
#1507 = CARTESIAN_POINT ( 'NONE',  ( -1.150535905705077022, 1.658021729417692880, 0.3327011290603187343 ) ) ;
#1508 = DIRECTION ( 'NONE',  ( 1.000000000000000000, 0.000000000000000000, 0.000000000000000000 ) ) ;
#1509 = DIRECTION ( 'NONE',  ( 0.000000000000000000, 0.000000000000000000, -1.000000000000000000 ) ) ;
#1510 = FACE_OUTER_BOUND ( 'NONE', #4296, .T. ) ;
#1511 = EDGE_CURVE ( 'NONE', #1865, #4040, #108, .T. ) ;
#1512 = CARTESIAN_POINT ( 'NONE',  ( 0.01505167804217725884, -0.2966057773643364093, 0.000000000000000000 ) ) ;
#1513 = EDGE_LOOP ( 'NONE', ( #4850, #2051 ) ) ;
#1514 = CARTESIAN_POINT ( 'NONE',  ( 1.144036210588388336, 1.378432099769073327, 0.1893700799999999962 ) ) ;
#1515 = ORIENTED_EDGE ( 'NONE', *, *, #3120, .F. ) ;
#1516 = FACE_OUTER_BOUND ( 'NONE', #2239, .T. ) ;
#1517 = DIRECTION ( 'NONE',  ( 1.000000000000000000, 0.000000000000000000, 0.000000000000000000 ) ) ;
#1518 = EDGE_LOOP ( 'NONE', ( #3361, #1796, #1674, #2834 ) ) ;
#1519 = DIRECTION ( 'NONE',  ( 0.000000000000000000, 0.000000000000000000, 1.000000000000000000 ) ) ;
#1520 = AXIS2_PLACEMENT_3D ( 'NONE', #4215, #1407, #1877 ) ;
#1521 = CARTESIAN_POINT ( 'NONE',  ( -1.150535905705077910, 1.658021729417694212, 0.3169069777710142866 ) ) ;
#1522 = EDGE_CURVE ( 'NONE', #667, #2236, #3659, .T. ) ;
#1523 = ORIENTED_EDGE ( 'NONE', *, *, #1373, .T. ) ;
#1524 = DIRECTION ( 'NONE',  ( 5.366600396873987007E-16, 3.869166239580927311E-16, -1.000000000000000000 ) ) ;
#1525 = SURFACE_SIDE_STYLE ('',( #751 ) ) ;
#1526 = DIRECTION ( 'NONE',  ( 1.716235376427243156E-17, -2.181342685193818413E-17, -1.000000000000000000 ) ) ;
#1527 = ORIENTED_EDGE ( 'NONE', *, *, #3421, .T. ) ;
#1528 = CARTESIAN_POINT ( 'NONE',  ( -2.008595928141967413, 2.338694390118471134, 0.3248031496062991907 ) ) ;
#1529 = ADVANCED_FACE ( 'NONE', ( #4793 ), #3222, .F. ) ;
#1530 = CARTESIAN_POINT ( 'NONE',  ( -1.895971086889295831, -1.902577949447445738, 0.5905511792125984760 ) ) ;
#1531 = CARTESIAN_POINT ( 'NONE',  ( -0.2793881098391097773, -1.813606154621390409, 0.1499999999999999944 ) ) ;
#1532 = AXIS2_PLACEMENT_3D ( 'NONE', #4054, #4757, #749 ) ;
#1533 = EDGE_CURVE ( 'NONE', #3423, #5017, #4770, .T. ) ;
#1534 = DIRECTION ( 'NONE',  ( -0.000000000000000000, -0.000000000000000000, -1.000000000000000000 ) ) ;
#1535 = CARTESIAN_POINT ( 'NONE',  ( -2.452265971032928871, 1.511927958270396388, 0.5905511792125984760 ) ) ;
#1536 = ORIENTED_EDGE ( 'NONE', *, *, #4614, .T. ) ;
#1537 = VERTEX_POINT ( 'NONE', #4846 ) ;
#1538 = CARTESIAN_POINT ( 'NONE',  ( -2.014081323109768284, -1.902577949447445738, 0.3149606299212598381 ) ) ;
#1539 = VECTOR ( 'NONE', #4657, 39.37007874015748854 ) ;
#1540 = ORIENTED_EDGE ( 'NONE', *, *, #2520, .T. ) ;
#1541 = CARTESIAN_POINT ( 'NONE',  ( 2.197853539998608774, -1.718805732558607247, 0.05905512000000000261 ) ) ;
#1542 = DIRECTION ( 'NONE',  ( 1.000000000000000000, 0.000000000000000000, 0.000000000000000000 ) ) ;
#1543 = DIRECTION ( 'NONE',  ( 1.000000000000000000, 0.000000000000000000, 0.000000000000000000 ) ) ;
#1544 = ORIENTED_EDGE ( 'NONE', *, *, #1921, .T. ) ;
#1545 = CARTESIAN_POINT ( 'NONE',  ( -0.8399812222671365625, 1.631458410821005733, 0.1893700799999999962 ) ) ;
#1546 = FACE_OUTER_BOUND ( 'NONE', #4344, .T. ) ;
#1547 = AXIS2_PLACEMENT_3D ( 'NONE', #4635, #630, #653 ) ;
#1548 = DIRECTION ( 'NONE',  ( 0.000000000000000000, 0.000000000000000000, 1.000000000000000000 ) ) ;
#1549 = ORIENTED_EDGE ( 'NONE', *, *, #4255, .F. ) ;
#1550 = CARTESIAN_POINT ( 'NONE',  ( -2.531765971032929219, 1.511927958270396388, 0.000000000000000000 ) ) ;
#1551 = AXIS2_PLACEMENT_3D ( 'NONE', #2165, #7, #1737 ) ;
#1552 = DIRECTION ( 'NONE',  ( 1.000000000000000000, 0.000000000000000000, 0.000000000000000000 ) ) ;
#1553 = ORIENTED_EDGE ( 'NONE', *, *, #4453, .T. ) ;
#1554 = CARTESIAN_POINT ( 'NONE',  ( -1.331522461921929468, 1.516517759460366932, 0.3784707461063305800 ) ) ;
#1555 = DIRECTION ( 'NONE',  ( 0.000000000000000000, 0.000000000000000000, 1.000000000000000000 ) ) ;
#1556 = EDGE_CURVE ( 'NONE', #4937, #842, #2791, .T. ) ;
#1557 = AXIS2_PLACEMENT_3D ( 'NONE', #1473, #3885, #5145 ) ;
#1558 = SURFACE_STYLE_USAGE ( .BOTH. , #1958 ) ;
#1559 = VERTEX_POINT ( 'NONE', #4822 ) ;
#1560 = EDGE_CURVE ( 'NONE', #3325, #4695, #364, .T. ) ;
#1561 = ORIENTED_EDGE ( 'NONE', *, *, #2159, .T. ) ;
#1562 = CARTESIAN_POINT ( 'NONE',  ( -0.3438362936472181275, -0.2705232950615226728, 0.5905511792125984760 ) ) ;
#1563 = CARTESIAN_POINT ( 'NONE',  ( 2.316054496710747035, 1.099994349197523480, 0.000000000000000000 ) ) ;
#1564 = CYLINDRICAL_SURFACE ( 'NONE', #2431, 1.921313263826067930 ) ;
#1565 = AXIS2_PLACEMENT_3D ( 'NONE', #1664, #3705, #3308 ) ;
#1566 = VERTEX_POINT ( 'NONE', #2057 ) ;
#1567 = CARTESIAN_POINT ( 'NONE',  ( 1.462395485704951925, 1.101314504457819199, 0.1893700799999999962 ) ) ;
#1568 = CYLINDRICAL_SURFACE ( 'NONE', #868, 0.1267401574803148911 ) ;
#1569 = DIRECTION ( 'NONE',  ( -0.7853994286486424281, -0.6189892870465416586, 0.000000000000000000 ) ) ;
#1570 = CIRCLE ( 'NONE', #4097, 0.07950000000000007061 ) ;
#1571 = ORIENTED_EDGE ( 'NONE', *, *, #3621, .F. ) ;
#1572 = VERTEX_POINT ( 'NONE', #4405 ) ;
#1573 = SURFACE_STYLE_USAGE ( .BOTH. , #5170 ) ;
#1574 = CARTESIAN_POINT ( 'NONE',  ( -1.895971086889295831, -1.902577949447445738, 0.3149606299212598381 ) ) ;
#1575 = VECTOR ( 'NONE', #4176, 39.37007874015748854 ) ;
#1576 = VECTOR ( 'NONE', #1982, 39.37007874015748854 ) ;
#1577 = CARTESIAN_POINT ( 'NONE',  ( 0.2966057773643776541, 0.01505167804208845661, 0.05905512000000000261 ) ) ;
#1578 = CARTESIAN_POINT ( 'NONE',  ( -1.618079363792127578, 2.818566864998960586, 0.1771653543307086798 ) ) ;
#1579 = CYLINDRICAL_SURFACE ( 'NONE', #2594, 0.03937008000000002950 ) ;
#1580 = LINE ( 'NONE', #4762, #2380 ) ;
#1581 = ORIENTED_EDGE ( 'NONE', *, *, #2346, .T. ) ;
#1582 = CARTESIAN_POINT ( 'NONE',  ( -2.415511303806090471, 0.8598843766371754294, 0.5905511792125984760 ) ) ;
#1583 = AXIS2_PLACEMENT_3D ( 'NONE', #4977, #3748, #3502 ) ;
#1584 = EDGE_CURVE ( 'NONE', #5141, #3951, #2400, .T. ) ;
#1585 = AXIS2_PLACEMENT_3D ( 'NONE', #3686, #5176, #4475 ) ;
#1586 = EDGE_LOOP ( 'NONE', ( #4593, #1744, #4263, #308 ) ) ;
#1587 = ORIENTED_EDGE ( 'NONE', *, *, #3430, .T. ) ;
#1588 = EDGE_CURVE ( 'NONE', #3254, #4604, #2465, .T. ) ;
#1589 = ORIENTED_EDGE ( 'NONE', *, *, #155, .F. ) ;
#1590 = CARTESIAN_POINT ( 'NONE',  ( 2.384330410374778442, -2.386624379193602596, 0.5905511792125984760 ) ) ;
#1591 = CARTESIAN_POINT ( 'NONE',  ( 1.423530142007406241, 1.902577949447445738, 0.05905512000000000261 ) ) ;
#1592 = EDGE_CURVE ( 'NONE', #112, #1302, #2808, .T. ) ;
#1593 = ORIENTED_EDGE ( 'NONE', *, *, #1159, .T. ) ;
#1594 = VECTOR ( 'NONE', #1932, 39.37007874015748143 ) ;
#1595 = DIRECTION ( 'NONE',  ( -0.000000000000000000, -0.000000000000000000, 1.000000000000000000 ) ) ;
#1596 = VECTOR ( 'NONE', #949, 39.37007874015748143 ) ;
#1597 = EDGE_CURVE ( 'NONE', #3017, #1865, #3695, .T. ) ;
#1598 = ORIENTED_EDGE ( 'NONE', *, *, #5089, .T. ) ;
#1599 = DIRECTION ( 'NONE',  ( 1.000000000000000000, 0.000000000000000000, 0.000000000000000000 ) ) ;
#1600 = EDGE_CURVE ( 'NONE', #3862, #385, #4505, .T. ) ;
#1601 = AXIS2_PLACEMENT_3D ( 'NONE', #1531, #3103, #3214 ) ;
#1602 = PLANE ( 'NONE',  #3671 ) ;
#1603 = CARTESIAN_POINT ( 'NONE',  ( -1.337834223262516442, 1.510950326449829628, 0.3561309234446543570 ) ) ;
#1604 = VERTEX_POINT ( 'NONE', #2486 ) ;
#1605 = DIRECTION ( 'NONE',  ( -0.000000000000000000, -0.000000000000000000, -1.000000000000000000 ) ) ;
#1606 = DIMENSIONAL_EXPONENTS ( 1.000000000000000000, 0.000000000000000000, 0.000000000000000000, 0.000000000000000000, 0.000000000000000000, 0.000000000000000000, 0.000000000000000000 ) ;
#1607 = DIRECTION ( 'NONE',  ( 0.7859115283364993543, 0.6183389601406237279, 0.000000000000000000 ) ) ;
#1608 = EDGE_LOOP ( 'NONE', ( #2545, #1549, #1835, #5110 ) ) ;
#1609 = ORIENTED_EDGE ( 'NONE', *, *, #1224, .F. ) ;
#1610 = CARTESIAN_POINT ( 'NONE',  ( -1.902577949447439742, 1.718805732558593924, 0.000000000000000000 ) ) ;
#1611 = STYLED_ITEM ( 'NONE', ( #739 ), #453 ) ;
#1612 = CARTESIAN_POINT ( 'NONE',  ( -0.7819652264139465014, 1.518776505692908119, 0.05905511999999997486 ) ) ;
#1613 = ORIENTED_EDGE ( 'NONE', *, *, #2010, .F. ) ;
#1614 = CARTESIAN_POINT ( 'NONE',  ( -0.9574401995036646573, 1.514002037378285648, 0.1893700799999999962 ) ) ;
#1615 = VERTEX_POINT ( 'NONE', #4895 ) ;
#1616 = ADVANCED_FACE ( 'NONE', ( #1270 ), #4091, .T. ) ;
#1617 = LINE ( 'NONE', #1562, #326 ) ;
#1618 = FACE_OUTER_BOUND ( 'NONE', #1327, .T. ) ;
#1619 = VERTEX_POINT ( 'NONE', #2534 ) ;
#1620 = CARTESIAN_POINT ( 'NONE',  ( 1.960970149782696570, -2.719715489147758181, 0.3248031496062991907 ) ) ;
#1621 =( GEOMETRIC_REPRESENTATION_CONTEXT ( 3 ) GLOBAL_UNCERTAINTY_ASSIGNED_CONTEXT ( ( #45 ) ) GLOBAL_UNIT_ASSIGNED_CONTEXT ( ( #26, #5190, #2725 ) ) REPRESENTATION_CONTEXT ( 'NONE', 'WORKASPACE' ) );
#1622 = CARTESIAN_POINT ( 'NONE',  ( -0.2793881098391097773, -1.813606154621390409, 0.05905511999999999567 ) ) ;
#1623 = ORIENTED_EDGE ( 'NONE', *, *, #546, .T. ) ;
#1624 = PRESENTATION_STYLE_ASSIGNMENT (( #4383 ) ) ;
#1625 = LINE ( 'NONE', #5191, #4732 ) ;
#1626 = AXIS2_PLACEMENT_3D ( 'NONE', #2801, #1947, #4857 ) ;
#1627 = EDGE_CURVE ( 'NONE', #4351, #3484, #4999, .T. ) ;
#1628 = STYLED_ITEM ( 'NONE', ( #3290 ), #1977 ) ;
#1629 =( LENGTH_UNIT ( ) NAMED_UNIT ( * ) SI_UNIT ( $, .METRE. ) );
#1630 = CIRCLE ( 'NONE', #3128, 0.3711251169736392019 ) ;
#1631 = ADVANCED_FACE ( 'NONE', ( #2867 ), #2587, .F. ) ;
#1632 = VERTEX_POINT ( 'NONE', #97 ) ;
#1633 = FACE_OUTER_BOUND ( 'NONE', #4629, .T. ) ;
#1634 = EDGE_CURVE ( 'NONE', #3619, #3995, #2913, .T. ) ;
#1635 = MECHANICAL_DESIGN_GEOMETRIC_PRESENTATION_REPRESENTATION (  '', ( #1628 ), #352 ) ;
#1636 = PLANE ( 'NONE',  #2823 ) ;
#1637 = CARTESIAN_POINT ( 'NONE',  ( -2.071435516471090033, 2.632803619927272187, 0.3248031496062991907 ) ) ;
#1638 = EDGE_CURVE ( 'NONE', #3325, #1227, #1307, .T. ) ;
#1639 = CARTESIAN_POINT ( 'NONE',  ( 2.387235954880960964, -2.262975920977241984, 0.5905511792125984760 ) ) ;
#1640 = ORIENTED_EDGE ( 'NONE', *, *, #4255, .T. ) ;
#1641 = CARTESIAN_POINT ( 'NONE',  ( 0.2966057773643776541, 0.01505167804208845661, 0.000000000000000000 ) ) ;
#1642 = VECTOR ( 'NONE', #3780, 39.37007874015748143 ) ;
#1643 = ORIENTED_EDGE ( 'NONE', *, *, #1728, .T. ) ;
#1644 = CARTESIAN_POINT ( 'NONE',  ( 2.415511303806220589, -0.8598843766372225028, 0.000000000000000000 ) ) ;
#1645 =( NAMED_UNIT ( * ) PLANE_ANGLE_UNIT ( ) SI_UNIT ( $, .RADIAN. ) );
#1646 = ORIENTED_EDGE ( 'NONE', *, *, #2562, .F. ) ;
#1647 = AXIS2_PLACEMENT_3D ( 'NONE', #1887, #2286, #2719 ) ;
#1648 = CARTESIAN_POINT ( 'NONE',  ( 1.511927958270429029, 2.531765971032936324, 0.000000000000000000 ) ) ;
#1649 = ORIENTED_EDGE ( 'NONE', *, *, #1039, .T. ) ;
#1650 = DIRECTION ( 'NONE',  ( -0.000000000000000000, -0.000000000000000000, 1.000000000000000000 ) ) ;
#1651 = DIRECTION ( 'NONE',  ( 0.000000000000000000, 0.000000000000000000, -1.000000000000000000 ) ) ;
#1652 = CARTESIAN_POINT ( 'NONE',  ( -0.8399812222671370066, 1.631458410820978866, 0.1893700799999999962 ) ) ;
#1653 = VERTEX_POINT ( 'NONE', #898 ) ;
#1654 = UNCERTAINTY_MEASURE_WITH_UNIT (LENGTH_MEASURE( 1.000000000000000082E-05 ), #957, 'distance_accuracy_value', 'NONE');
#1655 = EDGE_LOOP ( 'NONE', ( #1816, #1770, #3887, #3756 ) ) ;
#1656 = CYLINDRICAL_SURFACE ( 'NONE', #6, 0.07950000000000007061 ) ;
#1657 = DIRECTION ( 'NONE',  ( 0.000000000000000000, 0.000000000000000000, 1.000000000000000000 ) ) ;
#1658 = EDGE_CURVE ( 'NONE', #4136, #3017, #3909, .T. ) ;
#1659 = EDGE_CURVE ( 'NONE', #2334, #2753, #1482, .T. ) ;
#1660 = VECTOR ( 'NONE', #4447, 39.37007874015748143 ) ;
#1661 = ORIENTED_EDGE ( 'NONE', *, *, #4192, .T. ) ;
#1662 = EDGE_CURVE ( 'NONE', #4954, #1873, #981, .T. ) ;
#1663 = DIRECTION ( 'NONE',  ( -0.7859115283364991322, -0.6183389601406238389, -6.610129349072176619E-16 ) ) ;
#1664 = CARTESIAN_POINT ( 'NONE',  ( -1.735766796077125917, -0.4427273816327118028, 0.5084752992119263570 ) ) ;
#1665 = EDGE_CURVE ( 'NONE', #2408, #1197, #920, .T. ) ;
#1666 = AXIS2_PLACEMENT_3D ( 'NONE', #3256, #4096, #1255 ) ;
#1667 = ORIENTED_EDGE ( 'NONE', *, *, #4551, .F. ) ;
#1668 = CARTESIAN_POINT ( 'NONE',  ( 0.2966057773643776541, 0.01505167804208845661, 0.000000000000000000 ) ) ;
#1669 =( NAMED_UNIT ( * ) PLANE_ANGLE_UNIT ( ) SI_UNIT ( $, .RADIAN. ) );
#1670 = PRESENTATION_LAYER_ASSIGNMENT (  '', '', ( #3925 ) ) ;
#1671 = AXIS2_PLACEMENT_3D ( 'NONE', #4116, #4871, #3372 ) ;
#1672 = EDGE_CURVE ( 'NONE', #1687, #4937, #2250, .T. ) ;
#1673 = CARTESIAN_POINT ( 'NONE',  ( 0.000000000000000000, 0.000000000000000000, 0.4921259842519685179 ) ) ;
#1674 = ORIENTED_EDGE ( 'NONE', *, *, #61, .T. ) ;
#1675 = CARTESIAN_POINT ( 'NONE',  ( 1.474480238700095258, -0.9381462422080395491, 0.05905511999999997486 ) ) ;
#1676 = CARTESIAN_POINT ( 'NONE',  ( 0.000000000000000000, 0.000000000000000000, 0.1893700799999999962 ) ) ;
#1677 = CARTESIAN_POINT ( 'NONE',  ( 0.04868810709768692929, -0.06188279750681099922, 0.5905511792125984760 ) ) ;
#1678 = CARTESIAN_POINT ( 'NONE',  ( 3.092847217540596424E-16, 2.185864326882349121E-15, 0.1499999999999999944 ) ) ;
#1679 = FACE_OUTER_BOUND ( 'NONE', #4434, .T. ) ;
#1680 = VERTEX_POINT ( 'NONE', #4216 ) ;
#1681 = CARTESIAN_POINT ( 'NONE',  ( 2.531765971032962526, -1.511927958270452788, 0.000000000000000000 ) ) ;
#1682 = CARTESIAN_POINT ( 'NONE',  ( -1.174936486000558666, 1.640830368647599347, 0.2448843707086214849 ) ) ;
#1683 = VERTEX_POINT ( 'NONE', #101 ) ;
#1684 = SURFACE_SIDE_STYLE ('',( #931 ) ) ;
#1685 = DIRECTION ( 'NONE',  ( -0.000000000000000000, -0.000000000000000000, -1.000000000000000000 ) ) ;
#1686 = CARTESIAN_POINT ( 'NONE',  ( 1.331522461921932354, -1.516517759460370707, 0.2711355531062679680 ) ) ;
#1687 = VERTEX_POINT ( 'NONE', #4484 ) ;
#1688 = DIRECTION ( 'NONE',  ( -1.000000000000000000, 0.000000000000000000, 0.000000000000000000 ) ) ;
#1689 = DIRECTION ( 'NONE',  ( 0.000000000000000000, 0.000000000000000000, 1.000000000000000000 ) ) ;
#1690 = EDGE_CURVE ( 'NONE', #4129, #3512, #5006, .T. ) ;
#1691 = FACE_OUTER_BOUND ( 'NONE', #1287, .T. ) ;
#1692 = ORIENTED_EDGE ( 'NONE', *, *, #4014, .F. ) ;
#1693 = CIRCLE ( 'NONE', #2372, 0.1771653543307085410 ) ;
#1694 = DIRECTION ( 'NONE',  ( -0.000000000000000000, -0.000000000000000000, -1.000000000000000000 ) ) ;
#1695 = ADVANCED_FACE ( 'NONE', ( #4825 ), #499, .F. ) ;
#1696 = FACE_OUTER_BOUND ( 'NONE', #2289, .T. ) ;
#1697 = AXIS2_PLACEMENT_3D ( 'NONE', #377, #3945, #5151 ) ;
#1698 = CARTESIAN_POINT ( 'NONE',  ( 1.151166223382849019, -1.657584886141464819, 0.3405481912021097735 ) ) ;
#1699 = CIRCLE ( 'NONE', #4637, 3.250000000000000000 ) ;
#1700 = DIRECTION ( 'NONE',  ( 0.000000000000000000, 0.000000000000000000, -1.000000000000000000 ) ) ;
#1701 = DIRECTION ( 'NONE',  ( -0.03912665123806940981, 0.9992342594021156321, 0.000000000000000000 ) ) ;
#1702 = UNCERTAINTY_MEASURE_WITH_UNIT (LENGTH_MEASURE( 1.000000000000000082E-05 ), #3894, 'distance_accuracy_value', 'NONE');
#1703 = ORIENTED_EDGE ( 'NONE', *, *, #4600, .T. ) ;
#1704 = CIRCLE ( 'NONE', #170, 0.3711251169736392019 ) ;
#1705 = CYLINDRICAL_SURFACE ( 'NONE', #354, 0.03937008000000002950 ) ;
#1706 = DIRECTION ( 'NONE',  ( 0.000000000000000000, 0.000000000000000000, -1.000000000000000000 ) ) ;
#1707 =( GEOMETRIC_REPRESENTATION_CONTEXT ( 3 ) GLOBAL_UNCERTAINTY_ASSIGNED_CONTEXT ( ( #3275 ) ) GLOBAL_UNIT_ASSIGNED_CONTEXT ( ( #632, #4137, #1751 ) ) REPRESENTATION_CONTEXT ( 'NONE', 'WORKASPACE' ) );
#1708 = ORIENTED_EDGE ( 'NONE', *, *, #428, .T. ) ;
#1709 = DIRECTION ( 'NONE',  ( -1.000000000000000000, 0.000000000000000000, 0.000000000000000000 ) ) ;
#1710 = AXIS2_PLACEMENT_3D ( 'NONE', #3703, #50, #163 ) ;
#1711 = AXIS2_PLACEMENT_3D ( 'NONE', #941, #2460, #2556 ) ;
#1712 = MECHANICAL_DESIGN_GEOMETRIC_PRESENTATION_REPRESENTATION (  '', ( #87 ), #92 ) ;
#1713 = LINE ( 'NONE', #429, #4424 ) ;
#1714 = VECTOR ( 'NONE', #3867, 39.37007874015748143 ) ;
#1715 = CARTESIAN_POINT ( 'NONE',  ( 2.359986356046925415, -2.355682979450072878, 0.5905511792125984760 ) ) ;
#1716 = EDGE_CURVE ( 'NONE', #3163, #4146, #722, .T. ) ;
#1717 = ORIENTED_EDGE ( 'NONE', *, *, #3020, .T. ) ;
#1718 = DIRECTION ( 'NONE',  ( -1.000000000000000000, 0.000000000000000000, 0.000000000000000000 ) ) ;
#1719 = CARTESIAN_POINT ( 'NONE',  ( -0.6414510453149272484, 1.625653992259897374, 0.1893700799999999962 ) ) ;
#1720 = VECTOR ( 'NONE', #2153, 39.37007874015748143 ) ;
#1721 = UNCERTAINTY_MEASURE_WITH_UNIT (LENGTH_MEASURE( 1.000000000000000082E-05 ), #10, 'distance_accuracy_value', 'NONE');
#1722 = CYLINDRICAL_SURFACE ( 'NONE', #3553, 0.1771653543307085410 ) ;
#1723 = ADVANCED_FACE ( 'NONE', ( #1734 ), #2443, .F. ) ;
#1724 = ORIENTED_EDGE ( 'NONE', *, *, #3192, .F. ) ;
#1725 = ADVANCED_FACE ( 'NONE', ( #1679 ), #1273, .F. ) ;
#1726 = PRESENTATION_LAYER_ASSIGNMENT (  '', '', ( #441 ) ) ;
#1727 = FACE_OUTER_BOUND ( 'NONE', #5043, .T. ) ;
#1728 = EDGE_CURVE ( 'NONE', #4536, #2458, #3002, .T. ) ;
#1729 = CARTESIAN_POINT ( 'NONE',  ( 1.525337588753718610, -0.7690883758713079610, 0.1893700799999999962 ) ) ;
#1730 = CARTESIAN_POINT ( 'NONE',  ( 1.163631225533360958, -1.648863519931769828, 0.3853827802690119597 ) ) ;
#1731 = AXIS2_PLACEMENT_3D ( 'NONE', #3521, #1143, #3544 ) ;
#1732 = DIRECTION ( 'NONE',  ( 1.000000000000000000, 0.000000000000000000, 0.000000000000000000 ) ) ;
#1733 = ADVANCED_FACE ( 'NONE', ( #2419 ), #2489, .T. ) ;
#1734 = FACE_OUTER_BOUND ( 'NONE', #737, .T. ) ;
#1735 = EDGE_LOOP ( 'NONE', ( #2982, #1922, #787, #4601 ) ) ;
#1736 = FACE_OUTER_BOUND ( 'NONE', #400, .T. ) ;
#1737 = DIRECTION ( 'NONE',  ( 1.000000000000000000, 0.000000000000000000, 0.000000000000000000 ) ) ;
#1738 = EDGE_CURVE ( 'NONE', #2103, #3190, #4442, .T. ) ;
#1739 = DIRECTION ( 'NONE',  ( -0.000000000000000000, -0.000000000000000000, -1.000000000000000000 ) ) ;
#1740 = ORIENTED_EDGE ( 'NONE', *, *, #4385, .F. ) ;
#1741 = CARTESIAN_POINT ( 'NONE',  ( -0.1153226770154978653, -1.787622606977541384, 0.05905511999999997486 ) ) ;
#1742 = DIRECTION ( 'NONE',  ( 1.000000000000000000, 0.000000000000000000, 0.000000000000000000 ) ) ;
#1743 = CARTESIAN_POINT ( 'NONE',  ( 1.235375189399418927, -1.595831225142204657, 0.2045875683209458229 ) ) ;
#1744 = ORIENTED_EDGE ( 'NONE', *, *, #2999, .T. ) ;
#1745 = DIRECTION ( 'NONE',  ( 0.000000000000000000, 0.000000000000000000, 1.000000000000000000 ) ) ;
#1746 = AXIS2_PLACEMENT_3D ( 'NONE', #2777, #3121, #3915 ) ;
#1747 = CARTESIAN_POINT ( 'NONE',  ( -1.944929379736978214, -1.099994349197570775, 0.5905511792125984760 ) ) ;
#1748 = DIRECTION ( 'NONE',  ( -0.000000000000000000, -0.000000000000000000, -1.000000000000000000 ) ) ;
#1749 = ORIENTED_EDGE ( 'NONE', *, *, #1951, .F. ) ;
#1750 = CARTESIAN_POINT ( 'NONE',  ( -0.9243519070212216082, 1.989123946050347147, 0.5905511792125984760 ) ) ;
#1751 =( NAMED_UNIT ( * ) SI_UNIT ( $, .STERADIAN. ) SOLID_ANGLE_UNIT ( ) );
#1752 = DIRECTION ( 'NONE',  ( 1.000000000000000000, 0.000000000000000000, 0.000000000000000000 ) ) ;
#1753 = CARTESIAN_POINT ( 'NONE',  ( -1.744308096641895123, -0.1077014859492919502, 0.05905511999999997486 ) ) ;
#1754 = CIRCLE ( 'NONE', #4439, 0.07950000000000007061 ) ;
#1755 = EDGE_CURVE ( 'NONE', #3932, #3903, #2751, .T. ) ;
#1756 = CARTESIAN_POINT ( 'NONE',  ( 1.511927958270429029, 2.531765971032936324, 0.5905511792125984760 ) ) ;
#1757 = DIRECTION ( 'NONE',  ( -0.000000000000000000, -0.000000000000000000, 1.000000000000000000 ) ) ;
#1758 = ORIENTED_EDGE ( 'NONE', *, *, #157, .T. ) ;
#1759 = ORIENTED_EDGE ( 'NONE', *, *, #3202, .F. ) ;
#1760 = DIRECTION ( 'NONE',  ( -1.000000000000000000, 0.000000000000000000, 0.000000000000000000 ) ) ;
#1761 = PRESENTATION_LAYER_ASSIGNMENT (  '', '', ( #3687 ) ) ;
#1762 = DIRECTION ( 'NONE',  ( 0.000000000000000000, 0.000000000000000000, 1.000000000000000000 ) ) ;
#1763 = EDGE_CURVE ( 'NONE', #1062, #3619, #3250, .T. ) ;
#1764 = CIRCLE ( 'NONE', #2843, 0.1209999999999999687 ) ;
#1765 = DIRECTION ( 'NONE',  ( 1.000000000000000000, 0.000000000000000000, 0.000000000000000000 ) ) ;
#1766 = AXIS2_PLACEMENT_3D ( 'NONE', #2430, #12, #3708 ) ;
#1767 = ORIENTED_EDGE ( 'NONE', *, *, #1457, .F. ) ;
#1768 = CARTESIAN_POINT ( 'NONE',  ( -0.2793881098391097773, -1.813606154621390409, 0.1499999999999999944 ) ) ;
#1769 = ADVANCED_FACE ( 'NONE', ( #852 ), #2468, .F. ) ;
#1770 = ORIENTED_EDGE ( 'NONE', *, *, #160, .T. ) ;
#1771 = CARTESIAN_POINT ( 'NONE',  ( 1.153731858045401903, -1.655800146966125208, 0.2933755314501500511 ) ) ;
#1772 = EDGE_LOOP ( 'NONE', ( #2362, #3651, #4502, #4197 ) ) ;
#1773 = CARTESIAN_POINT ( 'NONE',  ( -0.6196391534165456294, 1.680294980402320837, 0.1893700799999999962 ) ) ;
#1774 = DIRECTION ( 'NONE',  ( -0.000000000000000000, -0.000000000000000000, 1.000000000000000000 ) ) ;
#1775 = CARTESIAN_POINT ( 'NONE',  ( -1.791074938584856113, -0.03073221736975925711, 0.1499999999999999944 ) ) ;
#1776 = DIRECTION ( 'NONE',  ( 0.000000000000000000, 0.000000000000000000, 1.000000000000000000 ) ) ;
#1777 = CARTESIAN_POINT ( 'NONE',  ( 1.673506277379085194, -0.8261490053189098903, 0.1893700799999999962 ) ) ;
#1778 = CARTESIAN_POINT ( 'NONE',  ( -0.6220707498115142231, 1.693916714071983964, 0.05905511999999999567 ) ) ;
#1779 = DIRECTION ( 'NONE',  ( -0.000000000000000000, -0.000000000000000000, -1.000000000000000000 ) ) ;
#1780 = CARTESIAN_POINT ( 'NONE',  ( 2.611265971032962430, -1.511927958270452788, 0.000000000000000000 ) ) ;
#1781 = CARTESIAN_POINT ( 'NONE',  ( 2.018110236220476139, 0.000000000000000000, 0.5905511792125981430 ) ) ;
#1782 = EDGE_LOOP ( 'NONE', ( #766, #2953, #917, #5117 ) ) ;
#1783 = DIRECTION ( 'NONE',  ( -1.000000000000000000, 0.000000000000000000, 0.000000000000000000 ) ) ;
#1784 = FACE_OUTER_BOUND ( 'NONE', #2173, .T. ) ;
#1785 = DIRECTION ( 'NONE',  ( -1.000000000000000000, 0.000000000000000000, 0.000000000000000000 ) ) ;
#1786 = AXIS2_PLACEMENT_3D ( 'NONE', #2328, #1125, #381 ) ;
#1787 = STYLED_ITEM ( 'NONE', ( #3476 ), #714 ) ;
#1788 = ORIENTED_EDGE ( 'NONE', *, *, #28, .T. ) ;
#1789 = DIRECTION ( 'NONE',  ( 1.000000000000000000, 0.000000000000000000, 0.000000000000000000 ) ) ;
#1790 = CIRCLE ( 'NONE', #3118, 0.03499999999999976047 ) ;
#1791 = VERTEX_POINT ( 'NONE', #2160 ) ;
#1792 = CIRCLE ( 'NONE', #5140, 0.3711251169736393130 ) ;
#1793 = DIRECTION ( 'NONE',  ( -0.000000000000000000, -0.000000000000000000, -1.000000000000000000 ) ) ;
#1794 = EDGE_CURVE ( 'NONE', #482, #3732, #5005, .T. ) ;
#1795 = ORIENTED_EDGE ( 'NONE', *, *, #3749, .T. ) ;
#1796 = ORIENTED_EDGE ( 'NONE', *, *, #1588, .T. ) ;
#1797 = CYLINDRICAL_SURFACE ( 'NONE', #2755, 3.250000000000000000 ) ;
#1798 = CARTESIAN_POINT ( 'NONE',  ( -0.4267552628330726350, -1.654095412970379098, 0.4226956622450883660 ) ) ;
#1799 = CIRCLE ( 'NONE', #430, 2.018110236220472586 ) ;
#1800 = CARTESIAN_POINT ( 'NONE',  ( 1.895971086889295831, 1.902577949447445738, 0.3149606299212598381 ) ) ;
#1801 = EDGE_CURVE ( 'NONE', #791, #107, #998, .T. ) ;
#1802 = ORIENTED_EDGE ( 'NONE', *, *, #845, .T. ) ;
#1803 = CARTESIAN_POINT ( 'NONE',  ( -1.758540622567402734, 2.878982860660941778, -1.701878485812185534E-16 ) ) ;
#1804 = AXIS2_PLACEMENT_3D ( 'NONE', #4050, #4384, #4754 ) ;
#1805 = DIRECTION ( 'NONE',  ( 1.000000000000000000, 0.000000000000000000, 0.000000000000000000 ) ) ;
#1806 = SURFACE_STYLE_FILL_AREA ( #995 ) ;
#1807 = CARTESIAN_POINT ( 'NONE',  ( 1.318194783058900699, -1.528123916053904185, 0.4048448960580734446 ) ) ;
#1808 = CIRCLE ( 'NONE', #3563, 0.2952755905511810774 ) ;
#1809 = EDGE_CURVE ( 'NONE', #4458, #2218, #4621, .T. ) ;
#1810 = CARTESIAN_POINT ( 'NONE',  ( 1.637680568099463940, -2.852710619755993715, 0.1771653543307083745 ) ) ;
#1811 = CARTESIAN_POINT ( 'NONE',  ( -1.705012849733769320, -0.1052752193448445034, 0.1893700799999999962 ) ) ;
#1812 = ORIENTED_EDGE ( 'NONE', *, *, #3789, .T. ) ;
#1813 = CARTESIAN_POINT ( 'NONE',  ( 0.2966057773643776541, 0.01505167804208845661, 0.000000000000000000 ) ) ;
#1814 = DIRECTION ( 'NONE',  ( -0.000000000000000000, -0.000000000000000000, -1.000000000000000000 ) ) ;
#1815 = AXIS2_PLACEMENT_3D ( 'NONE', #3574, #4362, #1599 ) ;
#1816 = ORIENTED_EDGE ( 'NONE', *, *, #5148, .T. ) ;
#1817 = ORIENTED_EDGE ( 'NONE', *, *, #4863, .F. ) ;
#1818 = FACE_OUTER_BOUND ( 'NONE', #1586, .T. ) ;
#1819 = VERTEX_POINT ( 'NONE', #3750 ) ;
#1820 = AXIS2_PLACEMENT_3D ( 'NONE', #2742, #3141, #740 ) ;
#1821 = DIRECTION ( 'NONE',  ( 0.7859115283364989102, 0.6183389601406241720, 0.000000000000000000 ) ) ;
#1822 = CARTESIAN_POINT ( 'NONE',  ( -1.591427958270385412, -2.531765971032975404, 0.5905511792125984760 ) ) ;
#1823 = ADVANCED_FACE ( 'NONE', ( #1351 ), #3347, .F. ) ;
#1824 = ORIENTED_EDGE ( 'NONE', *, *, #3098, .F. ) ;
#1825 = FACE_OUTER_BOUND ( 'NONE', #3597, .T. ) ;
#1826 = CARTESIAN_POINT ( 'NONE',  ( -0.8049812222671373085, 1.631458410820978866, 0.1499999999999999944 ) ) ;
#1827 = DIRECTION ( 'NONE',  ( -1.000000000000000000, 0.000000000000000000, 0.000000000000000000 ) ) ;
#1828 = VERTEX_POINT ( 'NONE', #636 ) ;
#1829 = DIRECTION ( 'NONE',  ( -5.366600396873987007E-16, -3.869166239580927311E-16, -1.000000000000000000 ) ) ;
#1830 = SURFACE_SIDE_STYLE ('',( #4266 ) ) ;
#1831 = CIRCLE ( 'NONE', #1999, 3.250000000000000000 ) ;
#1832 = DIRECTION ( 'NONE',  ( 0.000000000000000000, 0.000000000000000000, 1.000000000000000000 ) ) ;
#1833 = VERTEX_POINT ( 'NONE', #2208 ) ;
#1834 = AXIS2_PLACEMENT_3D ( 'NONE', #3297, #3226, #4018 ) ;
#1835 = ORIENTED_EDGE ( 'NONE', *, *, #1171, .T. ) ;
#1836 = CARTESIAN_POINT ( 'NONE',  ( 0.2966057773643776541, 0.01505167804208845661, 0.05905512000000000261 ) ) ;
#1837 = AXIS2_PLACEMENT_3D ( 'NONE', #4956, #3306, #1789 ) ;
#1838 = DIRECTION ( 'NONE',  ( -0.000000000000000000, -0.000000000000000000, -1.000000000000000000 ) ) ;
#1839 = DIRECTION ( 'NONE',  ( 0.000000000000000000, 0.000000000000000000, -1.000000000000000000 ) ) ;
#1840 = VECTOR ( 'NONE', #3359, 39.37007874015748143 ) ;
#1841 = ORIENTED_EDGE ( 'NONE', *, *, #1763, .F. ) ;
#1842 = CARTESIAN_POINT ( 'NONE',  ( -0.4863540034874771489, -1.723601950829626972, 0.4226956622450883660 ) ) ;
#1843 = ORIENTED_EDGE ( 'NONE', *, *, #4041, .F. ) ;
#1844 = LENGTH_MEASURE_WITH_UNIT ( LENGTH_MEASURE( 0.02539999999999999897 ), #4990 );
#1845 = ORIENTED_EDGE ( 'NONE', *, *, #2931, .T. ) ;
#1846 = ORIENTED_EDGE ( 'NONE', *, *, #1659, .F. ) ;
#1847 =( NAMED_UNIT ( * ) SI_UNIT ( $, .STERADIAN. ) SOLID_ANGLE_UNIT ( ) );
#1848 = FACE_BOUND ( 'NONE', #4170, .T. ) ;
#1849 = VECTOR ( 'NONE', #3114, 39.37007874015748143 ) ;
#1850 = CARTESIAN_POINT ( 'NONE',  ( 1.902577949447427752, -1.718805732558607247, 0.000000000000000000 ) ) ;
#1851 = ORIENTED_EDGE ( 'NONE', *, *, #3446, .F. ) ;
#1852 = LINE ( 'NONE', #1073, #3976 ) ;
#1853 = EDGE_CURVE ( 'NONE', #3654, #3039, #2945, .T. ) ;
#1854 =( CONVERSION_BASED_UNIT ( 'INCH', #4686 ) LENGTH_UNIT ( ) NAMED_UNIT ( #795 ) );
#1855 = EDGE_CURVE ( 'NONE', #4646, #2824, #153, .T. ) ;
#1856 = CARTESIAN_POINT ( 'NONE',  ( 1.372239206268287770, 1.081489668775031943, 0.1893700799999999962 ) ) ;
#1857 = FILL_AREA_STYLE_COLOUR ( '', #5065 ) ;
#1858 = EDGE_CURVE ( 'NONE', #1819, #4954, #555, .T. ) ;
#1859 = ORIENTED_EDGE ( 'NONE', *, *, #4766, .F. ) ;
#1860 = LINE ( 'NONE', #3455, #4052 ) ;
#1861 = LINE ( 'NONE', #4298, #445 ) ;
#1862 = CARTESIAN_POINT ( 'NONE',  ( -2.197853539998620764, 1.718805732558593924, 0.000000000000000000 ) ) ;
#1863 = ORIENTED_EDGE ( 'NONE', *, *, #1104, .F. ) ;
#1864 = DIRECTION ( 'NONE',  ( 1.000000000000000000, 0.000000000000000000, 0.000000000000000000 ) ) ;
#1865 = VERTEX_POINT ( 'NONE', #1811 ) ;
#1866 = AXIS2_PLACEMENT_3D ( 'NONE', #3371, #4870, #2844 ) ;
#1867 = CARTESIAN_POINT ( 'NONE',  ( -2.387235954880960520, 2.262975920977241540, 0.1771653543307086798 ) ) ;
#1868 = ORIENTED_EDGE ( 'NONE', *, *, #4071, .T. ) ;
#1869 = FACE_OUTER_BOUND ( 'NONE', #2349, .T. ) ;
#1870 = FACE_BOUND ( 'NONE', #4525, .T. ) ;
#1871 = DIRECTION ( 'NONE',  ( -0.000000000000000000, -0.000000000000000000, -1.000000000000000000 ) ) ;
#1872 = CIRCLE ( 'NONE', #4397, 0.3711251169736387578 ) ;
#1873 = VERTEX_POINT ( 'NONE', #3850 ) ;
#1874 = PRESENTATION_LAYER_ASSIGNMENT (  '', '', ( #4299 ) ) ;
#1875 = CARTESIAN_POINT ( 'NONE',  ( 1.165300522559156615, 1.303017989562359480, 0.1893700799999999962 ) ) ;
#1876 = CIRCLE ( 'NONE', #4809, 2.018110236220472586 ) ;
#1877 = DIRECTION ( 'NONE',  ( 1.000000000000000000, 0.000000000000000000, 0.000000000000000000 ) ) ;
#1878 = EDGE_CURVE ( 'NONE', #3112, #2620, #2974, .T. ) ;
#1879 = AXIS2_PLACEMENT_3D ( 'NONE', #4373, #1909, #3107 ) ;
#1880 = EDGE_CURVE ( 'NONE', #2626, #891, #491, .T. ) ;
#1881 = DIRECTION ( 'NONE',  ( -1.000000000000000000, 0.000000000000000000, -0.000000000000000000 ) ) ;
#1882 = AXIS2_PLACEMENT_3D ( 'NONE', #4264, #5079, #1480 ) ;
#1883 = ADVANCED_FACE ( 'NONE', ( #527, #4534 ), #4219, .F. ) ;
#1884 = ORIENTED_EDGE ( 'NONE', *, *, #4005, .T. ) ;
#1885 = AXIS2_PLACEMENT_3D ( 'NONE', #1294, #4457, #2887 ) ;
#1886 = LINE ( 'NONE', #183, #1253 ) ;
#1887 = CARTESIAN_POINT ( 'NONE',  ( 2.174454746941104666E-15, 3.813219743898938824E-16, 0.05905511999999997486 ) ) ;
#1888 = AXIS2_PLACEMENT_3D ( 'NONE', #3369, #5027, #993 ) ;
#1889 = DIRECTION ( 'NONE',  ( -0.000000000000000000, -0.000000000000000000, -1.000000000000000000 ) ) ;
#1890 = ORIENTED_EDGE ( 'NONE', *, *, #2246, .F. ) ;
#1891 = ORIENTED_EDGE ( 'NONE', *, *, #3430, .F. ) ;
#1892 = DIRECTION ( 'NONE',  ( 1.000000000000000000, 0.000000000000000000, 0.000000000000000000 ) ) ;
#1893 = AXIS2_PLACEMENT_3D ( 'NONE', #682, #2281, #4715 ) ;
#1894 = EDGE_CURVE ( 'NONE', #4672, #1604, #4869, .T. ) ;
#1895 = ORIENTED_EDGE ( 'NONE', *, *, #1039, .F. ) ;
#1896 = FACE_BOUND ( 'NONE', #91, .T. ) ;
#1897 = ORIENTED_EDGE ( 'NONE', *, *, #2642, .T. ) ;
#1898 = PRESENTATION_STYLE_ASSIGNMENT (( #2271 ) ) ;
#1899 = LINE ( 'NONE', #3500, #2094 ) ;
#1900 = VERTEX_POINT ( 'NONE', #1781 ) ;
#1901 = CARTESIAN_POINT ( 'NONE',  ( 1.372239206268287770, 1.081489668775031943, 0.05905512000000000261 ) ) ;
#1902 = CYLINDRICAL_SURFACE ( 'NONE', #1882, 0.2952755905511810774 ) ;
#1903 = CARTESIAN_POINT ( 'NONE',  ( 2.316054496710747035, 1.099994349197523480, 0.5905511792125984760 ) ) ;
#1904 = AXIS2_PLACEMENT_3D ( 'NONE', #68, #3295, #2510 ) ;
#1905 = DIRECTION ( 'NONE',  ( -0.000000000000000000, -0.000000000000000000, -1.000000000000000000 ) ) ;
#1906 = DIRECTION ( 'NONE',  ( -1.000000000000000000, 0.000000000000000000, 0.000000000000000000 ) ) ;
#1907 = ORIENTED_EDGE ( 'NONE', *, *, #3653, .F. ) ;
#1908 = ORIENTED_EDGE ( 'NONE', *, *, #3561, .F. ) ;
#1909 = DIRECTION ( 'NONE',  ( 0.000000000000000000, 0.000000000000000000, 1.000000000000000000 ) ) ;
#1910 = VERTEX_POINT ( 'NONE', #1022 ) ;
#1911 = AXIS2_PLACEMENT_3D ( 'NONE', #834, #2522, #3281 ) ;
#1912 = FACE_OUTER_BOUND ( 'NONE', #4401, .T. ) ;
#1913 = LINE ( 'NONE', #3511, #3989 ) ;
#1914 = ADVANCED_FACE ( 'NONE', ( #3429 ), #3831, .F. ) ;
#1915 = FACE_OUTER_BOUND ( 'NONE', #3040, .T. ) ;
#1916 = ORIENTED_EDGE ( 'NONE', *, *, #2302, .F. ) ;
#1917 = EDGE_LOOP ( 'NONE', ( #1339, #3983, #5180, #3670 ) ) ;
#1918 = DIRECTION ( 'NONE',  ( -0.000000000000000000, -0.000000000000000000, 1.000000000000000000 ) ) ;
#1919 = EDGE_CURVE ( 'NONE', #1969, #156, #3715, .T. ) ;
#1920 = FACE_BOUND ( 'NONE', #3418, .T. ) ;
#1921 = EDGE_CURVE ( 'NONE', #2975, #932, #2663, .T. ) ;
#1922 = ORIENTED_EDGE ( 'NONE', *, *, #4041, .T. ) ;
#1923 = COLOUR_RGB ( '',0.7921568627450980005, 0.8196078431372548767, 0.9333333333333333481 ) ;
#1924 = FACE_OUTER_BOUND ( 'NONE', #593, .T. ) ;
#1925 = EDGE_CURVE ( 'NONE', #1653, #562, #4230, .T. ) ;
#1926 = CARTESIAN_POINT ( 'NONE',  ( -2.415511303806090471, 0.8598843766371754294, 0.5905511792125984760 ) ) ;
#1927 = DIRECTION ( 'NONE',  ( 0.000000000000000000, 0.000000000000000000, -1.000000000000000000 ) ) ;
#1928 = ORIENTED_EDGE ( 'NONE', *, *, #2156, .T. ) ;
#1929 = CARTESIAN_POINT ( 'NONE',  ( -1.607302358896258720, 1.718805732558593924, 0.3149606299212598381 ) ) ;
#1930 = FACE_OUTER_BOUND ( 'NONE', #3851, .T. ) ;
#1931 = DIRECTION ( 'NONE',  ( 0.000000000000000000, 0.000000000000000000, -1.000000000000000000 ) ) ;
#1932 = DIRECTION ( 'NONE',  ( -0.000000000000000000, -0.000000000000000000, -1.000000000000000000 ) ) ;
#1933 = CARTESIAN_POINT ( 'NONE',  ( 2.174454746941104666E-15, 3.813219743898938824E-16, 0.4256760242917309034 ) ) ;
#1934 = ORIENTED_EDGE ( 'NONE', *, *, #4791, .F. ) ;
#1935 = ORIENTED_EDGE ( 'NONE', *, *, #963, .F. ) ;
#1936 = VECTOR ( 'NONE', #4995, 39.37007874015748143 ) ;
#1937 = ORIENTED_EDGE ( 'NONE', *, *, #1003, .T. ) ;
#1938 =( LENGTH_UNIT ( ) NAMED_UNIT ( * ) SI_UNIT ( $, .METRE. ) );
#1939 = PLANE ( 'NONE',  #4907 ) ;
#1940 = ORIENTED_EDGE ( 'NONE', *, *, #1716, .T. ) ;
#1941 = EDGE_CURVE ( 'NONE', #769, #3284, #4225, .T. ) ;
#1942 = ORIENTED_EDGE ( 'NONE', *, *, #1472, .T. ) ;
#1943 =( GEOMETRIC_REPRESENTATION_CONTEXT ( 3 ) GLOBAL_UNCERTAINTY_ASSIGNED_CONTEXT ( ( #4074 ) ) GLOBAL_UNIT_ASSIGNED_CONTEXT ( ( #1854, #4034, #2013 ) ) REPRESENTATION_CONTEXT ( 'NONE', 'WORKASPACE' ) );
#1944 = LINE ( 'NONE', #5120, #3319 ) ;
#1945 = EDGE_LOOP ( 'NONE', ( #1589, #4653, #3639, #3350 ) ) ;
#1946 = ADVANCED_FACE ( 'NONE', ( #3558 ), #4394, .F. ) ;
#1947 = DIRECTION ( 'NONE',  ( -0.000000000000000000, -0.000000000000000000, -1.000000000000000000 ) ) ;
#1948 = AXIS2_PLACEMENT_3D ( 'NONE', #4747, #2440, #4821 ) ;
#1949 = DIRECTION ( 'NONE',  ( 1.000000000000000000, 0.000000000000000000, 0.000000000000000000 ) ) ;
#1950 = ORIENTED_EDGE ( 'NONE', *, *, #356, .T. ) ;
#1951 = EDGE_CURVE ( 'NONE', #4478, #1399, #3131, .T. ) ;
#1952 = CARTESIAN_POINT ( 'NONE',  ( -1.217053735489348254, 1.609845592239883549, 0.4396422887864168683 ) ) ;
#1953 = CARTESIAN_POINT ( 'NONE',  ( 2.217919041190445029, 0.01505167804208845661, 0.000000000000000000 ) ) ;
#1954 = DIRECTION ( 'NONE',  ( 1.000000000000000000, 0.000000000000000000, 0.000000000000000000 ) ) ;
#1955 = PRESENTATION_LAYER_ASSIGNMENT (  '', '', ( #3634 ) ) ;
#1956 = AXIS2_PLACEMENT_3D ( 'NONE', #1719, #4132, #3311 ) ;
#1957 = VERTEX_POINT ( 'NONE', #1538 ) ;
#1958 = SURFACE_SIDE_STYLE ('',( #4763 ) ) ;
#1959 = AXIS2_PLACEMENT_3D ( 'NONE', #2152, #4889, #3337 ) ;
#1960 = AXIS2_PLACEMENT_3D ( 'NONE', #5109, #4768, #4320 ) ;
#1961 =( NAMED_UNIT ( * ) SI_UNIT ( $, .STERADIAN. ) SOLID_ANGLE_UNIT ( ) );
#1962 = VECTOR ( 'NONE', #1774, 39.37007874015748143 ) ;
#1963 = ORIENTED_EDGE ( 'NONE', *, *, #972, .T. ) ;
#1964 = DIRECTION ( 'NONE',  ( -1.000000000000000000, 0.000000000000000000, 0.000000000000000000 ) ) ;
#1965 = DIRECTION ( 'NONE',  ( 0.000000000000000000, 0.000000000000000000, -1.000000000000000000 ) ) ;
#1966 = CIRCLE ( 'NONE', #1021, 1.708259842519683991 ) ;
#1967 = EDGE_LOOP ( 'NONE', ( #4032, #798, #1155, #1973 ) ) ;
#1968 = APPLICATION_CONTEXT ( 'automotive_design' ) ;
#1969 = VERTEX_POINT ( 'NONE', #2336 ) ;
#1970 = LINE ( 'NONE', #5221, #4985 ) ;
#1971 = PRESENTATION_LAYER_ASSIGNMENT (  '', '', ( #1628 ) ) ;
#1972 = LINE ( 'NONE', #3912, #4099 ) ;
#1973 = ORIENTED_EDGE ( 'NONE', *, *, #4221, .F. ) ;
#1974 = DIRECTION ( 'NONE',  ( -0.000000000000000000, -0.000000000000000000, 1.000000000000000000 ) ) ;
#1975 = ADVANCED_FACE ( 'NONE', ( #3953 ), #2689, .F. ) ;
#1976 = DIRECTION ( 'NONE',  ( -0.000000000000000000, -0.000000000000000000, 1.000000000000000000 ) ) ;
#1977 = ADVANCED_FACE ( 'NONE', ( #3531 ), #4717, .F. ) ;
#1978 = COLOUR_RGB ( '',0.7921568627450980005, 0.8196078431372548767, 0.9333333333333333481 ) ;
#1979 = DIRECTION ( 'NONE',  ( 0.6183389601406238389, -0.7859115283364992433, -0.000000000000000000 ) ) ;
#1980 = CARTESIAN_POINT ( 'NONE',  ( -2.197853539998620764, 1.718805732558593924, 0.3149606299212598381 ) ) ;
#1981 = ORIENTED_EDGE ( 'NONE', *, *, #1794, .F. ) ;
#1982 = DIRECTION ( 'NONE',  ( -0.5945412779043088847, 0.8040650899447826516, 3.665114028111720063E-18 ) ) ;
#1983 = AXIS2_PLACEMENT_3D ( 'NONE', #2765, #2846, #3615 ) ;
#1984 = FACE_OUTER_BOUND ( 'NONE', #2842, .T. ) ;
#1985 = CIRCLE ( 'NONE', #2647, 0.03499999999999976047 ) ;
#1986 = ORIENTED_EDGE ( 'NONE', *, *, #1990, .T. ) ;
#1987 = CARTESIAN_POINT ( 'NONE',  ( 2.358663411130414111, -2.235890630821338654, 0.1771653543307086798 ) ) ;
#1988 = ORIENTED_EDGE ( 'NONE', *, *, #3093, .F. ) ;
#1989 = DIRECTION ( 'NONE',  ( -0.000000000000000000, -0.000000000000000000, -1.000000000000000000 ) ) ;
#1990 = EDGE_CURVE ( 'NONE', #3246, #2748, #96, .T. ) ;
#1991 = VERTEX_POINT ( 'NONE', #2483 ) ;
#1992 = CARTESIAN_POINT ( 'NONE',  ( 0.000000000000000000, 0.000000000000000000, 0.5905511792125984760 ) ) ;
#1993 = DIRECTION ( 'NONE',  ( 0.000000000000000000, 0.000000000000000000, 1.000000000000000000 ) ) ;
#1994 = CIRCLE ( 'NONE', #1226, 0.03937008000000002950 ) ;
#1995 = ORIENTED_EDGE ( 'NONE', *, *, #859, .T. ) ;
#1996 = DIRECTION ( 'NONE',  ( -0.000000000000000000, -0.000000000000000000, -1.000000000000000000 ) ) ;
#1997 = AXIS2_PLACEMENT_3D ( 'NONE', #2714, #3478, #227 ) ;
#1998 = AXIS2_PLACEMENT_3D ( 'NONE', #4707, #295, #3575 ) ;
#1999 = AXIS2_PLACEMENT_3D ( 'NONE', #4044, #2766, #4431 ) ;
#2000 = ORIENTED_EDGE ( 'NONE', *, *, #3515, .F. ) ;
#2001 = ADVANCED_FACE ( 'NONE', ( #2840 ), #388, .F. ) ;
#2002 = FILL_AREA_STYLE_COLOUR ( '', #2783 ) ;
#2003 = FACE_OUTER_BOUND ( 'NONE', #1967, .T. ) ;
#2004 = SURFACE_STYLE_USAGE ( .BOTH. , #801 ) ;
#2005 = AXIS2_PLACEMENT_3D ( 'NONE', #2087, #826, #44 ) ;
#2006 = ORIENTED_EDGE ( 'NONE', *, *, #2520, .F. ) ;
#2007 = LINE ( 'NONE', #346, #3827 ) ;
#2008 = DIRECTION ( 'NONE',  ( 1.000000000000000000, 0.000000000000000000, 0.000000000000000000 ) ) ;
#2009 = CARTESIAN_POINT ( 'NONE',  ( -1.205330624265594119, 1.618641625601626055, 0.4335800143087131797 ) ) ;
#2010 = EDGE_CURVE ( 'NONE', #1243, #3078, #2390, .T. ) ;
#2011 = EDGE_LOOP ( 'NONE', ( #719, #3033, #5208, #2676, #2694, #4769 ) ) ;
#2012 = CARTESIAN_POINT ( 'NONE',  ( 2.174454746941104666E-15, 3.813219743898938824E-16, 0.1893700799999999962 ) ) ;
#2013 =( NAMED_UNIT ( * ) SI_UNIT ( $, .STERADIAN. ) SOLID_ANGLE_UNIT ( ) );
#2014 = EDGE_LOOP ( 'NONE', ( #4727, #1581, #2794, #738 ) ) ;
#2015 = CIRCLE ( 'NONE', #4936, 0.3711251169736392019 ) ;
#2016 = LINE ( 'NONE', #1987, #1424 ) ;
#2017 = AXIS2_PLACEMENT_3D ( 'NONE', #4749, #5090, #2743 ) ;
#2018 = ORIENTED_EDGE ( 'NONE', *, *, #2184, .F. ) ;
#2019 = ORIENTED_EDGE ( 'NONE', *, *, #411, .T. ) ;
#2020 = CIRCLE ( 'NONE', #4694, 0.2952755905511810774 ) ;
#2021 = DIRECTION ( 'NONE',  ( 0.000000000000000000, 0.000000000000000000, 1.000000000000000000 ) ) ;
#2022 = ORIENTED_EDGE ( 'NONE', *, *, #3315, .T. ) ;
#2023 = EDGE_CURVE ( 'NONE', #2317, #4036, #946, .T. ) ;
#2024 = SURFACE_SIDE_STYLE ('',( #818 ) ) ;
#2025 = LINE ( 'NONE', #2416, #29 ) ;
#2026 = DIMENSIONAL_EXPONENTS ( 1.000000000000000000, 0.000000000000000000, 0.000000000000000000, 0.000000000000000000, 0.000000000000000000, 0.000000000000000000, 0.000000000000000000 ) ;
#2027 = EDGE_CURVE ( 'NONE', #1566, #4463, #4983, .T. ) ;
#2028 = DIRECTION ( 'NONE',  ( -1.000000000000000000, 0.000000000000000000, 0.000000000000000000 ) ) ;
#2029 = ADVANCED_FACE ( 'NONE', ( #896 ), #4065, .T. ) ;
#2030 = SURFACE_STYLE_FILL_AREA ( #2870 ) ;
#2031 = EDGE_LOOP ( 'NONE', ( #1007, #1767, #273, #2220 ) ) ;
#2032 = AXIS2_PLACEMENT_3D ( 'NONE', #1610, #1905, #3506 ) ;
#2033 = SURFACE_SIDE_STYLE ('',( #2768 ) ) ;
#2034 = DIRECTION ( 'NONE',  ( 0.000000000000000000, 0.000000000000000000, 1.000000000000000000 ) ) ;
#2035 = VECTOR ( 'NONE', #892, 39.37007874015748143 ) ;
#2036 = ORIENTED_EDGE ( 'NONE', *, *, #2197, .F. ) ;
#2037 = LENGTH_MEASURE_WITH_UNIT ( LENGTH_MEASURE( 0.02539999999999999897 ), #1629 );
#2038 = EDGE_CURVE ( 'NONE', #1227, #3325, #1461, .T. ) ;
#2039 = PRESENTATION_LAYER_ASSIGNMENT (  '', '', ( #1346 ) ) ;
#2040 = VERTEX_POINT ( 'NONE', #815 ) ;
#2041 =( CONVERSION_BASED_UNIT ( 'INCH', #2452 ) LENGTH_UNIT ( ) NAMED_UNIT ( #2026 ) );
#2042 = CYLINDRICAL_SURFACE ( 'NONE', #3840, 0.3711251169736392019 ) ;
#2043 = CARTESIAN_POINT ( 'NONE',  ( 1.430946119374014502, 1.077630320777799078, 0.1893700799999999962 ) ) ;
#2044 = CARTESIAN_POINT ( 'NONE',  ( 2.387235954880960964, -2.262975920977241984, 0.05905512000000000955 ) ) ;
#2045 = AXIS2_PLACEMENT_3D ( 'NONE', #1836, #5010, #2311 ) ;
#2046 = ORIENTED_EDGE ( 'NONE', *, *, #451, .F. ) ;
#2047 = CARTESIAN_POINT ( 'NONE',  ( 1.347869548518122462, 1.112410907112883374, 0.4318889433028857971 ) ) ;
#2048 = FACE_OUTER_BOUND ( 'NONE', #1782, .T. ) ;
#2049 = VECTOR ( 'NONE', #2509, 39.37007874015748143 ) ;
#2050 =( NAMED_UNIT ( * ) PLANE_ANGLE_UNIT ( ) SI_UNIT ( $, .RADIAN. ) );
#2051 = ORIENTED_EDGE ( 'NONE', *, *, #2958, .F. ) ;
#2052 = CARTESIAN_POINT ( 'NONE',  ( 3.687994791446755246E-15, 0.000000000000000000, 0.1893700799999998019 ) ) ;
#2053 = EDGE_LOOP ( 'NONE', ( #2075, #2265, #2169, #2494, #3472 ) ) ;
#2054 = AXIS2_PLACEMENT_3D ( 'NONE', #4110, #2076, #4476 ) ;
#2055 = LENGTH_MEASURE_WITH_UNIT ( LENGTH_MEASURE( 0.02539999999999999897 ), #1938 );
#2056 = EDGE_CURVE ( 'NONE', #1414, #2798, #1380, .T. ) ;
#2057 = CARTESIAN_POINT ( 'NONE',  ( -2.018110236220468590, 2.471472241113910741E-16, 0.1893700799999998019 ) ) ;
#2058 = EDGE_CURVE ( 'NONE', #1910, #1030, #871, .T. ) ;
#2059 = EDGE_CURVE ( 'NONE', #2515, #3284, #3269, .T. ) ;
#2060 = CARTESIAN_POINT ( 'NONE',  ( -1.423530142007406241, -1.902577949447445738, 0.000000000000000000 ) ) ;
#2061 = VECTOR ( 'NONE', #2560, 39.37007874015748143 ) ;
#2062 = EDGE_LOOP ( 'NONE', ( #1386, #1895, #515, #1495 ) ) ;
#2063 = CARTESIAN_POINT ( 'NONE',  ( -1.511927958270385286, -2.531765971032975404, 0.000000000000000000 ) ) ;
#2064 = LINE ( 'NONE', #4774, #2306 ) ;
#2065 = CARTESIAN_POINT ( 'NONE',  ( -1.163631225533358293, 1.648863519931766053, 0.2642235189435861442 ) ) ;
#2066 = CIRCLE ( 'NONE', #3818, 1.921313263826067930 ) ;
#2067 = EDGE_LOOP ( 'NONE', ( #2724, #4293, #723, #2233 ) ) ;
#2068 = EDGE_CURVE ( 'NONE', #3541, #3423, #522, .T. ) ;
#2069 = AXIS2_PLACEMENT_3D ( 'NONE', #1614, #4867, #1268 ) ;
#2070 = CARTESIAN_POINT ( 'NONE',  ( 1.725412595116719183, -1.718805732558607247, 0.5905511792125984760 ) ) ;
#2071 = CARTESIAN_POINT ( 'NONE',  ( 1.327040680039471399, 1.303017989562359480, 0.1499999999999999944 ) ) ;
#2072 = AXIS2_PLACEMENT_3D ( 'NONE', #5081, #5031, #1434 ) ;
#2073 = ORIENTED_EDGE ( 'NONE', *, *, #2582, .F. ) ;
#2074 = CYLINDRICAL_SURFACE ( 'NONE', #4313, 0.03937008000000002950 ) ;
#2075 = ORIENTED_EDGE ( 'NONE', *, *, #1430, .F. ) ;
#2076 = DIRECTION ( 'NONE',  ( -0.000000000000000000, -0.000000000000000000, 1.000000000000000000 ) ) ;
#2077 = AXIS2_PLACEMENT_3D ( 'NONE', #4324, #257, #4245 ) ;
#2078 = CYLINDRICAL_SURFACE ( 'NONE', #4559, 0.3711251169736395905 ) ;
#2079 =( CONVERSION_BASED_UNIT ( 'INCH', #2436 ) LENGTH_UNIT ( ) NAMED_UNIT ( #5041 ) );
#2080 = ORIENTED_EDGE ( 'NONE', *, *, #2554, .T. ) ;
#2081 = VECTOR ( 'NONE', #4376, 39.37007874015748854 ) ;
#2082 =( NAMED_UNIT ( * ) PLANE_ANGLE_UNIT ( ) SI_UNIT ( $, .RADIAN. ) );
#2083 = CARTESIAN_POINT ( 'NONE',  ( 1.441263592425037654, -0.9170119665061341463, 0.1893700799999999962 ) ) ;
#2084 = DIRECTION ( 'NONE',  ( 1.000000000000000000, 0.000000000000000000, 0.000000000000000000 ) ) ;
#2085 = VECTOR ( 'NONE', #151, 39.37007874015748143 ) ;
#2086 = CARTESIAN_POINT ( 'NONE',  ( -1.744308096641895123, -0.1077014859492919502, 0.4021517704780935287 ) ) ;
#2087 = CARTESIAN_POINT ( 'NONE',  ( -1.811177625312218042, -0.2947212404431331367, 0.1499999999999999944 ) ) ;
#2088 = UNCERTAINTY_MEASURE_WITH_UNIT (LENGTH_MEASURE( 1.000000000000000082E-05 ), #3676, 'distance_accuracy_value', 'NONE');
#2089 = ORIENTED_EDGE ( 'NONE', *, *, #321, .F. ) ;
#2090 = AXIS2_PLACEMENT_3D ( 'NONE', #1577, #700, #4308 ) ;
#2091 =( NAMED_UNIT ( * ) SI_UNIT ( $, .STERADIAN. ) SOLID_ANGLE_UNIT ( ) );
#2092 = ORIENTED_EDGE ( 'NONE', *, *, #5215, .T. ) ;
#2093 = CARTESIAN_POINT ( 'NONE',  ( -1.318194783058897812, 1.528123916053899967, 0.2447614031545247426 ) ) ;
#2094 = VECTOR ( 'NONE', #348, 39.37007874015748143 ) ;
#2095 = EDGE_LOOP ( 'NONE', ( #1484, #1661, #1708, #76 ) ) ;
#2096 = DIRECTION ( 'NONE',  ( -0.6183389601406238389, 0.7859115283364992433, -0.000000000000000000 ) ) ;
#2097 = EDGE_CURVE ( 'NONE', #3951, #5141, #436, .T. ) ;
#2098 = AXIS2_PLACEMENT_3D ( 'NONE', #1867, #5045, #2267 ) ;
#2099 = CARTESIAN_POINT ( 'NONE',  ( -2.072479592269969029, 0.7182401133248325076, 0.5905511792125984760 ) ) ;
#2100 = CARTESIAN_POINT ( 'NONE',  ( 1.305102554981327101, -1.539324541589086381, 0.2286396808886789200 ) ) ;
#2101 = ORIENTED_EDGE ( 'NONE', *, *, #1763, .T. ) ;
#2102 = EDGE_CURVE ( 'NONE', #3995, #1485, #604, .T. ) ;
#2103 = VERTEX_POINT ( 'NONE', #4918 ) ;
#2104 = DIRECTION ( 'NONE',  ( 0.000000000000000000, 0.000000000000000000, 1.000000000000000000 ) ) ;
#2105 = DIRECTION ( 'NONE',  ( 0.000000000000000000, 0.000000000000000000, 1.000000000000000000 ) ) ;
#2106 = DIRECTION ( 'NONE',  ( 0.000000000000000000, 0.000000000000000000, 1.000000000000000000 ) ) ;
#2107 = ORIENTED_EDGE ( 'NONE', *, *, #2811, .F. ) ;
#2108 = AXIS2_PLACEMENT_3D ( 'NONE', #1439, #4647, #1029 ) ;
#2109 =( NAMED_UNIT ( * ) SI_UNIT ( $, .STERADIAN. ) SOLID_ANGLE_UNIT ( ) );
#2110 = DIRECTION ( 'NONE',  ( -0.000000000000000000, -0.000000000000000000, 1.000000000000000000 ) ) ;
#2111 = DIRECTION ( 'NONE',  ( 0.000000000000000000, 0.000000000000000000, 1.000000000000000000 ) ) ;
#2112 = CARTESIAN_POINT ( 'NONE',  ( -0.7819652264139465014, 1.518776505692908119, 0.4256760242917309034 ) ) ;
#2113 = DIRECTION ( 'NONE',  ( 1.716235376427243772E-17, -2.181342685193818721E-17, 1.000000000000000000 ) ) ;
#2114 = ORIENTED_EDGE ( 'NONE', *, *, #2409, .T. ) ;
#2115 = AXIS2_PLACEMENT_3D ( 'NONE', #4365, #4709, #4735 ) ;
#2116 = VECTOR ( 'NONE', #3581, 39.37007874015748854 ) ;
#2117 = CARTESIAN_POINT ( 'NONE',  ( 1.292040680039471479, 1.303017989562359480, 0.5084752992119263570 ) ) ;
#2118 = ORIENTED_EDGE ( 'NONE', *, *, #4745, .F. ) ;
#2119 = FILL_AREA_STYLE ('',( #3280 ) ) ;
#2120 = EDGE_CURVE ( 'NONE', #2731, #2824, #1115, .T. ) ;
#2121 = DIRECTION ( 'NONE',  ( -0.6183389601406238389, 0.7859115283364991322, 2.775557561562890118E-17 ) ) ;
#2122 = EDGE_CURVE ( 'NONE', #3860, #2731, #1345, .T. ) ;
#2123 = ORIENTED_EDGE ( 'NONE', *, *, #587, .T. ) ;
#2124 = FACE_OUTER_BOUND ( 'NONE', #1136, .T. ) ;
#2125 = ORIENTED_EDGE ( 'NONE', *, *, #4493, .T. ) ;
#2126 = FACE_OUTER_BOUND ( 'NONE', #4577, .T. ) ;
#2127 = ADVANCED_FACE ( 'NONE', ( #3799 ), #175, .F. ) ;
#2128 = PLANE ( 'NONE',  #3815 ) ;
#2129 = VERTEX_POINT ( 'NONE', #3424 ) ;
#2130 = VECTOR ( 'NONE', #2627, 39.37007874015748143 ) ;
#2131 = DIRECTION ( 'NONE',  ( 1.000000000000000000, 0.000000000000000000, 0.000000000000000000 ) ) ;
#2132 = CARTESIAN_POINT ( 'NONE',  ( -1.734196568239549263, 2.848041460917411172, -1.712805878136521927E-16 ) ) ;
#2133 = CARTESIAN_POINT ( 'NONE',  ( 1.150535905705080131, -1.658021729417696655, 0.3326993214415842059 ) ) ;
#2134 = AXIS2_PLACEMENT_3D ( 'NONE', #2356, #2780, #3130 ) ;
#2135 = LINE ( 'NONE', #3721, #4185 ) ;
#2136 = ORIENTED_EDGE ( 'NONE', *, *, #3998, .T. ) ;
#2137 = DIRECTION ( 'NONE',  ( 1.000000000000000000, 7.360989242499320854E-16, 0.000000000000000000 ) ) ;
#2138 = CYLINDRICAL_SURFACE ( 'NONE', #1152, 0.1771653543307085410 ) ;
#2139 =( GEOMETRIC_REPRESENTATION_CONTEXT ( 3 ) GLOBAL_UNCERTAINTY_ASSIGNED_CONTEXT ( ( #3698 ) ) GLOBAL_UNIT_ASSIGNED_CONTEXT ( ( #3935, #3199, #4827 ) ) REPRESENTATION_CONTEXT ( 'NONE', 'WORKASPACE' ) );
#2140 = ORIENTED_EDGE ( 'NONE', *, *, #4679, .T. ) ;
#2141 = FACE_OUTER_BOUND ( 'NONE', #565, .T. ) ;
#2142 = AXIS2_PLACEMENT_3D ( 'NONE', #2398, #1663, #3207 ) ;
#2143 = AXIS2_PLACEMENT_3D ( 'NONE', #4345, #761, #5157 ) ;
#2144 = CARTESIAN_POINT ( 'NONE',  ( 1.099994349197612298, -2.316054496710705735, 0.000000000000000000 ) ) ;
#2145 = VECTOR ( 'NONE', #2658, 39.37007874015748143 ) ;
#2146 = CARTESIAN_POINT ( 'NONE',  ( 1.241706270817392932, -1.590910675723451906, 0.2038003362351171743 ) ) ;
#2147 = ORIENTED_EDGE ( 'NONE', *, *, #1331, .T. ) ;
#2148 = VECTOR ( 'NONE', #2413, 39.37007874015748143 ) ;
#2149 = CYLINDRICAL_SURFACE ( 'NONE', #5198, 0.1771653543307085410 ) ;
#2150 = LENGTH_MEASURE_WITH_UNIT ( LENGTH_MEASURE( 0.02539999999999999897 ), #4550 );
#2151 = EDGE_CURVE ( 'NONE', #4695, #3510, #4987, .T. ) ;
#2152 = CARTESIAN_POINT ( 'NONE',  ( -1.904483997233121562, 2.420607507276417714, 0.4458031496062992427 ) ) ;
#2153 = DIRECTION ( 'NONE',  ( 0.000000000000000000, 0.000000000000000000, -1.000000000000000000 ) ) ;
#2154 = AXIS2_PLACEMENT_3D ( 'NONE', #2542, #4147, #532 ) ;
#2155 = CARTESIAN_POINT ( 'NONE',  ( -1.846177625312217963, -0.2947212404431331367, 0.1893700799999999962 ) ) ;
#2156 = EDGE_CURVE ( 'NONE', #235, #4932, #100, .T. ) ;
#2157 = CARTESIAN_POINT ( 'NONE',  ( -2.316054496710616917, -1.099994349197570775, 0.05905512000000000261 ) ) ;
#2158 = CARTESIAN_POINT ( 'NONE',  ( -1.753640049555585501, -0.4076481853862002347, 0.05905511999999997486 ) ) ;
#2159 = EDGE_CURVE ( 'NONE', #4662, #2473, #1018, .T. ) ;
#2160 = CARTESIAN_POINT ( 'NONE',  ( -1.686082836507389660, -0.2743653731806722229, 0.05905511999999997486 ) ) ;
#2161 = EDGE_CURVE ( 'NONE', #562, #1653, #1204, .T. ) ;
#2162 = ORIENTED_EDGE ( 'NONE', *, *, #311, .T. ) ;
#2163 = SURFACE_STYLE_FILL_AREA ( #4903 ) ;
#2164 = VECTOR ( 'NONE', #577, 39.37007874015748143 ) ;
#2165 = CARTESIAN_POINT ( 'NONE',  ( -2.531765971032929219, 1.511927958270396388, 0.5905511792125984760 ) ) ;
#2166 = AXIS2_PLACEMENT_3D ( 'NONE', #2292, #2747, #695 ) ;
#2167 = CARTESIAN_POINT ( 'NONE',  ( 1.462395485704951925, 1.101314504457819199, 0.1499999999999999944 ) ) ;
#2168 = DIMENSIONAL_EXPONENTS ( 1.000000000000000000, 0.000000000000000000, 0.000000000000000000, 0.000000000000000000, 0.000000000000000000, 0.000000000000000000, 0.000000000000000000 ) ;
#2169 = ORIENTED_EDGE ( 'NONE', *, *, #3157, .F. ) ;
#2170 = DIRECTION ( 'NONE',  ( -0.000000000000000000, -0.000000000000000000, 1.000000000000000000 ) ) ;
#2171 = LINE ( 'NONE', #2574, #808 ) ;
#2172 = CARTESIAN_POINT ( 'NONE',  ( 1.184114724449460976, -1.634219452785874882, 0.2335778614962479571 ) ) ;
#2173 = EDGE_LOOP ( 'NONE', ( #2266, #1042, #287, #4649 ) ) ;
#2174 = DIRECTION ( 'NONE',  ( -0.000000000000000000, -0.000000000000000000, -1.000000000000000000 ) ) ;
#2175 = CIRCLE ( 'NONE', #5171, 0.03937008000000002950 ) ;
#2176 = CARTESIAN_POINT ( 'NONE',  ( -2.384330410374777554, 2.386624379193603041, 0.05905511999999997486 ) ) ;
#2177 = DIRECTION ( 'NONE',  ( -1.000000000000000000, 0.000000000000000000, 0.000000000000000000 ) ) ;
#2178 = EDGE_CURVE ( 'NONE', #4328, #3488, #623, .T. ) ;
#2179 = CARTESIAN_POINT ( 'NONE',  ( 2.079743303778136099, -1.718805732558607247, 0.5905511792125984760 ) ) ;
#2180 = DIRECTION ( 'NONE',  ( 0.6183389601406238389, -0.7859115283364992433, -0.000000000000000000 ) ) ;
#2181 = DIRECTION ( 'NONE',  ( -5.366600396873987007E-16, -3.869166239580926818E-16, -1.000000000000000000 ) ) ;
#2182 = CARTESIAN_POINT ( 'NONE',  ( 1.292040680039471479, 1.303017989562359480, 0.05905511999999999567 ) ) ;
#2183 = LINE ( 'NONE', #2536, #2921 ) ;
#2184 = EDGE_CURVE ( 'NONE', #2774, #4536, #268, .T. ) ;
#2185 = CONICAL_SURFACE ( 'NONE', #1246, 0.1405570000000000153, 0.02993239667170281143 ) ;
#2186 = CARTESIAN_POINT ( 'NONE',  ( -1.902577949447439742, 1.718805732558593924, 0.05905512000000000261 ) ) ;
#2187 = ORIENTED_EDGE ( 'NONE', *, *, #4958, .F. ) ;
#2188 = DIRECTION ( 'NONE',  ( 0.000000000000000000, -1.000000000000000000, 2.181342685193834128E-17 ) ) ;
#2189 = AXIS2_PLACEMENT_3D ( 'NONE', #2722, #4696, #715 ) ;
#2190 = ORIENTED_EDGE ( 'NONE', *, *, #4411, .T. ) ;
#2191 = DIRECTION ( 'NONE',  ( 0.000000000000000000, 0.000000000000000000, 1.000000000000000000 ) ) ;
#2192 = DIRECTION ( 'NONE',  ( -0.000000000000000000, -0.000000000000000000, -1.000000000000000000 ) ) ;
#2193 = AXIS2_PLACEMENT_3D ( 'NONE', #3649, #4508, #24 ) ;
#2194 = ORIENTED_EDGE ( 'NONE', *, *, #82, .T. ) ;
#2195 = DIRECTION ( 'NONE',  ( -0.000000000000000000, -0.000000000000000000, -1.000000000000000000 ) ) ;
#2196 = EDGE_LOOP ( 'NONE', ( #3985, #701, #4473, #4691, #556, #2327 ) ) ;
#2197 = EDGE_CURVE ( 'NONE', #4932, #235, #1109, .T. ) ;
#2198 = DIRECTION ( 'NONE',  ( -0.000000000000000000, -0.000000000000000000, -1.000000000000000000 ) ) ;
#2199 = ORIENTED_EDGE ( 'NONE', *, *, #1858, .F. ) ;
#2200 = ORIENTED_EDGE ( 'NONE', *, *, #2682, .F. ) ;
#2201 = LINE ( 'NONE', #1314, #2599 ) ;
#2202 = FACE_BOUND ( 'NONE', #4203, .T. ) ;
#2203 = FACE_OUTER_BOUND ( 'NONE', #2031, .T. ) ;
#2204 = DIRECTION ( 'NONE',  ( 0.000000000000000000, 0.000000000000000000, 1.000000000000000000 ) ) ;
#2205 = CARTESIAN_POINT ( 'NONE',  ( 1.591427958270429155, 2.531765971032936324, 0.05905512000000000261 ) ) ;
#2206 = CARTESIAN_POINT ( 'NONE',  ( -1.099994349197482402, 2.316054496710660882, 0.000000000000000000 ) ) ;
#2207 = CARTESIAN_POINT ( 'NONE',  ( 1.758540622567402067, -2.878982860660942222, 0.05905512000000000261 ) ) ;
#2208 = CARTESIAN_POINT ( 'NONE',  ( -2.758543015342211913, 1.001528639949516908, 0.5905511792125984760 ) ) ;
#2209 = ORIENTED_EDGE ( 'NONE', *, *, #2712, .F. ) ;
#2210 = EDGE_CURVE ( 'NONE', #222, #4986, #4114, .T. ) ;
#2211 = ORIENTED_EDGE ( 'NONE', *, *, #5063, .F. ) ;
#2212 = DIRECTION ( 'NONE',  ( 1.000000000000000000, 0.000000000000000000, 0.000000000000000000 ) ) ;
#2213 = VECTOR ( 'NONE', #282, 39.37007874015748143 ) ;
#2214 = FILL_AREA_STYLE ('',( #3408 ) ) ;
#2215 = ADVANCED_FACE ( 'NONE', ( #1727 ), #3318, .F. ) ;
#2216 = DIRECTION ( 'NONE',  ( 1.000000000000000000, 0.000000000000000000, 0.000000000000000000 ) ) ;
#2217 = VERTEX_POINT ( 'NONE', #1405 ) ;
#2218 = VERTEX_POINT ( 'NONE', #119 ) ;
#2219 = PLANE ( 'NONE',  #1013 ) ;
#2220 = ORIENTED_EDGE ( 'NONE', *, *, #2056, .F. ) ;
#2221 = CARTESIAN_POINT ( 'NONE',  ( 3.687994791446755246E-15, 0.000000000000000000, 0.4921259842519685179 ) ) ;
#2222 =( GEOMETRIC_REPRESENTATION_CONTEXT ( 3 ) GLOBAL_UNCERTAINTY_ASSIGNED_CONTEXT ( ( #3227 ) ) GLOBAL_UNIT_ASSIGNED_CONTEXT ( ( #3657, #3598, #1142 ) ) REPRESENTATION_CONTEXT ( 'NONE', 'WORKASPACE' ) );
#2223 = AXIS2_PLACEMENT_3D ( 'NONE', #1040, #196, #3365 ) ;
#2224 = ORIENTED_EDGE ( 'NONE', *, *, #4526, .F. ) ;
#2225 = EDGE_LOOP ( 'NONE', ( #3053, #249, #748, #1036 ) ) ;
#2226 = CARTESIAN_POINT ( 'NONE',  ( -1.718805732558587263, -1.902577949447445738, 0.000000000000000000 ) ) ;
#2227 = DIRECTION ( 'NONE',  ( 1.000000000000000000, 0.000000000000000000, 0.000000000000000000 ) ) ;
#2228 = CARTESIAN_POINT ( 'NONE',  ( 1.638506277379062404, -0.8261490053188953464, 0.1893700799999999962 ) ) ;
#2229 = DIRECTION ( 'NONE',  ( 0.000000000000000000, 0.000000000000000000, -1.000000000000000000 ) ) ;
#2230 = CARTESIAN_POINT ( 'NONE',  ( -0.8399812222671370066, 1.631458410820978866, 0.1499999999999999944 ) ) ;
#2231 = DIRECTION ( 'NONE',  ( 0.000000000000000000, 0.000000000000000000, 1.000000000000000000 ) ) ;
#2232 = DIRECTION ( 'NONE',  ( 1.000000000000000000, 0.000000000000000000, 0.000000000000000000 ) ) ;
#2233 = ORIENTED_EDGE ( 'NONE', *, *, #2985, .F. ) ;
#2234 = DIRECTION ( 'NONE',  ( 1.000000000000000000, 0.000000000000000000, 0.000000000000000000 ) ) ;
#2235 = PLANE ( 'NONE',  #1120 ) ;
#2236 = VERTEX_POINT ( 'NONE', #2607 ) ;
#2237 = DIRECTION ( 'NONE',  ( -0.000000000000000000, -0.000000000000000000, 1.000000000000000000 ) ) ;
#2238 = VERTEX_POINT ( 'NONE', #1750 ) ;
#2239 = EDGE_LOOP ( 'NONE', ( #4689, #4725, #232, #1474 ) ) ;
#2240 = LINE ( 'NONE', #2348, #1849 ) ;
#2241 = ORIENTED_EDGE ( 'NONE', *, *, #1382, .T. ) ;
#2242 = EDGE_CURVE ( 'NONE', #4012, #2217, #4941, .T. ) ;
#2243 = EDGE_LOOP ( 'NONE', ( #4826, #343, #4472, #663 ) ) ;
#2244 = LINE ( 'NONE', #3843, #1192 ) ;
#2245 = DIRECTION ( 'NONE',  ( 1.000000000000000000, 0.000000000000000000, 0.000000000000000000 ) ) ;
#2246 = EDGE_CURVE ( 'NONE', #4463, #1566, #1799, .T. ) ;
#2247 = VERTEX_POINT ( 'NONE', #547 ) ;
#2248 = CIRCLE ( 'NONE', #3415, 0.1405570000000000153 ) ;
#2249 = DIRECTION ( 'NONE',  ( 0.000000000000000000, 0.000000000000000000, 1.000000000000000000 ) ) ;
#2250 = B_SPLINE_CURVE_WITH_KNOTS ( 'NONE', 3,
 ( #4166, #2133, #1698, #2971, #3720, #551, #1730, #4590, #4481, #3321, #973, #876, #4920, #1322, #4140, #3344, #121, #1349, #2940, #947, #2563, #996, #2995, #3801, #5003, #1807, #607, #178, #3400, #4617, #2610, #1409 ),
 .UNSPECIFIED., .F., .F.,
 ( 4, 2, 2, 2, 2, 2, 2, 2, 2, 2, 2, 2, 2, 2, 2, 4 ),
 ( 0.009611004724477085343, 0.01021155503971928058, 0.01081210535496147582, 0.01141265567020366932, 0.01201320598544586456, 0.01261375630068805979, 0.01321430661593025330, 0.01381485693117244853, 0.01441540724641464377, 0.01501595756165683901, 0.01561650787689903425, 0.01621705819214122601, 0.01681760850738342125, 0.01741815882262561649, 0.01801870913786781173, 0.01921980976835219526 ),
 .UNSPECIFIED. ) ;
#2251 = DIRECTION ( 'NONE',  ( 1.000000000000000000, 0.000000000000000000, 0.000000000000000000 ) ) ;
#2252 = CYLINDRICAL_SURFACE ( 'NONE', #4720, 0.03937008000000002950 ) ;
#2253 = AXIS2_PLACEMENT_3D ( 'NONE', #2221, #4205, #3439 ) ;
#2254 = FACE_BOUND ( 'NONE', #674, .T. ) ;
#2255 = DIRECTION ( 'NONE',  ( 1.000000000000000000, -3.469446840931312795E-15, 0.000000000000000000 ) ) ;
#2256 = VERTEX_POINT ( 'NONE', #2179 ) ;
#2257 = DIRECTION ( 'NONE',  ( -0.6183389601406237279, 0.7859115283364991322, 0.000000000000000000 ) ) ;
#2258 = CIRCLE ( 'NONE', #1837, 0.1771653543307085410 ) ;
#2259 = CARTESIAN_POINT ( 'NONE',  ( 1.976340221542373765, -2.707622634104287496, 0.3248031496062991907 ) ) ;
#2260 = ORIENTED_EDGE ( 'NONE', *, *, #4930, .F. ) ;
#2261 = STYLED_ITEM ( 'NONE', ( #34 ), #4909 ) ;
#2262 = ORIENTED_EDGE ( 'NONE', *, *, #2656, .T. ) ;
#2263 = ORIENTED_EDGE ( 'NONE', *, *, #2097, .F. ) ;
#2264 = DIRECTION ( 'NONE',  ( -0.000000000000000000, -0.000000000000000000, -1.000000000000000000 ) ) ;
#2265 = ORIENTED_EDGE ( 'NONE', *, *, #2310, .F. ) ;
#2266 = ORIENTED_EDGE ( 'NONE', *, *, #4961, .T. ) ;
#2267 = DIRECTION ( 'NONE',  ( -1.000000000000000000, 0.000000000000000000, 0.000000000000000000 ) ) ;
#2268 = AXIS2_PLACEMENT_3D ( 'NONE', #5067, #621, #1821 ) ;
#2269 = ORIENTED_EDGE ( 'NONE', *, *, #1522, .T. ) ;
#2270 = EDGE_LOOP ( 'NONE', ( #1222, #2858, #3784, #4428 ) ) ;
#2271 = SURFACE_STYLE_USAGE ( .BOTH. , #1422 ) ;
#2272 = EDGE_CURVE ( 'NONE', #2573, #769, #1630, .T. ) ;
#2273 = CARTESIAN_POINT ( 'NONE',  ( -1.591427958270385412, -2.531765971032975404, 0.05905512000000000261 ) ) ;
#2274 = EDGE_CURVE ( 'NONE', #3832, #5037, #1377, .T. ) ;
#2275 = DIRECTION ( 'NONE',  ( 0.000000000000000000, 0.000000000000000000, -1.000000000000000000 ) ) ;
#2276 = CIRCLE ( 'NONE', #5193, 0.03937008000000002950 ) ;
#2277 = EDGE_LOOP ( 'NONE', ( #462, #3105 ) ) ;
#2278 = CARTESIAN_POINT ( 'NONE',  ( 2.384330410374778442, -2.386624379193602596, 0.6496062992125984925 ) ) ;
#2279 = CYLINDRICAL_SURFACE ( 'NONE', #1601, 0.03499999999999972577 ) ;
#2280 = ADVANCED_FACE ( 'NONE', ( #1930 ), #4711, .T. ) ;
#2281 = DIRECTION ( 'NONE',  ( -0.000000000000000000, -0.000000000000000000, -1.000000000000000000 ) ) ;
#2282 = VERTEX_POINT ( 'NONE', #2733 ) ;
#2283 = PRESENTATION_LAYER_ASSIGNMENT (  '', '', ( #1787 ) ) ;
#2284 = ORIENTED_EDGE ( 'NONE', *, *, #3742, .F. ) ;
#2285 = DIRECTION ( 'NONE',  ( 0.000000000000000000, 0.000000000000000000, 1.000000000000000000 ) ) ;
#2286 = DIRECTION ( 'NONE',  ( -0.000000000000000000, -0.000000000000000000, -1.000000000000000000 ) ) ;
#2287 = CYLINDRICAL_SURFACE ( 'NONE', #2017, 1.830708659055118259 ) ;
#2288 = CIRCLE ( 'NONE', #670, 3.250000000000000000 ) ;
#2289 = EDGE_LOOP ( 'NONE', ( #3788, #2895, #3046, #3957 ) ) ;
#2290 = FILL_AREA_STYLE ('',( #2621 ) ) ;
#2291 = CIRCLE ( 'NONE', #1866, 0.1771653543307085410 ) ;
#2292 = CARTESIAN_POINT ( 'NONE',  ( 3.092847217540596424E-16, 2.185864326882349121E-15, 0.1893700799999999962 ) ) ;
#2293 = ORIENTED_EDGE ( 'NONE', *, *, #2407, .T. ) ;
#2294 = CARTESIAN_POINT ( 'NONE',  ( -1.340726495562510223, 1.508383701063662485, 0.3248031496062991907 ) ) ;
#2295 = DIMENSIONAL_EXPONENTS ( 1.000000000000000000, 0.000000000000000000, 0.000000000000000000, 0.000000000000000000, 0.000000000000000000, 0.000000000000000000, 0.000000000000000000 ) ;
#2296 = CIRCLE ( 'NONE', #3127, 0.1267401574803148911 ) ;
#2297 = CARTESIAN_POINT ( 'NONE',  ( 1.541640378227878916, 1.902577949447445738, 0.000000000000000000 ) ) ;
#2298 = EDGE_LOOP ( 'NONE', ( #3530, #4878, #3585, #1162 ) ) ;
#2299 = CARTESIAN_POINT ( 'NONE',  ( 1.902577949447427752, -1.718805732558607247, 0.5905511792125984760 ) ) ;
#2300 = VECTOR ( 'NONE', #4454, 39.37007874015748143 ) ;
#2301 = DIRECTION ( 'NONE',  ( 1.000000000000000000, 0.000000000000000000, 0.000000000000000000 ) ) ;
#2302 = EDGE_CURVE ( 'NONE', #5017, #724, #342, .T. ) ;
#2303 = DIRECTION ( 'NONE',  ( 0.000000000000000000, 0.000000000000000000, 1.000000000000000000 ) ) ;
#2304 = DIRECTION ( 'NONE',  ( -0.000000000000000000, -0.000000000000000000, -1.000000000000000000 ) ) ;
#2305 = ORIENTED_EDGE ( 'NONE', *, *, #1303, .T. ) ;
#2306 = VECTOR ( 'NONE', #2746, 39.37007874015748854 ) ;
#2307 = ORIENTED_EDGE ( 'NONE', *, *, #4113, .T. ) ;
#2308 = DIRECTION ( 'NONE',  ( -0.7859115283364989102, -0.6183389601406241720, 0.000000000000000000 ) ) ;
#2309 = ORIENTED_EDGE ( 'NONE', *, *, #2656, .F. ) ;
#2310 = EDGE_CURVE ( 'NONE', #2515, #3926, #4233, .T. ) ;
#2311 = DIRECTION ( 'NONE',  ( 1.000000000000000000, 0.000000000000000000, 0.000000000000000000 ) ) ;
#2312 = LINE ( 'NONE', #2340, #1035 ) ;
#2313 = AXIS2_PLACEMENT_3D ( 'NONE', #4095, #3779, #1783 ) ;
#2314 = ORIENTED_EDGE ( 'NONE', *, *, #2685, .F. ) ;
#2315 = ADVANCED_FACE ( 'NONE', ( #3946 ), #657, .F. ) ;
#2316 = ORIENTED_EDGE ( 'NONE', *, *, #505, .T. ) ;
#2317 = VERTEX_POINT ( 'NONE', #3126 ) ;
#2318 = CARTESIAN_POINT ( 'NONE',  ( 2.356294555137431246, -2.287319975305096342, 9.020562075079396891E-17 ) ) ;
#2319 = CARTESIAN_POINT ( 'NONE',  ( 0.000000000000000000, 0.000000000000000000, 0.05905511999999997486 ) ) ;
#2320 = ORIENTED_EDGE ( 'NONE', *, *, #851, .F. ) ;
#2321 = CARTESIAN_POINT ( 'NONE',  ( -0.5827006698115142491, 1.693916714071983964, 0.1893700799999999962 ) ) ;
#2322 = FACE_OUTER_BOUND ( 'NONE', #4926, .T. ) ;
#2323 = CARTESIAN_POINT ( 'NONE',  ( 2.014081323109768284, 1.902577949447445738, 0.05905512000000000261 ) ) ;
#2324 = ORIENTED_EDGE ( 'NONE', *, *, #4124, .F. ) ;
#2325 = LINE ( 'NONE', #1578, #4517 ) ;
#2326 = DIRECTION ( 'NONE',  ( -0.9624190538752896984, 0.2715687108961418739, 0.000000000000000000 ) ) ;
#2327 = ORIENTED_EDGE ( 'NONE', *, *, #5187, .F. ) ;
#2328 = CARTESIAN_POINT ( 'NONE',  ( 1.099994349197612298, -2.316054496710705735, 0.5905511792125984760 ) ) ;
#2329 = PRESENTATION_STYLE_ASSIGNMENT (( #1558 ) ) ;
#2330 = AXIS2_PLACEMENT_3D ( 'NONE', #4390, #5126, #4733 ) ;
#2331 = CIRCLE ( 'NONE', #1045, 0.03937008000000002950 ) ;
#2332 = CYLINDRICAL_SURFACE ( 'NONE', #3079, 0.3711251169736387578 ) ;
#2333 = ORIENTED_EDGE ( 'NONE', *, *, #416, .T. ) ;
#2334 = VERTEX_POINT ( 'NONE', #1875 ) ;
#2335 = ORIENTED_EDGE ( 'NONE', *, *, #1061, .F. ) ;
#2336 = CARTESIAN_POINT ( 'NONE',  ( 2.452265971032962177, -1.511927958270452788, 0.5905511792125984760 ) ) ;
#2337 = ORIENTED_EDGE ( 'NONE', *, *, #775, .F. ) ;
#2338 = MECHANICAL_DESIGN_GEOMETRIC_PRESENTATION_REPRESENTATION (  '', ( #5175 ), #3255 ) ;
#2339 = CARTESIAN_POINT ( 'NONE',  ( 2.642985047371060769, 1.275636791373784718, 0.5905511792125984760 ) ) ;
#2340 = CARTESIAN_POINT ( 'NONE',  ( -1.753640049555585501, -0.4076481853862002347, 0.5084752992119263570 ) ) ;
#2341 = ORIENTED_EDGE ( 'NONE', *, *, #2865, .T. ) ;
#2342 = EDGE_CURVE ( 'NONE', #413, #2798, #1966, .T. ) ;
#2343 = SURFACE_STYLE_FILL_AREA ( #3086 ) ;
#2344 = ORIENTED_EDGE ( 'NONE', *, *, #1638, .T. ) ;
#2345 = FACE_OUTER_BOUND ( 'NONE', #2067, .T. ) ;
#2346 = EDGE_CURVE ( 'NONE', #1181, #1828, #1852, .T. ) ;
#2347 = CIRCLE ( 'NONE', #730, 2.663563497773345112 ) ;
#2348 = CARTESIAN_POINT ( 'NONE',  ( 2.197853539998608774, -1.718805732558607247, 0.000000000000000000 ) ) ;
#2349 = EDGE_LOOP ( 'NONE', ( #2606, #2462, #214, #3806 ) ) ;
#2350 = CARTESIAN_POINT ( 'NONE',  ( -1.668621967842993881, 2.828366565428139801, 2.602413212833161149E-17 ) ) ;
#2351 = DIRECTION ( 'NONE',  ( -1.000000000000000000, 0.000000000000000000, 0.000000000000000000 ) ) ;
#2352 = CARTESIAN_POINT ( 'NONE',  ( -2.358663411130413667, 2.235890630821338210, 0.05905512000000000955 ) ) ;
#2353 = ORIENTED_EDGE ( 'NONE', *, *, #2937, .F. ) ;
#2354 = CARTESIAN_POINT ( 'NONE',  ( -1.174938203408402604, 1.640829399630932439, 0.4047341259823475923 ) ) ;
#2355 = LINE ( 'NONE', #2278, #1714 ) ;
#2356 = CARTESIAN_POINT ( 'NONE',  ( 3.092847217540596424E-16, 2.185864326882349121E-15, 0.1893700799999999962 ) ) ;
#2357 = LINE ( 'NONE', #4006, #573 ) ;
#2358 =( LENGTH_UNIT ( ) NAMED_UNIT ( * ) SI_UNIT ( $, .METRE. ) );
#2359 = EDGE_LOOP ( 'NONE', ( #3496, #1884, #4039, #3791 ) ) ;
#2360 = ORIENTED_EDGE ( 'NONE', *, *, #310, .T. ) ;
#2361 =( NAMED_UNIT ( * ) PLANE_ANGLE_UNIT ( ) SI_UNIT ( $, .RADIAN. ) );
#2362 = ORIENTED_EDGE ( 'NONE', *, *, #259, .F. ) ;
#2363 = CARTESIAN_POINT ( 'NONE',  ( 1.904483997233121340, -2.420607507276417714, 0.3248031496062991907 ) ) ;
#2364 = FACE_BOUND ( 'NONE', #2622, .T. ) ;
#2365 = CARTESIAN_POINT ( 'NONE',  ( 2.079743303778136099, -1.718805732558607247, 0.000000000000000000 ) ) ;
#2366 = ORIENTED_EDGE ( 'NONE', *, *, #2492, .T. ) ;
#2367 = ORIENTED_EDGE ( 'NONE', *, *, #3176, .T. ) ;
#2368 = CARTESIAN_POINT ( 'NONE',  ( 1.960970149782696570, -2.719715489147758181, 0.3248031496062991907 ) ) ;
#2369 = CARTESIAN_POINT ( 'NONE',  ( 1.471119466171251444, -2.316054496710705735, 0.5905511792125984760 ) ) ;
#2370 = EDGE_CURVE ( 'NONE', #4440, #1479, #2355, .T. ) ;
#2371 = FACE_BOUND ( 'NONE', #164, .T. ) ;
#2372 = AXIS2_PLACEMENT_3D ( 'NONE', #598, #4885, #2934 ) ;
#2373 = EDGE_LOOP ( 'NONE', ( #2662, #4497, #4306, #2445 ) ) ;
#2374 = CARTESIAN_POINT ( 'NONE',  ( -0.8399812222671370066, 1.631458410820978866, 0.1499999999999999944 ) ) ;
#2375 = CIRCLE ( 'NONE', #3031, 1.708259842519683991 ) ;
#2376 = DIRECTION ( 'NONE',  ( 0.000000000000000000, 0.000000000000000000, 1.000000000000000000 ) ) ;
#2377 = CARTESIAN_POINT ( 'NONE',  ( 0.000000000000000000, 0.000000000000000000, 0.05905511999999997486 ) ) ;
#2378 = EDGE_CURVE ( 'NONE', #4036, #132, #4685, .T. ) ;
#2379 = DIRECTION ( 'NONE',  ( -0.000000000000000000, -0.000000000000000000, 1.000000000000000000 ) ) ;
#2380 = VECTOR ( 'NONE', #1150, 39.37007874015748143 ) ;
#2381 = DIRECTION ( 'NONE',  ( -0.000000000000000000, -0.000000000000000000, 1.000000000000000000 ) ) ;
#2382 = AXIS2_PLACEMENT_3D ( 'NONE', #652, #3069, #4583 ) ;
#2383 = ORIENTED_EDGE ( 'NONE', *, *, #3875, .F. ) ;
#2384 = ORIENTED_EDGE ( 'NONE', *, *, #1063, .T. ) ;
#2385 = COLOUR_RGB ( '',0.7921568627450980005, 0.8196078431372548767, 0.9333333333333333481 ) ;
#2386 = ORIENTED_EDGE ( 'NONE', *, *, #4322, .F. ) ;
#2387 = DIRECTION ( 'NONE',  ( -0.000000000000000000, -0.000000000000000000, 1.000000000000000000 ) ) ;
#2388 = CARTESIAN_POINT ( 'NONE',  ( 2.531765971032962526, -1.511927958270452788, 0.05905512000000000261 ) ) ;
#2389 = DIRECTION ( 'NONE',  ( 1.000000000000000000, 0.000000000000000000, 0.000000000000000000 ) ) ;
#2390 = CIRCLE ( 'NONE', #1885, 0.3711251169736392019 ) ;
#2391 = AXIS2_PLACEMENT_3D ( 'NONE', #1478, #3016, #1450 ) ;
#2392 = ORIENTED_EDGE ( 'NONE', *, *, #4710, .T. ) ;
#2393 = LINE ( 'NONE', #1190, #5147 ) ;
#2394 = EDGE_CURVE ( 'NONE', #1056, #655, #3449, .T. ) ;
#2395 = FACE_BOUND ( 'NONE', #4622, .T. ) ;
#2396 = ORIENTED_EDGE ( 'NONE', *, *, #2931, .F. ) ;
#2397 = CIRCLE ( 'NONE', #1647, 1.708259842519683991 ) ;
#2398 = CARTESIAN_POINT ( 'NONE',  ( -2.415320498225406176, 2.362342207663257643, -1.989875382711135856E-16 ) ) ;
#2399 = CARTESIAN_POINT ( 'NONE',  ( -1.735766796077125917, -0.4427273816327118028, 0.05905511999999997486 ) ) ;
#2400 = CIRCLE ( 'NONE', #3402, 0.07950000000000007061 ) ;
#2401 = DIRECTION ( 'NONE',  ( -0.000000000000000000, -0.000000000000000000, -1.000000000000000000 ) ) ;
#2402 = DIRECTION ( 'NONE',  ( -1.000000000000000000, 0.000000000000000000, 0.000000000000000000 ) ) ;
#2403 = EDGE_CURVE ( 'NONE', #4603, #3866, #323, .T. ) ;
#2404 = CARTESIAN_POINT ( 'NONE',  ( 1.179115010613205339, 1.360558068661754660, 0.05905511999999997486 ) ) ;
#2405 = EDGE_LOOP ( 'NONE', ( #4916, #221, #3959, #2211 ) ) ;
#2406 = CARTESIAN_POINT ( 'NONE',  ( 2.071435516471089588, -2.632803619927272187, 0.3248031496062991907 ) ) ;
#2407 = EDGE_CURVE ( 'NONE', #3512, #5102, #4663, .T. ) ;
#2408 = VERTEX_POINT ( 'NONE', #1530 ) ;
#2409 = EDGE_CURVE ( 'NONE', #4646, #4478, #3846, .T. ) ;
#2410 = FACE_OUTER_BOUND ( 'NONE', #16, .T. ) ;
#2411 = APPLICATION_PROTOCOL_DEFINITION ( 'draft international standard', 'automotive_design', 1998, #1968 ) ;
#2412 = VERTEX_POINT ( 'NONE', #5130 ) ;
#2413 = DIRECTION ( 'NONE',  ( 0.000000000000000000, 0.000000000000000000, 1.000000000000000000 ) ) ;
#2414 = VERTEX_POINT ( 'NONE', #3892 ) ;
#2415 = DIRECTION ( 'NONE',  ( 1.000000000000000000, 0.000000000000000000, 0.000000000000000000 ) ) ;
#2416 = CARTESIAN_POINT ( 'NONE',  ( 2.071435516471090477, -2.632803619927272187, 0.5905511792125984760 ) ) ;
#2417 = ORIENTED_EDGE ( 'NONE', *, *, #4421, .T. ) ;
#2418 = CARTESIAN_POINT ( 'NONE',  ( 1.499317393535007481, -1.050495858051224030, 0.1893700799999999962 ) ) ;
#2419 = FACE_OUTER_BOUND ( 'NONE', #4195, .T. ) ;
#2420 = ORIENTED_EDGE ( 'NONE', *, *, #2738, .F. ) ;
#2421 = DIRECTION ( 'NONE',  ( -1.000000000000000000, 0.000000000000000000, 0.000000000000000000 ) ) ;
#2422 = LINE ( 'NONE', #3964, #618 ) ;
#2423 = CARTESIAN_POINT ( 'NONE',  ( -1.289554885726381661, 1.552375906977536468, 0.2160234259598943496 ) ) ;
#2424 = DIMENSIONAL_EXPONENTS ( 1.000000000000000000, 0.000000000000000000, 0.000000000000000000, 0.000000000000000000, 0.000000000000000000, 0.000000000000000000, 0.000000000000000000 ) ;
#2425 = ORIENTED_EDGE ( 'NONE', *, *, #451, .T. ) ;
#2426 = DIRECTION ( 'NONE',  ( 1.000000000000000000, -4.352074256530613007E-14, 0.000000000000000000 ) ) ;
#2427 = DIRECTION ( 'NONE',  ( 0.000000000000000000, 0.000000000000000000, 1.000000000000000000 ) ) ;
#2428 = CARTESIAN_POINT ( 'NONE',  ( -1.160593544983176573, 1.650999938788678012, 0.3784370224999687449 ) ) ;
#2429 = ADVANCED_FACE ( 'NONE', ( #3475 ), #1902, .F. ) ;
#2430 = CARTESIAN_POINT ( 'NONE',  ( 1.902577949447427752, -1.718805732558607247, 0.3149606299212598381 ) ) ;
#2431 = AXIS2_PLACEMENT_3D ( 'NONE', #4772, #1054, #1161 ) ;
#2432 = CARTESIAN_POINT ( 'NONE',  ( 1.904483997233121340, -2.420607507276417714, 0.3248031496062991907 ) ) ;
#2433 = EDGE_CURVE ( 'NONE', #156, #1969, #4813, .T. ) ;
#2434 = DIRECTION ( 'NONE',  ( -0.6183389601406237279, 0.7859115283364991322, -0.000000000000000000 ) ) ;
#2435 = AXIS2_PLACEMENT_3D ( 'NONE', #4117, #4924, #124 ) ;
#2436 = LENGTH_MEASURE_WITH_UNIT ( LENGTH_MEASURE( 0.02539999999999999897 ), #3556 );
#2437 = ORIENTED_EDGE ( 'NONE', *, *, #1951, .T. ) ;
#2438 = CARTESIAN_POINT ( 'NONE',  ( 1.292040680039471479, 1.303017989562359480, 0.05905511999999999567 ) ) ;
#2439 = EDGE_LOOP ( 'NONE', ( #2118, #103, #2367, #567 ) ) ;
#2440 = DIRECTION ( 'NONE',  ( -0.000000000000000000, -0.000000000000000000, -1.000000000000000000 ) ) ;
#2441 = DIRECTION ( 'NONE',  ( 0.000000000000000000, 0.000000000000000000, 1.000000000000000000 ) ) ;
#2442 = DIRECTION ( 'NONE',  ( -0.000000000000000000, -0.000000000000000000, -1.000000000000000000 ) ) ;
#2443 = CYLINDRICAL_SURFACE ( 'NONE', #1834, 0.03937008000000000868 ) ;
#2444 = UNCERTAINTY_MEASURE_WITH_UNIT (LENGTH_MEASURE( 1.000000000000000082E-05 ), #3232, 'distance_accuracy_value', 'NONE');
#2445 = ORIENTED_EDGE ( 'NONE', *, *, #4553, .T. ) ;
#2446 = DIRECTION ( 'NONE',  ( -0.000000000000000000, -0.000000000000000000, -1.000000000000000000 ) ) ;
#2447 = AXIS2_PLACEMENT_3D ( 'NONE', #3111, #335, #3565 ) ;
#2448 = FACE_OUTER_BOUND ( 'NONE', #2439, .T. ) ;
#2449 = AXIS2_PLACEMENT_3D ( 'NONE', #3673, #4894, #1752 ) ;
#2450 = ORIENTED_EDGE ( 'NONE', *, *, #750, .F. ) ;
#2451 = PLANE ( 'NONE',  #2142 ) ;
#2452 = LENGTH_MEASURE_WITH_UNIT ( LENGTH_MEASURE( 0.02539999999999999897 ), #427 );
#2453 = FACE_OUTER_BOUND ( 'NONE', #4011, .T. ) ;
#2454 = DIRECTION ( 'NONE',  ( -0.7859115283364989102, -0.6183389601406241720, 0.000000000000000000 ) ) ;
#2455 = EDGE_LOOP ( 'NONE', ( #330, #3059, #1077, #4303 ) ) ;
#2456 = DIRECTION ( 'NONE',  ( -0.000000000000000000, -0.000000000000000000, -1.000000000000000000 ) ) ;
#2457 = VECTOR ( 'NONE', #3533, 39.37007874015748143 ) ;
#2458 = VERTEX_POINT ( 'NONE', #2683 ) ;
#2459 = ADVANCED_FACE ( 'NONE', ( #3075 ), #4286, .F. ) ;
#2460 = DIRECTION ( 'NONE',  ( -0.5556810354773706884, -0.8313955657873075555, 0.000000000000000000 ) ) ;
#2461 = AXIS2_PLACEMENT_3D ( 'NONE', #3049, #2970, #5080 ) ;
#2462 = ORIENTED_EDGE ( 'NONE', *, *, #3896, .F. ) ;
#2463 = EDGE_CURVE ( 'NONE', #1559, #3356, #4567, .T. ) ;
#2464 = CARTESIAN_POINT ( 'NONE',  ( 0.01505167804217725884, -0.2966057773643364093, 0.000000000000000000 ) ) ;
#2465 = LINE ( 'NONE', #3987, #4080 ) ;
#2466 = CARTESIAN_POINT ( 'NONE',  ( 2.071435516471089588, -2.632803619927272187, 0.3248031496062991907 ) ) ;
#2467 = EDGE_CURVE ( 'NONE', #1828, #263, #1378, .T. ) ;
#2468 = CYLINDRICAL_SURFACE ( 'NONE', #658, 0.2952755905511810774 ) ;
#2469 = ORIENTED_EDGE ( 'NONE', *, *, #4019, .F. ) ;
#2470 = DIRECTION ( 'NONE',  ( 1.000000000000000000, 0.000000000000000000, 0.000000000000000000 ) ) ;
#2471 = PRESENTATION_LAYER_ASSIGNMENT (  '', '', ( #87 ) ) ;
#2472 = CARTESIAN_POINT ( 'NONE',  ( -1.199633057709443618, 1.622865598161404854, 0.2198171692525816290 ) ) ;
#2473 = VERTEX_POINT ( 'NONE', #380 ) ;
#2474 = AXIS2_PLACEMENT_3D ( 'NONE', #4843, #2021, #3189 ) ;
#2475 = CARTESIAN_POINT ( 'NONE',  ( -2.166530811399806300, 2.557984605750256879, 0.3248031496062991907 ) ) ;
#2476 = FACE_BOUND ( 'NONE', #3778, .T. ) ;
#2477 = LINE ( 'NONE', #353, #3982 ) ;
#2478 = CARTESIAN_POINT ( 'NONE',  ( -0.5827006698115142491, 1.693916714071983964, 0.05905511999999999567 ) ) ;
#2479 = CYLINDRICAL_SURFACE ( 'NONE', #4971, 0.03937008000000002950 ) ;
#2480 = ORIENTED_EDGE ( 'NONE', *, *, #1090, .T. ) ;
#2481 = DIRECTION ( 'NONE',  ( 0.000000000000000000, 0.000000000000000000, -1.000000000000000000 ) ) ;
#2482 = ORIENTED_EDGE ( 'NONE', *, *, #1584, .F. ) ;
#2483 = CARTESIAN_POINT ( 'NONE',  ( 1.165300522559156615, 1.303017989562359480, 0.05905511999999997486 ) ) ;
#2484 = CIRCLE ( 'NONE', #3151, 1.830708659055118259 ) ;
#2485 = CYLINDRICAL_SURFACE ( 'NONE', #5202, 1.921313263826067486 ) ;
#2486 = CARTESIAN_POINT ( 'NONE',  ( 1.317505149699513156, 1.087350849579213241, 0.05905511999999997486 ) ) ;
#2487 = DIRECTION ( 'NONE',  ( 1.000000000000000000, 0.000000000000000000, 0.000000000000000000 ) ) ;
#2488 = AXIS2_PLACEMENT_3D ( 'NONE', #2771, #3993, #4678 ) ;
#2489 = PLANE ( 'NONE',  #3688 ) ;
#2490 = UNCERTAINTY_MEASURE_WITH_UNIT (LENGTH_MEASURE( 1.000000000000000082E-05 ), #4265, 'distance_accuracy_value', 'NONE');
#2491 = ORIENTED_EDGE ( 'NONE', *, *, #2994, .T. ) ;
#2492 = EDGE_CURVE ( 'NONE', #2690, #2600, #4655, .T. ) ;
#2493 = CARTESIAN_POINT ( 'NONE',  ( -1.235320626162335955, 1.595873330687231029, 0.2045984687343177788 ) ) ;
#2494 = ORIENTED_EDGE ( 'NONE', *, *, #5148, .F. ) ;
#2495 = CARTESIAN_POINT ( 'NONE',  ( 1.904483997233121340, -2.420607507276417714, 0.3248031496062991907 ) ) ;
#2496 = ADVANCED_FACE ( 'NONE', ( #5201 ), #2074, .T. ) ;
#2497 = CIRCLE ( 'NONE', #2253, 2.018110236220472586 ) ;
#2498 = LINE ( 'NONE', #806, #5094 ) ;
#2499 = VECTOR ( 'NONE', #1356, 39.37007874015748143 ) ;
#2500 = SURFACE_SIDE_STYLE ('',( #54 ) ) ;
#2501 = VERTEX_POINT ( 'NONE', #3577 ) ;
#2502 = DIRECTION ( 'NONE',  ( 0.000000000000000000, 0.000000000000000000, 1.000000000000000000 ) ) ;
#2503 = VERTEX_POINT ( 'NONE', #58 ) ;
#2504 = LINE ( 'NONE', #3336, #857 ) ;
#2505 = DIRECTION ( 'NONE',  ( 1.000000000000000000, 0.000000000000000000, 0.000000000000000000 ) ) ;
#2506 = ORIENTED_EDGE ( 'NONE', *, *, #4168, .T. ) ;
#2507 = DIRECTION ( 'NONE',  ( 0.000000000000000000, 0.000000000000000000, 1.000000000000000000 ) ) ;
#2508 = STYLED_ITEM ( 'NONE', ( #2329 ), #4946 ) ;
#2509 = DIRECTION ( 'NONE',  ( -0.7859115283364993543, -0.6183389601406237279, 0.000000000000000000 ) ) ;
#2510 = DIRECTION ( 'NONE',  ( -1.000000000000000000, 0.000000000000000000, 0.000000000000000000 ) ) ;
#2511 = AXIS2_PLACEMENT_3D ( 'NONE', #2634, #4242, #3529 ) ;
#2512 = DIRECTION ( 'NONE',  ( 1.000000000000000000, 0.000000000000000000, 0.000000000000000000 ) ) ;
#2513 = VECTOR ( 'NONE', #3008, 39.37007874015748143 ) ;
#2514 = VECTOR ( 'NONE', #2635, 39.37007874015748143 ) ;
#2515 = VERTEX_POINT ( 'NONE', #4033 ) ;
#2516 = DIRECTION ( 'NONE',  ( -1.000000000000000000, 0.000000000000000000, 0.000000000000000000 ) ) ;
#2517 = EDGE_CURVE ( 'NONE', #5220, #5017, #4896, .T. ) ;
#2518 = CARTESIAN_POINT ( 'NONE',  ( -1.216923480903069787, 1.609944013792989459, 0.2100198815483502457 ) ) ;
#2519 = ORIENTED_EDGE ( 'NONE', *, *, #1858, .T. ) ;
#2520 = EDGE_CURVE ( 'NONE', #1819, #240, #2631, .T. ) ;
#2521 = CYLINDRICAL_SURFACE ( 'NONE', #135, 0.1209999999999999687 ) ;
#2522 = DIRECTION ( 'NONE',  ( -0.000000000000000000, -0.000000000000000000, -1.000000000000000000 ) ) ;
#2523 = CARTESIAN_POINT ( 'NONE',  ( 1.254114067116808284, -1.581148047393989176, 0.2038059784309156353 ) ) ;
#2524 = ORIENTED_EDGE ( 'NONE', *, *, #3230, .F. ) ;
#2525 = FACE_OUTER_BOUND ( 'NONE', #3820, .T. ) ;
#2526 = FACE_OUTER_BOUND ( 'NONE', #4784, .T. ) ;
#2527 = DIRECTION ( 'NONE',  ( 1.000000000000000000, 0.000000000000000000, 0.000000000000000000 ) ) ;
#2528 = EDGE_CURVE ( 'NONE', #968, #3078, #2477, .T. ) ;
#2529 = DIRECTION ( 'NONE',  ( 0.000000000000000000, 0.000000000000000000, 1.000000000000000000 ) ) ;
#2530 = EDGE_CURVE ( 'NONE', #4486, #1653, #2779, .T. ) ;
#2531 = CARTESIAN_POINT ( 'NONE',  ( -0.2793881098391097773, -1.813606154621390409, 0.1893700799999999962 ) ) ;
#2532 = CARTESIAN_POINT ( 'NONE',  ( -2.415511303806090471, 0.8598843766371754294, 0.05905512000000000261 ) ) ;
#2533 = DIRECTION ( 'NONE',  ( 0.000000000000000000, -1.000000000000000000, -2.181342685193834128E-17 ) ) ;
#2534 = CARTESIAN_POINT ( 'NONE',  ( -2.072479592269969029, 0.7182401133248325076, 0.05905512000000000261 ) ) ;
#2535 = AXIS2_PLACEMENT_3D ( 'NONE', #3109, #583, #1216 ) ;
#2536 = CARTESIAN_POINT ( 'NONE',  ( -1.830708659055118037, 2.185864326882349121E-15, 0.1499999999999999944 ) ) ;
#2537 = DIRECTION ( 'NONE',  ( -0.6183389601406238389, 0.7859115283364992433, -0.000000000000000000 ) ) ;
#2538 = ORIENTED_EDGE ( 'NONE', *, *, #5063, .T. ) ;
#2539 = ORIENTED_EDGE ( 'NONE', *, *, #1600, .T. ) ;
#2540 = DIRECTION ( 'NONE',  ( 1.000000000000000000, 0.000000000000000000, 0.000000000000000000 ) ) ;
#2541 = ORIENTED_EDGE ( 'NONE', *, *, #1506, .F. ) ;
#2542 = CARTESIAN_POINT ( 'NONE',  ( 1.718805732558587263, 1.902577949447445738, 0.3149606299212598381 ) ) ;
#2543 = DIRECTION ( 'NONE',  ( 1.000000000000000000, 0.000000000000000000, 0.000000000000000000 ) ) ;
#2544 = MECHANICAL_DESIGN_GEOMETRIC_PRESENTATION_REPRESENTATION (  '', ( #4059 ), #1621 ) ;
#2545 = ORIENTED_EDGE ( 'NONE', *, *, #4713, .F. ) ;
#2546 = AXIS2_PLACEMENT_3D ( 'NONE', #1673, #3265, #407 ) ;
#2547 = EDGE_CURVE ( 'NONE', #638, #581, #3427, .T. ) ;
#2548 = PRESENTATION_STYLE_ASSIGNMENT (( #596 ) ) ;
#2549 = AXIS2_PLACEMENT_3D ( 'NONE', #1550, #780, #3599 ) ;
#2550 = CARTESIAN_POINT ( 'NONE',  ( -0.2443881098391100237, -1.813606154621390409, 0.1893700799999999962 ) ) ;
#2551 = EDGE_LOOP ( 'NONE', ( #1907, #5142, #2569, #3816 ) ) ;
#2552 = CARTESIAN_POINT ( 'NONE',  ( 1.441263592425037654, -0.9170119665061341463, 0.05905511999999997486 ) ) ;
#2553 = DIRECTION ( 'NONE',  ( -0.000000000000000000, -0.000000000000000000, -1.000000000000000000 ) ) ;
#2554 = EDGE_CURVE ( 'NONE', #558, #245, #3764, .T. ) ;
#2555 = EDGE_CURVE ( 'NONE', #1572, #2458, #4085, .T. ) ;
#2556 = DIRECTION ( 'NONE',  ( 0.8313955657873075555, -0.5556810354773706884, 0.000000000000000000 ) ) ;
#2557 = DIRECTION ( 'NONE',  ( -0.000000000000000000, -0.000000000000000000, 1.000000000000000000 ) ) ;
#2558 = ADVANCED_FACE ( 'NONE', ( #784 ), #3285, .F. ) ;
#2559 = CIRCLE ( 'NONE', #3234, 0.03499999999999976047 ) ;
#2560 = DIRECTION ( 'NONE',  ( 0.7859115283364991322, 0.6183389601406238389, -0.000000000000000000 ) ) ;
#2561 = DIRECTION ( 'NONE',  ( 0.000000000000000000, 0.000000000000000000, 1.000000000000000000 ) ) ;
#2562 = EDGE_CURVE ( 'NONE', #3981, #4954, #905, .T. ) ;
#2563 = CARTESIAN_POINT ( 'NONE',  ( 1.278233083498597544, -1.561711543184206574, 0.4396506251006623289 ) ) ;
#2564 = CARTESIAN_POINT ( 'NONE',  ( 1.603506277379085576, -0.8261490053189098903, 0.05905511999999999567 ) ) ;
#2565 = DIRECTION ( 'NONE',  ( -0.000000000000000000, -0.000000000000000000, 1.000000000000000000 ) ) ;
#2566 = ORIENTED_EDGE ( 'NONE', *, *, #5012, .F. ) ;
#2567 = ORIENTED_EDGE ( 'NONE', *, *, #55, .T. ) ;
#2568 = DIRECTION ( 'NONE',  ( -0.000000000000000000, -0.000000000000000000, -1.000000000000000000 ) ) ;
#2569 = ORIENTED_EDGE ( 'NONE', *, *, #289, .T. ) ;
#2570 = PLANE ( 'NONE',  #1334 ) ;
#2571 = ORIENTED_EDGE ( 'NONE', *, *, #3192, .T. ) ;
#2572 = CARTESIAN_POINT ( 'NONE',  ( -0.9243519070212216082, 1.989123946050347147, 0.000000000000000000 ) ) ;
#2573 = VERTEX_POINT ( 'NONE', #2859 ) ;
#2574 = CARTESIAN_POINT ( 'NONE',  ( 1.658334193600794038, -0.7009694492546600930, 0.5084752992119263570 ) ) ;
#2575 = CARTESIAN_POINT ( 'NONE',  ( 1.205330624265596562, -1.618641625601628942, 0.2160262849038852018 ) ) ;
#2576 = ORIENTED_EDGE ( 'NONE', *, *, #1259, .F. ) ;
#2577 = VERTEX_POINT ( 'NONE', #2404 ) ;
#2578 = DIRECTION ( 'NONE',  ( 0.000000000000000000, 0.000000000000000000, 1.000000000000000000 ) ) ;
#2579 = CIRCLE ( 'NONE', #2330, 0.03937008000000002950 ) ;
#2580 = DIRECTION ( 'NONE',  ( 1.000000000000000000, 0.000000000000000000, 0.000000000000000000 ) ) ;
#2581 = FACE_OUTER_BOUND ( 'NONE', #474, .T. ) ;
#2582 = EDGE_CURVE ( 'NONE', #3437, #1991, #822, .T. ) ;
#2583 = ORIENTED_EDGE ( 'NONE', *, *, #481, .T. ) ;
#2584 = CARTESIAN_POINT ( 'NONE',  ( 1.603506277379085576, -0.8261490053189098903, 0.1499999999999999944 ) ) ;
#2585 = ADVANCED_FACE ( 'NONE', ( #1149 ), #1579, .F. ) ;
#2586 = SURFACE_STYLE_USAGE ( .BOTH. , #1379 ) ;
#2587 = CYLINDRICAL_SURFACE ( 'NONE', #3490, 0.3711251169736393130 ) ;
#2588 = DIRECTION ( 'NONE',  ( 0.000000000000000000, 0.000000000000000000, -1.000000000000000000 ) ) ;
#2589 = DIRECTION ( 'NONE',  ( -1.000000000000000000, 0.000000000000000000, 0.000000000000000000 ) ) ;
#2590 = ORIENTED_EDGE ( 'NONE', *, *, #4019, .T. ) ;
#2591 = ORIENTED_EDGE ( 'NONE', *, *, #1430, .T. ) ;
#2592 = DIRECTION ( 'NONE',  ( 1.000000000000000000, -3.469446840931312795E-15, 0.000000000000000000 ) ) ;
#2593 = FACE_OUTER_BOUND ( 'NONE', #4573, .T. ) ;
#2594 = AXIS2_PLACEMENT_3D ( 'NONE', #4001, #3183, #1688 ) ;
#2595 = ORIENTED_EDGE ( 'NONE', *, *, #55, .F. ) ;
#2596 = DIRECTION ( 'NONE',  ( 1.000000000000000000, 0.000000000000000000, 0.000000000000000000 ) ) ;
#2597 = AXIS2_PLACEMENT_3D ( 'NONE', #3364, #3738, #4155 ) ;
#2598 = CARTESIAN_POINT ( 'NONE',  ( 2.358663411130414111, -2.235890630821338654, 0.05905512000000000955 ) ) ;
#2599 = VECTOR ( 'NONE', #4130, 39.37007874015748854 ) ;
#2600 = VERTEX_POINT ( 'NONE', #867 ) ;
#2601 = EDGE_LOOP ( 'NONE', ( #2696, #2721, #3954, #4546 ) ) ;
#2602 = CARTESIAN_POINT ( 'NONE',  ( 0.9243519070213513933, -1.989123946050391556, 0.05905512000000000261 ) ) ;
#2603 = LINE ( 'NONE', #600, #1539 ) ;
#2604 = AXIS2_PLACEMENT_3D ( 'NONE', #922, #3404, #2232 ) ;
#2605 = DIRECTION ( 'NONE',  ( -0.000000000000000000, -0.000000000000000000, -1.000000000000000000 ) ) ;
#2606 = ORIENTED_EDGE ( 'NONE', *, *, #1853, .F. ) ;
#2607 = CARTESIAN_POINT ( 'NONE',  ( 1.423530142007406241, 1.902577949447445738, 0.3149606299212598381 ) ) ;
#2608 = PRESENTATION_STYLE_ASSIGNMENT (( #2586 ) ) ;
#2609 = SURFACE_STYLE_USAGE ( .BOTH. , #2993 ) ;
#2610 = CARTESIAN_POINT ( 'NONE',  ( 1.340726495562512444, -1.508383701063666260, 0.3407928513273527638 ) ) ;
#2611 = AXIS2_PLACEMENT_3D ( 'NONE', #1341, #4607, #1288 ) ;
#2612 = CARTESIAN_POINT ( 'NONE',  ( -2.611265971032929123, 1.511927958270396388, 0.5905511792125984760 ) ) ;
#2613 = CARTESIAN_POINT ( 'NONE',  ( 1.144036210588388336, 1.378432099769073327, 0.05905511999999997486 ) ) ;
#2614 = ORIENTED_EDGE ( 'NONE', *, *, #2310, .T. ) ;
#2615 = CIRCLE ( 'NONE', #2134, 1.830708659055118259 ) ;
#2616 = CARTESIAN_POINT ( 'NONE',  ( 1.511927958270429029, 2.531765971032936324, 0.05905512000000000261 ) ) ;
#2617 = AXIS2_PLACEMENT_3D ( 'NONE', #4792, #363, #5211 ) ;
#2618 = DIRECTION ( 'NONE',  ( -1.000000000000000000, 0.000000000000000000, 0.000000000000000000 ) ) ;
#2619 = CARTESIAN_POINT ( 'NONE',  ( 2.071435516471090477, -2.632803619927272187, 9.298117831235686273E-17 ) ) ;
#2620 = VERTEX_POINT ( 'NONE', #2756 ) ;
#2621 = FILL_AREA_STYLE_COLOUR ( '', #1241 ) ;
#2622 = EDGE_LOOP ( 'NONE', ( #2954, #3162 ) ) ;
#2623 = EDGE_CURVE ( 'NONE', #1615, #4510, #301, .T. ) ;
#2624 = AXIS2_PLACEMENT_3D ( 'NONE', #4666, #252, #685 ) ;
#2625 = CIRCLE ( 'NONE', #4574, 0.03937008000000002950 ) ;
#2626 = VERTEX_POINT ( 'NONE', #1207 ) ;
#2627 = DIRECTION ( 'NONE',  ( -5.194976859231262968E-16, -4.087300508100309029E-16, -1.000000000000000000 ) ) ;
#2628 = CARTESIAN_POINT ( 'NONE',  ( -0.5827006698115142491, 1.693916714071983964, 0.05905511999999999567 ) ) ;
#2629 = CARTESIAN_POINT ( 'NONE',  ( 1.452603031878868300, -0.9708783521447311715, 0.1893700799999999962 ) ) ;
#2630 = DIRECTION ( 'NONE',  ( -0.000000000000000000, -0.000000000000000000, 1.000000000000000000 ) ) ;
#2631 = CIRCLE ( 'NONE', #347, 0.03937008000000002950 ) ;
#2632 = CIRCLE ( 'NONE', #4314, 0.3711251169736392019 ) ;
#2633 = DIRECTION ( 'NONE',  ( 0.000000000000000000, 0.000000000000000000, 1.000000000000000000 ) ) ;
#2634 = CARTESIAN_POINT ( 'NONE',  ( 1.718805732558587263, 1.902577949447445738, 0.3149606299212598381 ) ) ;
#2635 = DIRECTION ( 'NONE',  ( -0.000000000000000000, -0.000000000000000000, -1.000000000000000000 ) ) ;
#2636 = ORIENTED_EDGE ( 'NONE', *, *, #1067, .T. ) ;
#2637 = DIRECTION ( 'NONE',  ( 0.000000000000000000, 0.000000000000000000, 1.000000000000000000 ) ) ;
#2638 = CARTESIAN_POINT ( 'NONE',  ( 1.435110158700095173, -0.9381462422080395491, 0.05905511999999997486 ) ) ;
#2639 = VECTOR ( 'NONE', #3879, 39.37007874015748143 ) ;
#2640 = CARTESIAN_POINT ( 'NONE',  ( 3.092847217540596424E-16, 2.185864326882349121E-15, 0.4021517704780935287 ) ) ;
#2641 = EDGE_CURVE ( 'NONE', #2706, #5102, #2806, .T. ) ;
#2642 = EDGE_CURVE ( 'NONE', #4597, #2744, #4524, .T. ) ;
#2643 = EDGE_LOOP ( 'NONE', ( #5086, #4842, #1362, #3644 ) ) ;
#2644 = AXIS2_PLACEMENT_3D ( 'NONE', #4226, #1838, #5088 ) ;
#2645 = B_SPLINE_CURVE_WITH_KNOTS ( 'NONE', 3,
 ( #3175, #1521, #4776, #4728, #3938, #3700, #2065, #1194, #1682, #3278, #4802, #2472, #885, #2518, #4121, #2493, #3622, #425, #1225, #4412, #4854, #2423, #4077, #4876, #2, #2093, #2797, #399, #830, #4051, #452, #74 ),
 .UNSPECIFIED., .F., .F.,
 ( 4, 2, 2, 2, 2, 2, 2, 2, 2, 2, 2, 2, 2, 2, 2, 4 ),
 ( 0.009611004724477102690, 0.01021155503971930313, 0.01081210535496150357, 0.01141265567020370575, 0.01201320598544590619, 0.01261375630068810663, 0.01321430661593030707, 0.01381485693117250751, 0.01441540724641469928, 0.01501595756165689452, 0.01561650787689908629, 0.01621705819214127806, 0.01681760850738346982, 0.01741815882262566159, 0.01801870913786785336, 0.01921980976835223343 ),
 .UNSPECIFIED. ) ;
#2646 = ADVANCED_FACE ( 'NONE', ( #2124 ), #1797, .T. ) ;
#2647 = AXIS2_PLACEMENT_3D ( 'NONE', #371, #3967, #3518 ) ;
#2648 = CARTESIAN_POINT ( 'NONE',  ( 0.000000000000000000, 0.000000000000000000, 0.5905511792125984760 ) ) ;
#2649 = EDGE_CURVE ( 'NONE', #3732, #3039, #4619, .T. ) ;
#2650 = ORIENTED_EDGE ( 'NONE', *, *, #3621, .T. ) ;
#2651 = DIRECTION ( 'NONE',  ( -1.000000000000000000, 0.000000000000000000, 0.000000000000000000 ) ) ;
#2652 = VECTOR ( 'NONE', #2442, 39.37007874015748143 ) ;
#2653 = FACE_BOUND ( 'NONE', #412, .T. ) ;
#2654 = CYLINDRICAL_SURFACE ( 'NONE', #1365, 0.03937008000000002950 ) ;
#2655 = ORIENTED_EDGE ( 'NONE', *, *, #2985, .T. ) ;
#2656 = EDGE_CURVE ( 'NONE', #2577, #4646, #4530, .T. ) ;
#2657 = PRESENTATION_LAYER_ASSIGNMENT (  '', '', ( #3414 ) ) ;
#2658 = DIRECTION ( 'NONE',  ( -0.000000000000000000, -0.000000000000000000, -1.000000000000000000 ) ) ;
#2659 = CARTESIAN_POINT ( 'NONE',  ( -2.531765971032929219, 1.511927958270396388, 0.000000000000000000 ) ) ;
#2660 = FACE_OUTER_BOUND ( 'NONE', #4222, .T. ) ;
#2661 = DIRECTION ( 'NONE',  ( 1.000000000000000000, 0.000000000000000000, 0.000000000000000000 ) ) ;
#2662 = ORIENTED_EDGE ( 'NONE', *, *, #2346, .F. ) ;
#2663 = LINE ( 'NONE', #4744, #4064 ) ;
#2664 = ORIENTED_EDGE ( 'NONE', *, *, #3063, .F. ) ;
#2665 = DIRECTION ( 'NONE',  ( 0.000000000000000000, 0.000000000000000000, 1.000000000000000000 ) ) ;
#2666 = FACE_OUTER_BOUND ( 'NONE', #1329, .T. ) ;
#2667 = CARTESIAN_POINT ( 'NONE',  ( 3.687994791446755246E-15, 0.000000000000000000, 0.5905511792125981430 ) ) ;
#2668 = ORIENTED_EDGE ( 'NONE', *, *, #1191, .T. ) ;
#2669 = LENGTH_MEASURE_WITH_UNIT ( LENGTH_MEASURE( 0.02539999999999999897 ), #4699 );
#2670 = ORIENTED_EDGE ( 'NONE', *, *, #4031, .T. ) ;
#2671 = EDGE_LOOP ( 'NONE', ( #238, #2813, #2789, #4988 ) ) ;
#2672 = CIRCLE ( 'NONE', #568, 0.2952755905511810774 ) ;
#2673 = CARTESIAN_POINT ( 'NONE',  ( -1.846177625312217963, -0.2947212404431331367, 0.05905511999999999567 ) ) ;
#2674 = EDGE_CURVE ( 'NONE', #3837, #4667, #5195, .T. ) ;
#2675 = ORIENTED_EDGE ( 'NONE', *, *, #262, .T. ) ;
#2676 = ORIENTED_EDGE ( 'NONE', *, *, #2925, .F. ) ;
#2677 = CYLINDRICAL_SURFACE ( 'NONE', #2772, 0.2952755905511810774 ) ;
#2678 = CARTESIAN_POINT ( 'NONE',  ( 0.000000000000000000, 0.000000000000000000, 0.05905511999999997486 ) ) ;
#2679 = CARTESIAN_POINT ( 'NONE',  ( -2.384330410374777554, 2.386624379193603041, 0.5905511792125984760 ) ) ;
#2680 = ORIENTED_EDGE ( 'NONE', *, *, #2554, .F. ) ;
#2681 = DIRECTION ( 'NONE',  ( 1.000000000000000000, 0.000000000000000000, 0.000000000000000000 ) ) ;
#2682 = EDGE_CURVE ( 'NONE', #4236, #2247, #4700, .T. ) ;
#2683 = CARTESIAN_POINT ( 'NONE',  ( -0.1178572414317396733, -1.826911017258772141, 0.1893700799999999962 ) ) ;
#2684 = DIRECTION ( 'NONE',  ( -0.000000000000000000, -0.000000000000000000, -1.000000000000000000 ) ) ;
#2685 = EDGE_CURVE ( 'NONE', #2876, #611, #62, .T. ) ;
#2686 = FACE_OUTER_BOUND ( 'NONE', #4729, .T. ) ;
#2687 = ORIENTED_EDGE ( 'NONE', *, *, #782, .T. ) ;
#2688 = ORIENTED_EDGE ( 'NONE', *, *, #4127, .T. ) ;
#2689 = CYLINDRICAL_SURFACE ( 'NONE', #1879, 0.3711251169736392019 ) ;
#2690 = VERTEX_POINT ( 'NONE', #2964 ) ;
#2691 = DIRECTION ( 'NONE',  ( 0.7859115283364992433, 0.6183389601406238389, -2.333018309150993057E-33 ) ) ;
#2692 = LINE ( 'NONE', #207, #2639 ) ;
#2693 = DIRECTION ( 'NONE',  ( 0.000000000000000000, 0.000000000000000000, 1.000000000000000000 ) ) ;
#2694 = ORIENTED_EDGE ( 'NONE', *, *, #4898, .F. ) ;
#2695 = CIRCLE ( 'NONE', #1948, 1.830708659055118259 ) ;
#2696 = ORIENTED_EDGE ( 'NONE', *, *, #2242, .T. ) ;
#2697 = PRESENTATION_STYLE_ASSIGNMENT (( #1031 ) ) ;
#2698 = CIRCLE ( 'NONE', #2461, 1.921313263826067486 ) ;
#2699 = PLANE ( 'NONE',  #1128 ) ;
#2700 = CIRCLE ( 'NONE', #3540, 0.1771653543307085410 ) ;
#2701 = ORIENTED_EDGE ( 'NONE', *, *, #1364, .T. ) ;
#2702 = CARTESIAN_POINT ( 'NONE',  ( 1.758540622567402067, -2.878982860660942222, -1.701878485812190464E-16 ) ) ;
#2703 = DIRECTION ( 'NONE',  ( 0.000000000000000000, 0.000000000000000000, 1.000000000000000000 ) ) ;
#2704 = CARTESIAN_POINT ( 'NONE',  ( -3.250000000000000000, 0.000000000000000000, 0.5905511792125984760 ) ) ;
#2705 = AXIS2_PLACEMENT_3D ( 'NONE', #1768, #3785, #4123 ) ;
#2706 = VERTEX_POINT ( 'NONE', #4498 ) ;
#2707 = CARTESIAN_POINT ( 'NONE',  ( -1.241706270817389601, 1.590910675723448575, 0.4458059629774813737 ) ) ;
#2708 = CARTESIAN_POINT ( 'NONE',  ( 1.718805732558587263, 1.902577949447445738, 0.000000000000000000 ) ) ;
#2709 = AXIS2_PLACEMENT_3D ( 'NONE', #2531, #1429, #3826 ) ;
#2710 =( GEOMETRIC_REPRESENTATION_CONTEXT ( 3 ) GLOBAL_UNCERTAINTY_ASSIGNED_CONTEXT ( ( #4901 ) ) GLOBAL_UNIT_ASSIGNED_CONTEXT ( ( #3095, #4706, #318 ) ) REPRESENTATION_CONTEXT ( 'NONE', 'WORKASPACE' ) );
#2711 = DIRECTION ( 'NONE',  ( -1.000000000000000000, 0.000000000000000000, 0.000000000000000000 ) ) ;
#2712 = EDGE_CURVE ( 'NONE', #791, #3862, #570, .T. ) ;
#2713 =( CONVERSION_BASED_UNIT ( 'INCH', #5132 ) LENGTH_UNIT ( ) NAMED_UNIT ( #2295 ) );
#2714 = CARTESIAN_POINT ( 'NONE',  ( 0.2966057773643776541, 0.01505167804208845661, 0.000000000000000000 ) ) ;
#2715 = DIRECTION ( 'NONE',  ( 0.000000000000000000, 0.000000000000000000, -1.000000000000000000 ) ) ;
#2716 = VERTEX_POINT ( 'NONE', #487 ) ;
#2717 = AXIS2_PLACEMENT_3D ( 'NONE', #3643, #3586, #1182 ) ;
#2718 = DIRECTION ( 'NONE',  ( -0.000000000000000000, -0.000000000000000000, -1.000000000000000000 ) ) ;
#2719 = DIRECTION ( 'NONE',  ( 1.000000000000000000, -2.842170943040400743E-14, 0.000000000000000000 ) ) ;
#2720 = COLOUR_RGB ( '',0.7921568627450980005, 0.8196078431372548767, 0.9333333333333333481 ) ;
#2721 = ORIENTED_EDGE ( 'NONE', *, *, #3610, .T. ) ;
#2722 = CARTESIAN_POINT ( 'NONE',  ( -2.387235954880960520, 2.262975920977241540, 0.5905511792125984760 ) ) ;
#2723 = EDGE_CURVE ( 'NONE', #2040, #3811, #2201, .T. ) ;
#2724 = ORIENTED_EDGE ( 'NONE', *, *, #2994, .F. ) ;
#2725 =( NAMED_UNIT ( * ) SI_UNIT ( $, .STERADIAN. ) SOLID_ANGLE_UNIT ( ) );
#2726 = FACE_BOUND ( 'NONE', #4177, .T. ) ;
#2727 = VECTOR ( 'NONE', #438, 39.37007874015748143 ) ;
#2728 = CIRCLE ( 'NONE', #2972, 0.3711251169736390354 ) ;
#2729 = VERTEX_POINT ( 'NONE', #1773 ) ;
#2730 = LINE ( 'NONE', #4335, #804 ) ;
#2731 = VERTEX_POINT ( 'NONE', #4521 ) ;
#2732 = CARTESIAN_POINT ( 'NONE',  ( -1.199637426524393202, 1.622862283618527579, 0.4297902938669455608 ) ) ;
#2733 = CARTESIAN_POINT ( 'NONE',  ( -1.773915518167924255, -0.4524576540875508424, 0.1893700799999999962 ) ) ;
#2734 = CARTESIAN_POINT ( 'NONE',  ( -0.4365906452614138344, -1.692217171215437466, 0.4226956622450883660 ) ) ;
#2735 = VECTOR ( 'NONE', #1996, 39.37007874015748143 ) ;
#2736 = ORIENTED_EDGE ( 'NONE', *, *, #1310, .T. ) ;
#2737 = ORIENTED_EDGE ( 'NONE', *, *, #5183, .F. ) ;
#2738 = EDGE_CURVE ( 'NONE', #426, #1632, #1166, .T. ) ;
#2739 =( CONVERSION_BASED_UNIT ( 'INCH', #3874 ) LENGTH_UNIT ( ) NAMED_UNIT ( #3223 ) );
#2740 = ORIENTED_EDGE ( 'NONE', *, *, #1494, .T. ) ;
#2741 = CYLINDRICAL_SURFACE ( 'NONE', #2617, 0.3711251169736387578 ) ;
#2742 = CARTESIAN_POINT ( 'NONE',  ( 1.099994349197612298, -2.316054496710705735, 0.000000000000000000 ) ) ;
#2743 = DIRECTION ( 'NONE',  ( -1.000000000000000000, 0.000000000000000000, 0.000000000000000000 ) ) ;
#2744 = VERTEX_POINT ( 'NONE', #3762 ) ;
#2745 = DIRECTION ( 'NONE',  ( 0.6183389601406238389, -0.7859115283364991322, 0.000000000000000000 ) ) ;
#2746 = DIRECTION ( 'NONE',  ( -0.2715687108961418184, -0.9624190538752895874, 0.000000000000000000 ) ) ;
#2747 = DIRECTION ( 'NONE',  ( 0.000000000000000000, 0.000000000000000000, -1.000000000000000000 ) ) ;
#2748 = VERTEX_POINT ( 'NONE', #2602 ) ;
#2749 = DIRECTION ( 'NONE',  ( -0.000000000000000000, -0.000000000000000000, -1.000000000000000000 ) ) ;
#2750 = DIRECTION ( 'NONE',  ( 0.000000000000000000, 0.000000000000000000, -1.000000000000000000 ) ) ;
#2751 = CIRCLE ( 'NONE', #2193, 0.03937008000000002950 ) ;
#2752 = CARTESIAN_POINT ( 'NONE',  ( 2.359986356046925415, -2.355682979450072878, 0.05905512000000000261 ) ) ;
#2753 = VERTEX_POINT ( 'NONE', #912 ) ;
#2754 = FACE_OUTER_BOUND ( 'NONE', #2062, .T. ) ;
#2755 = AXIS2_PLACEMENT_3D ( 'NONE', #2906, #169, #511 ) ;
#2756 = CARTESIAN_POINT ( 'NONE',  ( 1.701075737142807354, -0.6766354490000069388, 0.1893700799999999962 ) ) ;
#2757 = CIRCLE ( 'NONE', #2847, 0.3711251169736387578 ) ;
#2758 = CARTESIAN_POINT ( 'NONE',  ( -0.6414510453149272484, 1.625653992259897374, 0.05905511999999997486 ) ) ;
#2759 = CARTESIAN_POINT ( 'NONE',  ( 2.347865874880960657, -2.262975920977241984, 0.05905512000000000955 ) ) ;
#2760 = ORIENTED_EDGE ( 'NONE', *, *, #1658, .T. ) ;
#2761 =( LENGTH_UNIT ( ) NAMED_UNIT ( * ) SI_UNIT ( $, .METRE. ) );
#2762 = ORIENTED_EDGE ( 'NONE', *, *, #2056, .T. ) ;
#2763 = ADVANCED_FACE ( 'NONE', ( #2525 ), #2149, .F. ) ;
#2764 = CARTESIAN_POINT ( 'NONE',  ( -2.014081323109768284, -1.902577949447445738, 0.05905512000000000261 ) ) ;
#2765 = CARTESIAN_POINT ( 'NONE',  ( 3.687994791446755246E-15, 0.000000000000000000, -5.708077732853926278 ) ) ;
#2766 = DIRECTION ( 'NONE',  ( -0.000000000000000000, 0.000000000000000000, 1.000000000000000000 ) ) ;
#2767 = ORIENTED_EDGE ( 'NONE', *, *, #4589, .F. ) ;
#2768 = SURFACE_STYLE_FILL_AREA ( #1163 ) ;
#2769 = CARTESIAN_POINT ( 'NONE',  ( -0.2966057773642475914, -0.01505167804213602967, 0.5905511792125984760 ) ) ;
#2770 = EDGE_CURVE ( 'NONE', #4328, #2218, #3310, .T. ) ;
#2771 = CARTESIAN_POINT ( 'NONE',  ( -1.718805732558587263, -1.902577949447445738, 0.5905511792125984760 ) ) ;
#2772 = AXIS2_PLACEMENT_3D ( 'NONE', #5099, #3066, #4730 ) ;
#2773 = EDGE_CURVE ( 'NONE', #1242, #3995, #1083, .T. ) ;
#2774 = VERTEX_POINT ( 'NONE', #2987 ) ;
#2775 = DIRECTION ( 'NONE',  ( 0.000000000000000000, 0.000000000000000000, 1.000000000000000000 ) ) ;
#2776 = CIRCLE ( 'NONE', #3709, 0.07950000000000007061 ) ;
#2777 = CARTESIAN_POINT ( 'NONE',  ( 1.902577949447427752, -1.718805732558607247, 0.3149606299212598381 ) ) ;
#2778 = CARTESIAN_POINT ( 'NONE',  ( -1.272421276580820493, 1.566452692357905629, 0.4419258157479110660 ) ) ;
#2779 = LINE ( 'NONE', #1235, #1576 ) ;
#2780 = DIRECTION ( 'NONE',  ( 0.000000000000000000, 0.000000000000000000, -1.000000000000000000 ) ) ;
#2781 = AXIS2_PLACEMENT_3D ( 'NONE', #374, #2749, #3996 ) ;
#2782 = CARTESIAN_POINT ( 'NONE',  ( -0.9296010403966383784, 1.541840579355554519, 0.05905511999999997486 ) ) ;
#2783 = COLOUR_RGB ( '',0.7921568627450980005, 0.8196078431372548767, 0.9333333333333333481 ) ;
#2784 = FILL_AREA_STYLE ('',( #3216 ) ) ;
#2785 = ORIENTED_EDGE ( 'NONE', *, *, #2555, .F. ) ;
#2786 = ORIENTED_EDGE ( 'NONE', *, *, #456, .T. ) ;
#2787 = DIRECTION ( 'NONE',  ( -1.000000000000000000, 0.000000000000000000, 0.000000000000000000 ) ) ;
#2788 = VECTOR ( 'NONE', #965, 39.37007874015748143 ) ;
#2789 = ORIENTED_EDGE ( 'NONE', *, *, #2151, .T. ) ;
#2790 = CARTESIAN_POINT ( 'NONE',  ( 1.488951214475636942, -0.9951724385871650869, 0.4355440091145874049 ) ) ;
#2791 = LINE ( 'NONE', #5161, #2081 ) ;
#2792 = CARTESIAN_POINT ( 'NONE',  ( 2.384330410374778442, -2.386624379193602596, 0.05905511999999997486 ) ) ;
#2793 = CARTESIAN_POINT ( 'NONE',  ( -1.718805732558587263, -1.902577949447445738, 0.000000000000000000 ) ) ;
#2794 = ORIENTED_EDGE ( 'NONE', *, *, #2467, .T. ) ;
#2795 = PRESENTATION_STYLE_ASSIGNMENT (( #3252 ) ) ;
#2796 = DIRECTION ( 'NONE',  ( 0.000000000000000000, 0.000000000000000000, -1.000000000000000000 ) ) ;
#2797 = CARTESIAN_POINT ( 'NONE',  ( -1.321986708739469440, 1.524840870110966806, 0.2508458939348589545 ) ) ;
#2798 = VERTEX_POINT ( 'NONE', #2552 ) ;
#2799 = EDGE_CURVE ( 'NONE', #842, #545, #4049, .T. ) ;
#2800 = AXIS2_PLACEMENT_3D ( 'NONE', #3179, #4779, #1200 ) ;
#2801 = CARTESIAN_POINT ( 'NONE',  ( -2.415511303806090471, 0.8598843766371754294, 0.05905512000000000261 ) ) ;
#2802 = VECTOR ( 'NONE', #3166, 39.37007874015748143 ) ;
#2803 = DIRECTION ( 'NONE',  ( -0.000000000000000000, -0.000000000000000000, 1.000000000000000000 ) ) ;
#2804 = ADVANCED_FACE ( 'NONE', ( #1825 ), #4207, .F. ) ;
#2805 = DIRECTION ( 'NONE',  ( -1.000000000000000000, 0.000000000000000000, 0.000000000000000000 ) ) ;
#2806 = LINE ( 'NONE', #4419, #3182 ) ;
#2807 = DIMENSIONAL_EXPONENTS ( 1.000000000000000000, 0.000000000000000000, 0.000000000000000000, 0.000000000000000000, 0.000000000000000000, 0.000000000000000000, 0.000000000000000000 ) ;
#2808 = CIRCLE ( 'NONE', #959, 0.03937008000000002950 ) ;
#2809 = LINE ( 'NONE', #5177, #4290 ) ;
#2810 = CIRCLE ( 'NONE', #4163, 0.1324728384239566015 ) ;
#2811 = EDGE_CURVE ( 'NONE', #3220, #3702, #1693, .T. ) ;
#2812 = AXIS2_PLACEMENT_3D ( 'NONE', #788, #3583, #4400 ) ;
#2813 = ORIENTED_EDGE ( 'NONE', *, *, #1560, .T. ) ;
#2814 = CARTESIAN_POINT ( 'NONE',  ( -0.7182401133247918734, -2.072479592270056958, 0.000000000000000000 ) ) ;
#2815 = VERTEX_POINT ( 'NONE', #4548 ) ;
#2816 = DIRECTION ( 'NONE',  ( -0.000000000000000000, -0.000000000000000000, 1.000000000000000000 ) ) ;
#2817 = ORIENTED_EDGE ( 'NONE', *, *, #3743, .T. ) ;
#2818 = CARTESIAN_POINT ( 'NONE',  ( -1.811177625312237582, -0.2947212404430974986, 0.5084752992119263570 ) ) ;
#2819 = AXIS2_PLACEMENT_3D ( 'NONE', #4159, #4239, #2245 ) ;
#2820 = ORIENTED_EDGE ( 'NONE', *, *, #2962, .F. ) ;
#2821 = CARTESIAN_POINT ( 'NONE',  ( -2.602150823964573867, -1.947128934955384860, 0.4921259842519685179 ) ) ;
#2822 = DIRECTION ( 'NONE',  ( 1.000000000000000000, 0.000000000000000000, 0.000000000000000000 ) ) ;
#2823 = AXIS2_PLACEMENT_3D ( 'NONE', #2878, #2121, #507 ) ;
#2824 = VERTEX_POINT ( 'NONE', #938 ) ;
#2825 = DIRECTION ( 'NONE',  ( -0.7859115283364991322, -0.6183389601406238389, 0.000000000000000000 ) ) ;
#2826 = DIRECTION ( 'NONE',  ( 0.3459920241377026917, -0.9382374535441948549, 0.000000000000000000 ) ) ;
#2827 = FILL_AREA_STYLE_COLOUR ( '', #2829 ) ;
#2828 = ORIENTED_EDGE ( 'NONE', *, *, #4106, .F. ) ;
#2829 = COLOUR_RGB ( '',0.7921568627450980005, 0.8196078431372548767, 0.9333333333333333481 ) ;
#2830 = EDGE_CURVE ( 'NONE', #4278, #3667, #1089, .T. ) ;
#2831 = ADVANCED_FACE ( 'NONE', ( #1924 ), #2677, .F. ) ;
#2832 = DIRECTION ( 'NONE',  ( -0.000000000000000000, -0.000000000000000000, 1.000000000000000000 ) ) ;
#2833 = FACE_OUTER_BOUND ( 'NONE', #59, .T. ) ;
#2834 = ORIENTED_EDGE ( 'NONE', *, *, #668, .T. ) ;
#2835 = DIRECTION ( 'NONE',  ( 1.000000000000000000, 0.000000000000000000, 0.000000000000000000 ) ) ;
#2836 = CARTESIAN_POINT ( 'NONE',  ( 1.430946119374014502, 1.077630320777799078, 0.1499999999999999944 ) ) ;
#2837 = EDGE_CURVE ( 'NONE', #3356, #881, #5124, .T. ) ;
#2838 = FACE_OUTER_BOUND ( 'NONE', #2225, .T. ) ;
#2839 = EDGE_LOOP ( 'NONE', ( #2316, #716 ) ) ;
#2840 = FACE_OUTER_BOUND ( 'NONE', #4382, .T. ) ;
#2841 = EDGE_CURVE ( 'NONE', #2729, #1057, #242, .T. ) ;
#2842 = EDGE_LOOP ( 'NONE', ( #3587, #4346, #1082, #3680 ) ) ;
#2843 = AXIS2_PLACEMENT_3D ( 'NONE', #3416, #3011, #4234 ) ;
#2844 = DIRECTION ( 'NONE',  ( 1.000000000000000000, 0.000000000000000000, 0.000000000000000000 ) ) ;
#2845 = ADVANCED_FACE ( 'NONE', ( #4237, #669 ), #1065, .F. ) ;
#2846 = DIRECTION ( 'NONE',  ( 0.000000000000000000, 0.000000000000000000, 1.000000000000000000 ) ) ;
#2847 = AXIS2_PLACEMENT_3D ( 'NONE', #1582, #4423, #4785 ) ;
#2848 = CARTESIAN_POINT ( 'NONE',  ( 0.9243519070213513933, -1.989123946050391556, 0.5905511792125984760 ) ) ;
#2849 = SURFACE_SIDE_STYLE ('',( #2030 ) ) ;
#2850 = UNCERTAINTY_MEASURE_WITH_UNIT (LENGTH_MEASURE( 1.000000000000000082E-05 ), #3263, 'distance_accuracy_value', 'NONE');
#2851 = ORIENTED_EDGE ( 'NONE', *, *, #2370, .T. ) ;
#2852 = CARTESIAN_POINT ( 'NONE',  ( -1.275636791373742973, 2.642985047370975504, 0.5905511792125984760 ) ) ;
#2853 = CYLINDRICAL_SURFACE ( 'NONE', #1411, 0.1267401574803148911 ) ;
#2854 = ORIENTED_EDGE ( 'NONE', *, *, #3786, .T. ) ;
#2855 = LENGTH_MEASURE_WITH_UNIT ( LENGTH_MEASURE( 0.02539999999999999897 ), #832 );
#2856 = CARTESIAN_POINT ( 'NONE',  ( -1.846177625312217963, -0.2947212404431331367, 0.1499999999999999944 ) ) ;
#2857 = VERTEX_POINT ( 'NONE', #2294 ) ;
#2858 = ORIENTED_EDGE ( 'NONE', *, *, #3869, .T. ) ;
#2859 = CARTESIAN_POINT ( 'NONE',  ( -0.7182401133247918734, -2.072479592270056958, 0.5905511792125984760 ) ) ;
#2860 = SURFACE_STYLE_FILL_AREA ( #36 ) ;
#2861 = EDGE_LOOP ( 'NONE', ( #3307, #2092, #5007, #873 ) ) ;
#2862 = FACE_OUTER_BOUND ( 'NONE', #2095, .T. ) ;
#2863 = ORIENTED_EDGE ( 'NONE', *, *, #4422, .F. ) ;
#2864 = CARTESIAN_POINT ( 'NONE',  ( 2.531765971032962526, -1.511927958270452788, 0.05905512000000000261 ) ) ;
#2865 = EDGE_CURVE ( 'NONE', #3190, #4716, #4705, .T. ) ;
#2866 = FACE_OUTER_BOUND ( 'NONE', #1917, .T. ) ;
#2867 = FACE_OUTER_BOUND ( 'NONE', #4594, .T. ) ;
#2868 = LINE ( 'NONE', #393, #2735 ) ;
#2869 = ADVANCED_FACE ( 'NONE', ( #3442 ), #725, .T. ) ;
#2870 = FILL_AREA_STYLE ('',( #4848 ) ) ;
#2871 = ORIENTED_EDGE ( 'NONE', *, *, #314, .F. ) ;
#2872 = FACE_OUTER_BOUND ( 'NONE', #4450, .T. ) ;
#2873 = ADVANCED_FACE ( 'NONE', ( #1869 ), #5021, .T. ) ;
#2874 = CARTESIAN_POINT ( 'NONE',  ( -1.745848516031270004, -0.06836155321788989214, 0.05905512000000000261 ) ) ;
#2875 = AXIS2_PLACEMENT_3D ( 'NONE', #4800, #1252, #2470 ) ;
#2876 = VERTEX_POINT ( 'NONE', #4079 ) ;
#2877 = CARTESIAN_POINT ( 'NONE',  ( -1.735766796077125917, -0.4427273816327118028, 0.1893700799999999962 ) ) ;
#2878 = CARTESIAN_POINT ( 'NONE',  ( -2.071435516471090477, 2.632803619927272187, 9.298117831235686273E-17 ) ) ;
#2879 = FACE_OUTER_BOUND ( 'NONE', #4606, .T. ) ;
#2880 = ORIENTED_EDGE ( 'NONE', *, *, #4713, .T. ) ;
#2881 = CARTESIAN_POINT ( 'NONE',  ( 1.637680568099463940, -2.852710619755993715, 0.05905512000000000955 ) ) ;
#2882 = AXIS2_PLACEMENT_3D ( 'NONE', #130, #1762, #953 ) ;
#2883 = DIRECTION ( 'NONE',  ( 0.000000000000000000, 0.000000000000000000, -1.000000000000000000 ) ) ;
#2884 = AXIS2_PLACEMENT_3D ( 'NONE', #665, #3495, #5096 ) ;
#2885 = ORIENTED_EDGE ( 'NONE', *, *, #2302, .T. ) ;
#2886 = AXIS2_PLACEMENT_3D ( 'NONE', #3483, #4624, #2618 ) ;
#2887 = DIRECTION ( 'NONE',  ( 1.000000000000000000, 0.000000000000000000, 0.000000000000000000 ) ) ;
#2888 = FACE_OUTER_BOUND ( 'NONE', #675, .T. ) ;
#2889 = EDGE_CURVE ( 'NONE', #581, #413, #1170, .T. ) ;
#2890 = CARTESIAN_POINT ( 'NONE',  ( -2.071435516471090477, 2.632803619927272187, 0.5905511792125984760 ) ) ;
#2891 = ADVANCED_FACE ( 'NONE', ( #4804 ), #3178, .F. ) ;
#2892 = LINE ( 'NONE', #900, #3870 ) ;
#2893 = DIRECTION ( 'NONE',  ( 0.000000000000000000, 0.000000000000000000, 1.000000000000000000 ) ) ;
#2894 = UNCERTAINTY_MEASURE_WITH_UNIT (LENGTH_MEASURE( 1.000000000000000082E-05 ), #2041, 'distance_accuracy_value', 'NONE');
#2895 = ORIENTED_EDGE ( 'NONE', *, *, #4526, .T. ) ;
#2896 = AXIS2_PLACEMENT_3D ( 'NONE', #1678, #3296, #4897 ) ;
#2897 = LINE ( 'NONE', #3726, #4737 ) ;
#2898 =( NAMED_UNIT ( * ) SI_UNIT ( $, .STERADIAN. ) SOLID_ANGLE_UNIT ( ) );
#2899 = AXIS2_PLACEMENT_3D ( 'NONE', #2903, #3258, #1742 ) ;
#2900 = ORIENTED_EDGE ( 'NONE', *, *, #2403, .F. ) ;
#2901 = LINE ( 'NONE', #907, #5178 ) ;
#2902 = ADVANCED_FACE ( 'NONE', ( #4834 ), #4388, .F. ) ;
#2903 = CARTESIAN_POINT ( 'NONE',  ( -2.531765971032929219, 1.511927958270396388, 0.5905511792125984760 ) ) ;
#2904 = CARTESIAN_POINT ( 'NONE',  ( 1.340139031601948583, -1.508906449687414275, 0.3089437916100704618 ) ) ;
#2905 = EDGE_LOOP ( 'NONE', ( #1846, #4058, #2073, #3566 ) ) ;
#2906 = CARTESIAN_POINT ( 'NONE',  ( 0.000000000000000000, 0.000000000000000000, 0.1771653543307086798 ) ) ;
#2907 = UNCERTAINTY_MEASURE_WITH_UNIT (LENGTH_MEASURE( 1.000000000000000082E-05 ), #2079, 'distance_accuracy_value', 'NONE');
#2908 = CARTESIAN_POINT ( 'NONE',  ( -2.390927755790454690, 2.331338925122219852, -1.376851922720525798E-16 ) ) ;
#2909 = VERTEX_POINT ( 'NONE', #5 ) ;
#2910 = CARTESIAN_POINT ( 'NONE',  ( -0.2966057773642475914, -0.01505167804213602967, 0.000000000000000000 ) ) ;
#2911 = CARTESIAN_POINT ( 'NONE',  ( 2.018110236220476139, 0.000000000000000000, -5.708077732853926278 ) ) ;
#2912 = CARTESIAN_POINT ( 'NONE',  ( -2.359986356046924527, 2.355682979450072878, 2.723018660599063303E-16 ) ) ;
#2913 = LINE ( 'NONE', #2890, #5083 ) ;
#2914 = CARTESIAN_POINT ( 'NONE',  ( 1.257040680039471781, 1.303017989562359480, 0.1893700799999999962 ) ) ;
#2915 = EDGE_CURVE ( 'NONE', #3692, #328, #5144, .T. ) ;
#2916 = DIRECTION ( 'NONE',  ( -0.7859115283364993543, -0.6183389601406237279, 0.000000000000000000 ) ) ;
#2917 = ADVANCED_FACE ( 'NONE', ( #1633 ), #2451, .T. ) ;
#2918 = ORIENTED_EDGE ( 'NONE', *, *, #314, .T. ) ;
#2919 = DIRECTION ( 'NONE',  ( -0.000000000000000000, -0.000000000000000000, -1.000000000000000000 ) ) ;
#2920 = DIRECTION ( 'NONE',  ( -0.000000000000000000, -0.000000000000000000, 1.000000000000000000 ) ) ;
#2921 = VECTOR ( 'NONE', #579, 39.37007874015748143 ) ;
#2922 = CARTESIAN_POINT ( 'NONE',  ( -0.4744811604060082399, -1.681525489341959334, 0.1893700799999999962 ) ) ;
#2923 = EDGE_LOOP ( 'NONE', ( #977, #267, #3138, #334 ) ) ;
#2924 = VECTOR ( 'NONE', #1757, 39.37007874015748143 ) ;
#2925 = EDGE_CURVE ( 'NONE', #4084, #143, #3972, .T. ) ;
#2926 = ORIENTED_EDGE ( 'NONE', *, *, #4805, .F. ) ;
#2927 = CARTESIAN_POINT ( 'NONE',  ( 1.292040680039471479, 1.303017989562359480, 0.1499999999999999944 ) ) ;
#2928 = MECHANICAL_DESIGN_GEOMETRIC_PRESENTATION_REPRESENTATION (  '', ( #1787 ), #585 ) ;
#2929 = ADVANCED_FACE ( 'NONE', ( #803 ), #3542, .F. ) ;
#2930 = CARTESIAN_POINT ( 'NONE',  ( 1.895971086889295831, 1.902577949447445738, 0.3149606299212598381 ) ) ;
#2931 = EDGE_CURVE ( 'NONE', #4716, #3468, #4061, .T. ) ;
#2932 = ORIENTED_EDGE ( 'NONE', *, *, #1428, .T. ) ;
#2933 = VERTEX_POINT ( 'NONE', #4544 ) ;
#2934 = DIRECTION ( 'NONE',  ( 1.000000000000000000, 0.000000000000000000, 0.000000000000000000 ) ) ;
#2935 = SURFACE_SIDE_STYLE ('',( #2860 ) ) ;
#2936 = PLANE ( 'NONE',  #1711 ) ;
#2937 = EDGE_CURVE ( 'NONE', #2282, #4955, #2625, .T. ) ;
#2938 = DIRECTION ( 'NONE',  ( 0.6183389601406238389, -0.7859115283364991322, 0.000000000000000000 ) ) ;
#2939 = CARTESIAN_POINT ( 'NONE',  ( 1.664493462007921920, -0.6620841485370947410, 0.5084752992119263570 ) ) ;
#2940 = CARTESIAN_POINT ( 'NONE',  ( 1.260243507589415612, -1.576266164376864953, 0.4450293488181587542 ) ) ;
#2941 = CIRCLE ( 'NONE', #1786, 0.3711251169736392019 ) ;
#2942 = PRESENTATION_LAYER_ASSIGNMENT (  '', '', ( #1611 ) ) ;
#2943 = DIMENSIONAL_EXPONENTS ( 1.000000000000000000, 0.000000000000000000, 0.000000000000000000, 0.000000000000000000, 0.000000000000000000, 0.000000000000000000, 0.000000000000000000 ) ;
#2944 = CARTESIAN_POINT ( 'NONE',  ( 3.092847217540596424E-16, 2.185864326882349121E-15, 0.1499999999999999944 ) ) ;
#2945 = LINE ( 'NONE', #3804, #3360 ) ;
#2946 = PRESENTATION_LAYER_ASSIGNMENT (  '', '', ( #1451 ) ) ;
#2947 = ORIENTED_EDGE ( 'NONE', *, *, #775, .T. ) ;
#2948 = VECTOR ( 'NONE', #3568, 39.37007874015748143 ) ;
#2949 = CARTESIAN_POINT ( 'NONE',  ( -0.8049812222671373085, 1.631458410820978866, 0.1893700799999999962 ) ) ;
#2950 = DIRECTION ( 'NONE',  ( -0.000000000000000000, -0.000000000000000000, -1.000000000000000000 ) ) ;
#2951 = CARTESIAN_POINT ( 'NONE',  ( -1.511927958270385286, -2.531765971032975404, 0.05905512000000000261 ) ) ;
#2952 = AXIS2_PLACEMENT_3D ( 'NONE', #2659, #3288, #1343 ) ;
#2953 = ORIENTED_EDGE ( 'NONE', *, *, #2122, .T. ) ;
#2954 = ORIENTED_EDGE ( 'NONE', *, *, #4830, .T. ) ;
#2955 = CARTESIAN_POINT ( 'NONE',  ( -2.071435516471090033, 2.632803619927272187, 0.3248031496062991907 ) ) ;
#2956 = PRESENTATION_LAYER_ASSIGNMENT (  '', '', ( #776 ) ) ;
#2957 = EDGE_LOOP ( 'NONE', ( #4734, #814, #3212, #3267 ) ) ;
#2958 = EDGE_CURVE ( 'NONE', #2473, #3260, #349, .T. ) ;
#2959 = CARTESIAN_POINT ( 'NONE',  ( 0.8598843766372653574, 2.415511303806133991, 0.05905512000000000261 ) ) ;
#2960 = VECTOR ( 'NONE', #2938, 39.37007874015748143 ) ;
#2961 = CARTESIAN_POINT ( 'NONE',  ( 1.151187609679803048, -1.657570032994575282, 0.3088836356231435265 ) ) ;
#2962 = EDGE_CURVE ( 'NONE', #1367, #1572, #3231, .T. ) ;
#2963 = EDGE_LOOP ( 'NONE', ( #4554, #3244, #1598, #955 ) ) ;
#2964 = CARTESIAN_POINT ( 'NONE',  ( -2.452265971032928871, 1.511927958270396388, 0.05905512000000000261 ) ) ;
#2965 = DIRECTION ( 'NONE',  ( -0.000000000000000000, -0.000000000000000000, -1.000000000000000000 ) ) ;
#2966 = CARTESIAN_POINT ( 'NONE',  ( -2.642985047370931984, -1.275636791373829126, 0.05905512000000000261 ) ) ;
#2967 = CARTESIAN_POINT ( 'NONE',  ( 1.725412595116719183, -1.718805732558607247, 0.000000000000000000 ) ) ;
#2968 = CARTESIAN_POINT ( 'NONE',  ( -1.703255168496018435, 2.872385515245265086, 0.05905512000000000261 ) ) ;
#2969 = AXIS2_PLACEMENT_3D ( 'NONE', #401, #4981, #4539 ) ;
#2970 = DIRECTION ( 'NONE',  ( -0.000000000000000000, -0.000000000000000000, -1.000000000000000000 ) ) ;
#2971 = CARTESIAN_POINT ( 'NONE',  ( 1.153711373446392185, -1.655814420580575375, 0.3561493041614630095 ) ) ;
#2972 = AXIS2_PLACEMENT_3D ( 'NONE', #444, #847, #3674 ) ;
#2973 = CARTESIAN_POINT ( 'NONE',  ( -0.1542081142617548195, -1.793781013376439804, 0.5084752992119263570 ) ) ;
#2974 = LINE ( 'NONE', #126, #2924 ) ;
#2975 = VERTEX_POINT ( 'NONE', #536 ) ;
#2976 = FACE_OUTER_BOUND ( 'NONE', #3842, .T. ) ;
#2977 = FACE_OUTER_BOUND ( 'NONE', #4820, .T. ) ;
#2978 = CARTESIAN_POINT ( 'NONE',  ( 3.092847217540596424E-16, 2.185864326882349121E-15, 0.1893700799999999962 ) ) ;
#2979 = ORIENTED_EDGE ( 'NONE', *, *, #3492, .F. ) ;
#2980 = CIRCLE ( 'NONE', #5115, 0.03937007999999996011 ) ;
#2981 = CARTESIAN_POINT ( 'NONE',  ( -1.637680568099463940, 2.852710619755993271, 0.1771653543307083745 ) ) ;
#2982 = ORIENTED_EDGE ( 'NONE', *, *, #2915, .T. ) ;
#2983 = VECTOR ( 'NONE', #1927, 39.37007874015748143 ) ;
#2984 = CARTESIAN_POINT ( 'NONE',  ( -1.902577949447439742, 1.718805732558593924, 0.3149606299212598381 ) ) ;
#2985 = EDGE_CURVE ( 'NONE', #2716, #1615, #3757, .T. ) ;
#2986 = ORIENTED_EDGE ( 'NONE', *, *, #816, .T. ) ;
#2987 = CARTESIAN_POINT ( 'NONE',  ( 1.488951214475636942, -0.9951724385871650869, 0.1893700799999999962 ) ) ;
#2988 = DIRECTION ( 'NONE',  ( -1.000000000000000000, 0.000000000000000000, 0.000000000000000000 ) ) ;
#2989 = AXIS2_PLACEMENT_3D ( 'NONE', #3731, #928, #2216 ) ;
#2990 = CARTESIAN_POINT ( 'NONE',  ( 2.960169275137722433, 0.01505167804208845661, 0.5905511792125984760 ) ) ;
#2991 = CARTESIAN_POINT ( 'NONE',  ( 3.092847217540596424E-16, 2.185864326882349121E-15, 0.05905511999999999567 ) ) ;
#2992 = CARTESIAN_POINT ( 'NONE',  ( 1.618079363792127134, -2.818566864998960586, 0.5905511792125984760 ) ) ;
#2993 = SURFACE_SIDE_STYLE ('',( #1806 ) ) ;
#2994 = EDGE_CURVE ( 'NONE', #396, #2716, #1148, .T. ) ;
#2995 = CARTESIAN_POINT ( 'NONE',  ( 1.294895273565701777, -1.547920677527260036, 0.4298703654797250140 ) ) ;
#2996 = DIRECTION ( 'NONE',  ( -0.000000000000000000, -0.000000000000000000, -1.000000000000000000 ) ) ;
#2997 = CARTESIAN_POINT ( 'NONE',  ( -2.358663411130413667, 2.235890630821338210, 0.1771653543307086798 ) ) ;
#2998 = ORIENTED_EDGE ( 'NONE', *, *, #4658, .T. ) ;
#2999 = EDGE_CURVE ( 'NONE', #2317, #2238, #4879, .T. ) ;
#3000 = ORIENTED_EDGE ( 'NONE', *, *, #4958, .T. ) ;
#3001 = LINE ( 'NONE', #661, #3268 ) ;
#3002 = CIRCLE ( 'NONE', #823, 1.830708659055118259 ) ;
#3003 = CYLINDRICAL_SURFACE ( 'NONE', #2886, 0.03937008000000002950 ) ;
#3004 = CARTESIAN_POINT ( 'NONE',  ( -1.633536513739711982, -1.185043199135350944, 0.5905511792125984760 ) ) ;
#3005 = ADVANCED_FACE ( 'NONE', ( #1394 ), #77, .F. ) ;
#3006 = CIRCLE ( 'NONE', #2447, 0.2952755905511810774 ) ;
#3007 = ORIENTED_EDGE ( 'NONE', *, *, #940, .T. ) ;
#3008 = DIRECTION ( 'NONE',  ( -0.000000000000000000, -0.000000000000000000, 1.000000000000000000 ) ) ;
#3009 = ORIENTED_EDGE ( 'NONE', *, *, #321, .T. ) ;
#3010 = ORIENTED_EDGE ( 'NONE', *, *, #2517, .F. ) ;
#3011 = DIRECTION ( 'NONE',  ( -0.6183389601406238389, 0.7859115283364992433, -0.000000000000000000 ) ) ;
#3012 = ORIENTED_EDGE ( 'NONE', *, *, #2272, .F. ) ;
#3013 = ORIENTED_EDGE ( 'NONE', *, *, #5032, .T. ) ;
#3014 = CARTESIAN_POINT ( 'NONE',  ( 2.079743303778136099, -1.718805732558607247, 0.3149606299212598381 ) ) ;
#3015 = FACE_BOUND ( 'NONE', #4964, .T. ) ;
#3016 = DIRECTION ( 'NONE',  ( -0.000000000000000000, -0.000000000000000000, -1.000000000000000000 ) ) ;
#3017 = VERTEX_POINT ( 'NONE', #1309 ) ;
#3018 = CARTESIAN_POINT ( 'NONE',  ( -0.5955072783749462140, 1.731145654109399246, 0.1499999999999999944 ) ) ;
#3019 =( LENGTH_UNIT ( ) NAMED_UNIT ( * ) SI_UNIT ( $, .METRE. ) );
#3020 = EDGE_CURVE ( 'NONE', #3702, #3220, #2258, .T. ) ;
#3021 = ADVANCED_FACE ( 'NONE', ( #2141 ), #2521, .F. ) ;
#3022 = DIRECTION ( 'NONE',  ( 0.000000000000000000, 0.000000000000000000, -1.000000000000000000 ) ) ;
#3023 = EDGE_CURVE ( 'NONE', #696, #558, #2901, .T. ) ;
#3024 =( LENGTH_UNIT ( ) NAMED_UNIT ( * ) SI_UNIT ( $, .METRE. ) );
#3025 = ORIENTED_EDGE ( 'NONE', *, *, #4553, .F. ) ;
#3026 = VECTOR ( 'NONE', #1524, 39.37007874015748143 ) ;
#3027 = DIRECTION ( 'NONE',  ( -0.000000000000000000, -0.000000000000000000, 1.000000000000000000 ) ) ;
#3028 = AXIS2_PLACEMENT_3D ( 'NONE', #1247, #4323, #712 ) ;
#3029 = LINE ( 'NONE', #713, #4241 ) ;
#3030 = EDGE_CURVE ( 'NONE', #3461, #493, #3082, .T. ) ;
#3031 = AXIS2_PLACEMENT_3D ( 'NONE', #5163, #472, #5186 ) ;
#3032 = DIRECTION ( 'NONE',  ( -1.000000000000000000, 0.000000000000000000, 0.000000000000000000 ) ) ;
#3033 = ORIENTED_EDGE ( 'NONE', *, *, #3030, .F. ) ;
#3034 = ORIENTED_EDGE ( 'NONE', *, *, #140, .F. ) ;
#3035 = SURFACE_STYLE_FILL_AREA ( #2290 ) ;
#3036 = AXIS2_PLACEMENT_3D ( 'NONE', #2628, #3864, #2580 ) ;
#3037 = ORIENTED_EDGE ( 'NONE', *, *, #1493, .F. ) ;
#3038 = CIRCLE ( 'NONE', #5060, 0.1267401574803148911 ) ;
#3039 = VERTEX_POINT ( 'NONE', #4302 ) ;
#3040 = EDGE_LOOP ( 'NONE', ( #5020, #2880, #3557, #952 ) ) ;
#3041 = DIRECTION ( 'NONE',  ( 0.000000000000000000, 0.000000000000000000, 1.000000000000000000 ) ) ;
#3042 = AXIS2_PLACEMENT_3D ( 'NONE', #1514, #2715, #3984 ) ;
#3043 = CARTESIAN_POINT ( 'NONE',  ( -1.637680568099463940, 2.852710619755993271, 0.05905512000000000955 ) ) ;
#3044 = VECTOR ( 'NONE', #3048, 39.37007874015748143 ) ;
#3045 = CARTESIAN_POINT ( 'NONE',  ( -1.718805732558587263, -1.902577949447445738, 0.05905512000000000261 ) ) ;
#3046 = ORIENTED_EDGE ( 'NONE', *, *, #5183, .T. ) ;
#3047 = ORIENTED_EDGE ( 'NONE', *, *, #2528, .F. ) ;
#3048 = DIRECTION ( 'NONE',  ( 0.000000000000000000, 0.000000000000000000, 1.000000000000000000 ) ) ;
#3049 = CARTESIAN_POINT ( 'NONE',  ( -0.01505167804204735754, 0.2966057773642921669, 0.5905511792125984760 ) ) ;
#3050 = DIRECTION ( 'NONE',  ( 0.000000000000000000, 0.000000000000000000, 1.000000000000000000 ) ) ;
#3051 = AXIS2_PLACEMENT_3D ( 'NONE', #251, #3022, #659 ) ;
#3052 = FILL_AREA_STYLE_COLOUR ( '', #1017 ) ;
#3053 = ORIENTED_EDGE ( 'NONE', *, *, #3898, .T. ) ;
#3054 = DIRECTION ( 'NONE',  ( 0.000000000000000000, 0.000000000000000000, 1.000000000000000000 ) ) ;
#3055 = CARTESIAN_POINT ( 'NONE',  ( -0.1542081142617548195, -1.793781013376439804, 0.05905511999999997486 ) ) ;
#3056 = VECTOR ( 'NONE', #3899, 39.37007874015748143 ) ;
#3057 = ADVANCED_FACE ( 'NONE', ( #4250 ), #398, .F. ) ;
#3058 = CARTESIAN_POINT ( 'NONE',  ( -1.944929379736978214, -1.099994349197570775, 0.05905512000000000261 ) ) ;
#3059 = ORIENTED_EDGE ( 'NONE', *, *, #3552, .T. ) ;
#3060 = ORIENTED_EDGE ( 'NONE', *, *, #1070, .F. ) ;
#3061 = ORIENTED_EDGE ( 'NONE', *, *, #3978, .T. ) ;
#3062 = CARTESIAN_POINT ( 'NONE',  ( 3.092847217540596424E-16, 2.185864326882349121E-15, 0.05905511999999999567 ) ) ;
#3063 = EDGE_CURVE ( 'NONE', #1873, #4012, #693, .T. ) ;
#3064 = CARTESIAN_POINT ( 'NONE',  ( 2.356294555137431246, -2.287319975305096342, 0.5905511792125984760 ) ) ;
#3065 = ORIENTED_EDGE ( 'NONE', *, *, #2378, .F. ) ;
#3066 = DIRECTION ( 'NONE',  ( -0.000000000000000000, -0.000000000000000000, -1.000000000000000000 ) ) ;
#3067 = ADVANCED_FACE ( 'NONE', ( #3438 ), #4276, .T. ) ;
#3068 = AXIS2_PLACEMENT_3D ( 'NONE', #2466, #4072, #4093 ) ;
#3069 = DIRECTION ( 'NONE',  ( 0.000000000000000000, 0.000000000000000000, 1.000000000000000000 ) ) ;
#3070 = DIRECTION ( 'NONE',  ( 1.000000000000000000, 0.000000000000000000, 0.000000000000000000 ) ) ;
#3071 = ORIENTED_EDGE ( 'NONE', *, *, #2841, .T. ) ;
#3072 = CIRCLE ( 'NONE', #1998, 0.03937008000000002950 ) ;
#3073 = AXIS2_PLACEMENT_3D ( 'NONE', #2299, #4562, #2681 ) ;
#3074 = EDGE_CURVE ( 'NONE', #413, #3298, #4273, .T. ) ;
#3075 = FACE_OUTER_BOUND ( 'NONE', #582, .T. ) ;
#3076 = FILL_AREA_STYLE_COLOUR ( '', #4056 ) ;
#3077 = FACE_BOUND ( 'NONE', #1513, .T. ) ;
#3078 = VERTEX_POINT ( 'NONE', #1006 ) ;
#3079 = AXIS2_PLACEMENT_3D ( 'NONE', #1046, #1832, #3104 ) ;
#3080 = ORIENTED_EDGE ( 'NONE', *, *, #4204, .F. ) ;
#3081 = CARTESIAN_POINT ( 'NONE',  ( 1.665814014916906283, -2.824797644952651066, 9.020562075079396891E-17 ) ) ;
#3082 = CIRCLE ( 'NONE', #4435, 2.663563497773344668 ) ;
#3083 = DIRECTION ( 'NONE',  ( -0.000000000000000000, -0.000000000000000000, 1.000000000000000000 ) ) ;
#3084 = VECTOR ( 'NONE', #35, 39.37007874015748143 ) ;
#3085 = ORIENTED_EDGE ( 'NONE', *, *, #4168, .F. ) ;
#3086 = FILL_AREA_STYLE ('',( #643 ) ) ;
#3087 = EDGE_CURVE ( 'NONE', #655, #1197, #2700, .T. ) ;
#3088 = ORIENTED_EDGE ( 'NONE', *, *, #1360, .F. ) ;
#3089 = DIRECTION ( 'NONE',  ( -0.000000000000000000, -0.000000000000000000, 1.000000000000000000 ) ) ;
#3090 = FACE_BOUND ( 'NONE', #4279, .T. ) ;
#3091 = CIRCLE ( 'NONE', #829, 3.250000000000000000 ) ;
#3092 = ORIENTED_EDGE ( 'NONE', *, *, #2370, .F. ) ;
#3093 = EDGE_CURVE ( 'NONE', #1276, #1572, #3, .T. ) ;
#3094 = SURFACE_STYLE_USAGE ( .BOTH. , #317 ) ;
#3095 =( CONVERSION_BASED_UNIT ( 'INCH', #5100 ) LENGTH_UNIT ( ) NAMED_UNIT ( #1606 ) );
#3096 = DIRECTION ( 'NONE',  ( 0.000000000000000000, 0.000000000000000000, 1.000000000000000000 ) ) ;
#3097 = ORIENTED_EDGE ( 'NONE', *, *, #2962, .T. ) ;
#3098 = EDGE_CURVE ( 'NONE', #3903, #4890, #4673, .T. ) ;
#3099 = CARTESIAN_POINT ( 'NONE',  ( -1.150535905705077466, 1.658021729417693768, 0.3248031496062991907 ) ) ;
#3100 = CARTESIAN_POINT ( 'NONE',  ( -1.637680568099463940, 2.852710619755993271, 0.5905511792125985870 ) ) ;
#3101 = ORIENTED_EDGE ( 'NONE', *, *, #2889, .T. ) ;
#3102 = ORIENTED_EDGE ( 'NONE', *, *, #4551, .T. ) ;
#3103 = DIRECTION ( 'NONE',  ( -0.000000000000000000, -0.000000000000000000, 1.000000000000000000 ) ) ;
#3104 = DIRECTION ( 'NONE',  ( 1.000000000000000000, 0.000000000000000000, 0.000000000000000000 ) ) ;
#3105 = ORIENTED_EDGE ( 'NONE', *, *, #3087, .F. ) ;
#3106 = ORIENTED_EDGE ( 'NONE', *, *, #1662, .T. ) ;
#3107 = DIRECTION ( 'NONE',  ( 1.000000000000000000, 0.000000000000000000, 0.000000000000000000 ) ) ;
#3108 = ORIENTED_EDGE ( 'NONE', *, *, #1165, .T. ) ;
#3109 = CARTESIAN_POINT ( 'NONE',  ( -1.811177625312218042, -0.2947212404431331367, 0.05905511999999999567 ) ) ;
#3110 = DIRECTION ( 'NONE',  ( -0.000000000000000000, -0.000000000000000000, -1.000000000000000000 ) ) ;
#3111 = CARTESIAN_POINT ( 'NONE',  ( -1.718805732558587263, -1.902577949447445738, 0.3149606299212598381 ) ) ;
#3112 = VERTEX_POINT ( 'NONE', #288 ) ;
#3113 = CARTESIAN_POINT ( 'NONE',  ( -0.8049812222671373085, 1.631458410820978866, 0.05905511999999999567 ) ) ;
#3114 = DIRECTION ( 'NONE',  ( -0.000000000000000000, -0.000000000000000000, -1.000000000000000000 ) ) ;
#3115 = ORIENTED_EDGE ( 'NONE', *, *, #1921, .F. ) ;
#3116 = PRESENTATION_STYLE_ASSIGNMENT (( #3094 ) ) ;
#3117 = PRESENTATION_LAYER_ASSIGNMENT (  '', '', ( #509 ) ) ;
#3118 = AXIS2_PLACEMENT_3D ( 'NONE', #60, #4500, #939 ) ;
#3119 = CARTESIAN_POINT ( 'NONE',  ( -2.390927755790454690, 2.331338925122219852, 0.5905511792125984760 ) ) ;
#3120 = EDGE_CURVE ( 'NONE', #3039, #4667, #5056, .T. ) ;
#3121 = DIRECTION ( 'NONE',  ( -0.000000000000000000, -0.000000000000000000, -1.000000000000000000 ) ) ;
#3122 = AXIS2_PLACEMENT_3D ( 'NONE', #1066, #2965, #2227 ) ;
#3123 = ORIENTED_EDGE ( 'NONE', *, *, #5093, .T. ) ;
#3124 = CARTESIAN_POINT ( 'NONE',  ( -1.260257051099104464, 1.576255724064432151, 0.4450324738084774356 ) ) ;
#3125 = ORIENTED_EDGE ( 'NONE', *, *, #1061, .T. ) ;
#3126 = CARTESIAN_POINT ( 'NONE',  ( -0.9243519070212216082, 1.989123946050347147, 0.05905512000000000261 ) ) ;
#3127 = AXIS2_PLACEMENT_3D ( 'NONE', #2228, #1425, #5077 ) ;
#3128 = AXIS2_PLACEMENT_3D ( 'NONE', #147, #1776, #4973 ) ;
#3129 = CIRCLE ( 'NONE', #3902, 0.03937008000000002950 ) ;
#3130 = DIRECTION ( 'NONE',  ( -1.000000000000000000, 0.000000000000000000, 0.000000000000000000 ) ) ;
#3131 = CIRCLE ( 'NONE', #3042, 0.03937008000000002950 ) ;
#3132 = PRODUCT_DEFINITION_CONTEXT ( 'detailed design', #1254, 'design' ) ;
#3133 = FILL_AREA_STYLE ('',( #706 ) ) ;
#3134 = STYLED_ITEM ( 'NONE', ( #204 ), #1914 ) ;
#3135 = CARTESIAN_POINT ( 'NONE',  ( 1.372239206268287770, 1.081489668775031943, 0.000000000000000000 ) ) ;
#3136 = VERTEX_POINT ( 'NONE', #3113 ) ;
#3137 = DIRECTION ( 'NONE',  ( -0.000000000000000000, -0.000000000000000000, -1.000000000000000000 ) ) ;
#3138 = ORIENTED_EDGE ( 'NONE', *, *, #3517, .F. ) ;
#3139 = AXIS2_PLACEMENT_3D ( 'NONE', #2991, #516, #942 ) ;
#3140 =( NAMED_UNIT ( * ) SI_UNIT ( $, .STERADIAN. ) SOLID_ANGLE_UNIT ( ) );
#3141 = DIRECTION ( 'NONE',  ( 0.000000000000000000, 0.000000000000000000, 1.000000000000000000 ) ) ;
#3142 = ORIENTED_EDGE ( 'NONE', *, *, #1303, .F. ) ;
#3143 = FACE_OUTER_BOUND ( 'NONE', #2963, .T. ) ;
#3144 = ORIENTED_EDGE ( 'NONE', *, *, #1738, .F. ) ;
#3145 = DIRECTION ( 'NONE',  ( -1.000000000000000000, 0.000000000000000000, 0.000000000000000000 ) ) ;
#3146 = CARTESIAN_POINT ( 'NONE',  ( 1.099994349197612298, -2.316054496710705735, 0.5905511792125984760 ) ) ;
#3147 = B_SPLINE_CURVE_WITH_KNOTS ( 'NONE', 3,
 ( #4859, #4082, #2904, #539, #3633, #1686, #508, #3309, #1286, #458, #2100, #3683, #3240, #3735, #485, #4882, #2523, #2146, #1743, #3332, #1338, #2575, #4179, #961, #2172, #142, #3362, #4960, #3760, #1366, #1771, #2961, #4579, #4317 ),
 .UNSPECIFIED., .F., .F.,
 ( 4, 2, 2, 2, 2, 2, 2, 2, 2, 2, 2, 2, 2, 2, 2, 2, 4 ),
 ( 0.000000000000000000, 0.0006006877952798179423, 0.001201375590559635885, 0.001802063385839453935, 0.002402751181119271769, 0.003003438976399089820, 0.003604126771678907871, 0.004204814566958725922, 0.004805502362238543539, 0.005406190157518361156, 0.006006877952798179640, 0.006607565748077997257, 0.007208253543357815742, 0.007808941338637634226, 0.008409629133917451843, 0.009010316929197270328, 0.009611004724477085343 ),
 .UNSPECIFIED. ) ;
#3148 = DIRECTION ( 'NONE',  ( 0.000000000000000000, 0.000000000000000000, 1.000000000000000000 ) ) ;
#3149 = VECTOR ( 'NONE', #1217, 39.37007874015748143 ) ;
#3150 = ORIENTED_EDGE ( 'NONE', *, *, #3898, .F. ) ;
#3151 = AXIS2_PLACEMENT_3D ( 'NONE', #4277, #315, #774 ) ;
#3152 = CYLINDRICAL_SURFACE ( 'NONE', #2549, 0.07950000000000007061 ) ;
#3153 = DIRECTION ( 'NONE',  ( 1.000000000000000000, 1.776434501836285106E-15, 0.000000000000000000 ) ) ;
#3154 = CIRCLE ( 'NONE', #887, 0.03499999999999976047 ) ;
#3155 = ORIENTED_EDGE ( 'NONE', *, *, #768, .F. ) ;
#3156 = DIRECTION ( 'NONE',  ( 0.000000000000000000, 0.000000000000000000, -1.000000000000000000 ) ) ;
#3157 = EDGE_CURVE ( 'NONE', #185, #2515, #1704, .T. ) ;
#3158 = CARTESIAN_POINT ( 'NONE',  ( -0.9574401995036646573, 1.514002037378285648, 0.5084752992119263570 ) ) ;
#3159 = DIRECTION ( 'NONE',  ( 1.000000000000000000, 0.000000000000000000, 0.000000000000000000 ) ) ;
#3160 = CARTESIAN_POINT ( 'NONE',  ( 1.725412595116719183, -1.718805732558607247, 0.3149606299212598381 ) ) ;
#3161 = VECTOR ( 'NONE', #2803, 39.37007874015748143 ) ;
#3162 = ORIENTED_EDGE ( 'NONE', *, *, #4133, .T. ) ;
#3163 = VERTEX_POINT ( 'NONE', #4726 ) ;
#3164 = ADVANCED_FACE ( 'NONE', ( #4202 ), #2219, .F. ) ;
#3165 = DIRECTION ( 'NONE',  ( -0.6183389601406237279, 0.7859115283364991322, 0.000000000000000000 ) ) ;
#3166 = DIRECTION ( 'NONE',  ( -0.000000000000000000, -0.000000000000000000, 1.000000000000000000 ) ) ;
#3167 = EDGE_CURVE ( 'NONE', #396, #4510, #313, .T. ) ;
#3168 = CIRCLE ( 'NONE', #2989, 0.1267401574803148911 ) ;
#3169 =( NAMED_UNIT ( * ) SI_UNIT ( $, .STERADIAN. ) SOLID_ANGLE_UNIT ( ) );
#3170 = ADVANCED_FACE ( 'NONE', ( #3963 ), #1656, .F. ) ;
#3171 = ORIENTED_EDGE ( 'NONE', *, *, #4679, .F. ) ;
#3172 = DIRECTION ( 'NONE',  ( -0.000000000000000000, -0.000000000000000000, 1.000000000000000000 ) ) ;
#3173 = CARTESIAN_POINT ( 'NONE',  ( -1.830708659055118037, 2.185864326882349121E-15, 0.05905511999999999567 ) ) ;
#3174 = AXIS2_PLACEMENT_3D ( 'NONE', #783, #3917, #2402 ) ;
#3175 = CARTESIAN_POINT ( 'NONE',  ( -1.150535905705077466, 1.658021729417693768, 0.3248031496062991907 ) ) ;
#3176 = EDGE_CURVE ( 'NONE', #1969, #5141, #3536, .T. ) ;
#3177 = VERTEX_POINT ( 'NONE', #1567 ) ;
#3178 = CYLINDRICAL_SURFACE ( 'NONE', #1532, 0.1771653543307085410 ) ;
#3179 = CARTESIAN_POINT ( 'NONE',  ( -2.531765971032929219, 1.511927958270396388, 0.05905512000000000261 ) ) ;
#3180 = LINE ( 'NONE', #2377, #552 ) ;
#3181 = CYLINDRICAL_SURFACE ( 'NONE', #2115, 0.1771653543307085410 ) ;
#3182 = VECTOR ( 'NONE', #809, 39.37007874015748143 ) ;
#3183 = DIRECTION ( 'NONE',  ( 0.000000000000000000, 0.000000000000000000, -1.000000000000000000 ) ) ;
#3184 = CYLINDRICAL_SURFACE ( 'NONE', #246, 0.1209999999999997466 ) ;
#3185 = DIRECTION ( 'NONE',  ( -0.000000000000000000, -0.000000000000000000, 1.000000000000000000 ) ) ;
#3186 = LINE ( 'NONE', #3949, #2727 ) ;
#3187 = ORIENTED_EDGE ( 'NONE', *, *, #4262, .F. ) ;
#3188 = ORIENTED_EDGE ( 'NONE', *, *, #2409, .F. ) ;
#3189 = DIRECTION ( 'NONE',  ( 1.000000000000000000, 0.000000000000000000, 0.000000000000000000 ) ) ;
#3190 = VERTEX_POINT ( 'NONE', #4022 ) ;
#3191 = FACE_OUTER_BOUND ( 'NONE', #162, .T. ) ;
#3192 = EDGE_CURVE ( 'NONE', #3423, #245, #3038, .T. ) ;
#3193 = CYLINDRICAL_SURFACE ( 'NONE', #450, 0.1267401574803148911 ) ;
#3194 = ADVANCED_FACE ( 'NONE', ( #2345 ), #3377, .F. ) ;
#3195 = VERTEX_POINT ( 'NONE', #2992 ) ;
#3196 = ADVANCED_FACE ( 'NONE', ( #5028 ), #944, .F. ) ;
#3197 = CARTESIAN_POINT ( 'NONE',  ( -1.800372066324275933, 2.502520624434363850, 0.3248031496062991907 ) ) ;
#3198 = ORIENTED_EDGE ( 'NONE', *, *, #357, .T. ) ;
#3199 =( NAMED_UNIT ( * ) PLANE_ANGLE_UNIT ( ) SI_UNIT ( $, .RADIAN. ) );
#3200 = FACE_OUTER_BOUND ( 'NONE', #4206, .T. ) ;
#3201 = ORIENTED_EDGE ( 'NONE', *, *, #4801, .T. ) ;
#3202 = EDGE_CURVE ( 'NONE', #2129, #2282, #4588, .T. ) ;
#3203 = VERTEX_POINT ( 'NONE', #2968 ) ;
#3204 = ORIENTED_EDGE ( 'NONE', *, *, #2197, .T. ) ;
#3205 = DIRECTION ( 'NONE',  ( 0.000000000000000000, 0.000000000000000000, -1.000000000000000000 ) ) ;
#3206 = ORIENTED_EDGE ( 'NONE', *, *, #1597, .T. ) ;
#3207 = DIRECTION ( 'NONE',  ( 0.6183389601406238389, -0.7859115283364991322, 0.000000000000000000 ) ) ;
#3208 = COLOUR_RGB ( '',0.7921568627450980005, 0.8196078431372548767, 0.9333333333333333481 ) ;
#3209 = AXIS2_PLACEMENT_3D ( 'NONE', #1348, #3320, #3270 ) ;
#3210 = DIRECTION ( 'NONE',  ( 0.9992342594021155211, 0.03912665123806940287, -0.000000000000000000 ) ) ;
#3211 = CARTESIAN_POINT ( 'NONE',  ( -1.322093075968845843, 1.524748554870840378, 0.3985731892841367641 ) ) ;
#3212 = ORIENTED_EDGE ( 'NONE', *, *, #859, .F. ) ;
#3213 = DIRECTION ( 'NONE',  ( 0.6183389601406238389, -0.7859115283364992433, -0.000000000000000000 ) ) ;
#3214 = DIRECTION ( 'NONE',  ( 1.000000000000000000, 0.000000000000000000, 0.000000000000000000 ) ) ;
#3215 = FACE_OUTER_BOUND ( 'NONE', #4953, .T. ) ;
#3216 = FILL_AREA_STYLE_COLOUR ( '', #633 ) ;
#3217 = ORIENTED_EDGE ( 'NONE', *, *, #1364, .F. ) ;
#3218 = ORIENTED_EDGE ( 'NONE', *, *, #3087, .T. ) ;
#3219 = CARTESIAN_POINT ( 'NONE',  ( 1.275636791373873091, -2.642985047371019913, 0.000000000000000000 ) ) ;
#3220 = VERTEX_POINT ( 'NONE', #4942 ) ;
#3221 = CYLINDRICAL_SURFACE ( 'NONE', #3028, 0.03937008000000002950 ) ;
#3222 = CYLINDRICAL_SURFACE ( 'NONE', #1393, 0.3711251169736390354 ) ;
#3223 = DIMENSIONAL_EXPONENTS ( 1.000000000000000000, 0.000000000000000000, 0.000000000000000000, 0.000000000000000000, 0.000000000000000000, 0.000000000000000000, 0.000000000000000000 ) ;
#3224 = VERTEX_POINT ( 'NONE', #2205 ) ;
#3225 = CYLINDRICAL_SURFACE ( 'NONE', #3068, 0.1209999999999997466 ) ;
#3226 = DIRECTION ( 'NONE',  ( -0.000000000000000000, -0.000000000000000000, 1.000000000000000000 ) ) ;
#3227 = UNCERTAINTY_MEASURE_WITH_UNIT (LENGTH_MEASURE( 1.000000000000000082E-05 ), #3657, 'distance_accuracy_value', 'NONE');
#3228 = ORIENTED_EDGE ( 'NONE', *, *, #3789, .F. ) ;
#3229 = CARTESIAN_POINT ( 'NONE',  ( -1.789534519195481233, -0.07007215010116131515, 0.1893700799999999962 ) ) ;
#3230 = EDGE_CURVE ( 'NONE', #132, #2238, #1792, .T. ) ;
#3231 = CIRCLE ( 'NONE', #1498, 0.03937008000000000868 ) ;
#3232 =( CONVERSION_BASED_UNIT ( 'INCH', #2037 ) LENGTH_UNIT ( ) NAMED_UNIT ( #1098 ) );
#3233 = ORIENTED_EDGE ( 'NONE', *, *, #4071, .F. ) ;
#3234 = AXIS2_PLACEMENT_3D ( 'NONE', #608, #2231, #4640 ) ;
#3235 = AXIS2_PLACEMENT_3D ( 'NONE', #1001, #1081, #5138 ) ;
#3236 = EDGE_CURVE ( 'NONE', #4463, #1900, #1347, .T. ) ;
#3237 = CARTESIAN_POINT ( 'NONE',  ( 1.511927958270429029, 2.531765971032936324, 0.000000000000000000 ) ) ;
#3238 = LINE ( 'NONE', #111, #974 ) ;
#3239 = EDGE_CURVE ( 'NONE', #328, #1619, #3719, .T. ) ;
#3240 = CARTESIAN_POINT ( 'NONE',  ( 1.289569570810523702, -1.552363451060705390, 0.2160370432300592614 ) ) ;
#3241 = CARTESIAN_POINT ( 'NONE',  ( -0.8399812222671365625, 1.631458410821005733, 0.05905511999999997486 ) ) ;
#3242 = ORIENTED_EDGE ( 'NONE', *, *, #1028, .T. ) ;
#3243 = PLANE ( 'NONE',  #1959 ) ;
#3244 = ORIENTED_EDGE ( 'NONE', *, *, #3450, .T. ) ;
#3245 = DIRECTION ( 'NONE',  ( 1.000000000000000000, 0.000000000000000000, 0.000000000000000000 ) ) ;
#3246 = VERTEX_POINT ( 'NONE', #918 ) ;
#3247 = CARTESIAN_POINT ( 'NONE',  ( -0.6196391534165456294, 1.680294980402320837, 0.4256760242917309034 ) ) ;
#3248 = CYLINDRICAL_SURFACE ( 'NONE', #2896, 1.830708659055118259 ) ;
#3249 = ORIENTED_EDGE ( 'NONE', *, *, #2547, .T. ) ;
#3250 = LINE ( 'NONE', #4462, #4446 ) ;
#3251 = ORIENTED_EDGE ( 'NONE', *, *, #4349, .T. ) ;
#3252 = SURFACE_STYLE_USAGE ( .BOTH. , #4799 ) ;
#3253 = CARTESIAN_POINT ( 'NONE',  ( -1.535035410853210882E-15, -1.586608389639367162E-15, 0.4355440091145874049 ) ) ;
#3254 = VERTEX_POINT ( 'NONE', #3398 ) ;
#3255 =( GEOMETRIC_REPRESENTATION_CONTEXT ( 3 ) GLOBAL_UNCERTAINTY_ASSIGNED_CONTEXT ( ( #1221 ) ) GLOBAL_UNIT_ASSIGNED_CONTEXT ( ( #190, #5018, #4178 ) ) REPRESENTATION_CONTEXT ( 'NONE', 'WORKASPACE' ) );
#3256 = CARTESIAN_POINT ( 'NONE',  ( 2.531765971032962526, -1.511927958270452788, 0.000000000000000000 ) ) ;
#3257 = ORIENTED_EDGE ( 'NONE', *, *, #356, .F. ) ;
#3258 = DIRECTION ( 'NONE',  ( 0.000000000000000000, 0.000000000000000000, 1.000000000000000000 ) ) ;
#3259 = EDGE_CURVE ( 'NONE', #1062, #1485, #1431, .T. ) ;
#3260 = VERTEX_POINT ( 'NONE', #1777 ) ;
#3261 = CARTESIAN_POINT ( 'NONE',  ( -1.535035410853210882E-15, -1.586608389639367162E-15, 0.1893700799999999962 ) ) ;
#3262 = MECHANICAL_DESIGN_GEOMETRIC_PRESENTATION_REPRESENTATION (  '', ( #3687 ), #4618 ) ;
#3263 =( CONVERSION_BASED_UNIT ( 'INCH', #2150 ) LENGTH_UNIT ( ) NAMED_UNIT ( #1195 ) );
#3264 = ADVANCED_FACE ( 'NONE', ( #994 ), #549, .F. ) ;
#3265 = DIRECTION ( 'NONE',  ( -0.000000000000000000, 0.000000000000000000, 1.000000000000000000 ) ) ;
#3266 = PRODUCT_CONTEXT ( 'NONE', #1968, 'mechanical' ) ;
#3267 = ORIENTED_EDGE ( 'NONE', *, *, #299, .F. ) ;
#3268 = VECTOR ( 'NONE', #1052, 39.37007874015748143 ) ;
#3269 = LINE ( 'NONE', #3219, #2148 ) ;
#3270 = DIRECTION ( 'NONE',  ( -0.7859115283364991322, -0.6183389601406237279, 0.000000000000000000 ) ) ;
#3271 = DIRECTION ( 'NONE',  ( 0.7859115283364991322, 0.6183389601406238389, -0.000000000000000000 ) ) ;
#3272 = ADVANCED_FACE ( 'NONE', ( #17 ), #2078, .F. ) ;
#3273 = CARTESIAN_POINT ( 'NONE',  ( 1.668621967842994325, -2.828366565428140689, 9.432033196993855865E-17 ) ) ;
#3274 = LENGTH_MEASURE_WITH_UNIT ( LENGTH_MEASURE( 0.02539999999999999897 ), #4073 );
#3275 = UNCERTAINTY_MEASURE_WITH_UNIT (LENGTH_MEASURE( 1.000000000000000082E-05 ), #632, 'distance_accuracy_value', 'NONE');
#3276 = ORIENTED_EDGE ( 'NONE', *, *, #4489, .T. ) ;
#3277 = PRESENTATION_STYLE_ASSIGNMENT (( #4875 ) ) ;
#3278 = CARTESIAN_POINT ( 'NONE',  ( -1.183989636396200140, 1.634309819378794604, 0.2337218742971855501 ) ) ;
#3279 = ORIENTED_EDGE ( 'NONE', *, *, #1659, .T. ) ;
#3280 = FILL_AREA_STYLE_COLOUR ( '', #1103 ) ;
#3281 = DIRECTION ( 'NONE',  ( 1.000000000000000000, -1.387778736372525118E-14, 0.000000000000000000 ) ) ;
#3282 = EDGE_LOOP ( 'NONE', ( #1010, #1312, #4771, #2136 ) ) ;
#3283 = EDGE_CURVE ( 'NONE', #4597, #1632, #4134, .T. ) ;
#3284 = VERTEX_POINT ( 'NONE', #437 ) ;
#3285 = CYLINDRICAL_SURFACE ( 'NONE', #141, 2.663563497773344668 ) ;
#3286 = AXIS2_PLACEMENT_3D ( 'NONE', #4042, #20, #1964 ) ;
#3287 = ADVANCED_FACE ( 'NONE', ( #4940, #3690 ), #3243, .F. ) ;
#3288 = DIRECTION ( 'NONE',  ( -0.000000000000000000, -0.000000000000000000, -1.000000000000000000 ) ) ;
#3289 = ORIENTED_EDGE ( 'NONE', *, *, #3681, .T. ) ;
#3290 = PRESENTATION_STYLE_ASSIGNMENT (( #4503 ) ) ;
#3291 =( GEOMETRIC_REPRESENTATION_CONTEXT ( 3 ) GLOBAL_UNCERTAINTY_ASSIGNED_CONTEXT ( ( #4433 ) ) GLOBAL_UNIT_ASSIGNED_CONTEXT ( ( #5194, #3573, #4414 ) ) REPRESENTATION_CONTEXT ( 'NONE', 'WORKASPACE' ) );
#3292 = AXIS2_PLACEMENT_3D ( 'NONE', #1641, #913, #2527 ) ;
#3293 = FACE_OUTER_BOUND ( 'NONE', #2923, .T. ) ;
#3294 = COLOUR_RGB ( '',0.7921568627450980005, 0.8196078431372548767, 0.9333333333333333481 ) ;
#3295 = DIRECTION ( 'NONE',  ( -0.000000000000000000, -0.000000000000000000, 1.000000000000000000 ) ) ;
#3296 = DIRECTION ( 'NONE',  ( 0.000000000000000000, 0.000000000000000000, -1.000000000000000000 ) ) ;
#3297 = CARTESIAN_POINT ( 'NONE',  ( -0.1153226770154978653, -1.787622606977541384, 0.5084752992119263570 ) ) ;
#3298 = VERTEX_POINT ( 'NONE', #3741 ) ;
#3299 = ORIENTED_EDGE ( 'NONE', *, *, #4493, .F. ) ;
#3300 = CARTESIAN_POINT ( 'NONE',  ( 2.359986356046925415, -2.355682979450072878, 2.750774236214692611E-16 ) ) ;
#3301 = AXIS2_PLACEMENT_3D ( 'NONE', #2708, #223, #1043 ) ;
#3302 = AXIS2_PLACEMENT_3D ( 'NONE', #2438, #2507, #39 ) ;
#3303 = DIRECTION ( 'NONE',  ( -1.000000000000000000, 0.000000000000000000, 0.000000000000000000 ) ) ;
#3304 = CIRCLE ( 'NONE', #4070, 1.830708659055118259 ) ;
#3305 = EDGE_LOOP ( 'NONE', ( #4632, #3228 ) ) ;
#3306 = DIRECTION ( 'NONE',  ( -0.000000000000000000, -0.000000000000000000, -1.000000000000000000 ) ) ;
#3307 = ORIENTED_EDGE ( 'NONE', *, *, #285, .F. ) ;
#3308 = DIRECTION ( 'NONE',  ( 1.000000000000000000, 0.000000000000000000, 0.000000000000000000 ) ) ;
#3309 = CARTESIAN_POINT ( 'NONE',  ( 1.322093075968848730, -1.524748554870844153, 0.2510331099284620060 ) ) ;
#3310 = LINE ( 'NONE', #114, #1936 ) ;
#3311 = DIRECTION ( 'NONE',  ( -1.000000000000000000, 0.000000000000000000, 0.000000000000000000 ) ) ;
#3312 = VECTOR ( 'NONE', #613, 39.37007874015748854 ) ;
#3313 = CARTESIAN_POINT ( 'NONE',  ( -1.902577949447439742, 1.718805732558593924, 0.000000000000000000 ) ) ;
#3314 = EDGE_CURVE ( 'NONE', #2748, #4468, #116, .T. ) ;
#3315 = EDGE_CURVE ( 'NONE', #3078, #932, #3641, .T. ) ;
#3316 = ORIENTED_EDGE ( 'NONE', *, *, #4235, .F. ) ;
#3317 = CIRCLE ( 'NONE', #629, 1.708259842519683991 ) ;
#3318 = CYLINDRICAL_SURFACE ( 'NONE', #4066, 2.663563497773345112 ) ;
#3319 = VECTOR ( 'NONE', #1548, 39.37007874015748143 ) ;
#3320 = DIRECTION ( 'NONE',  ( -0.6183389601406238389, 0.7859115283364992433, 0.000000000000000000 ) ) ;
#3321 = CARTESIAN_POINT ( 'NONE',  ( 1.183989636396202583, -1.634309819378798156, 0.4158844249154126094 ) ) ;
#3322 = LINE ( 'NONE', #2973, #3859 ) ;
#3323 = ADVANCED_FACE ( 'NONE', ( #1291 ), #2936, .T. ) ;
#3324 = DIRECTION ( 'NONE',  ( -0.000000000000000000, -0.000000000000000000, -1.000000000000000000 ) ) ;
#3325 = VERTEX_POINT ( 'NONE', #1265 ) ;
#3326 = DIRECTION ( 'NONE',  ( -0.000000000000000000, -0.000000000000000000, 1.000000000000000000 ) ) ;
#3327 = LINE ( 'NONE', #4028, #1298 ) ;
#3328 = ADVANCED_FACE ( 'NONE', ( #2862 ), #4840, .F. ) ;
#3329 = LINE ( 'NONE', #2167, #40 ) ;
#3330 = ORIENTED_EDGE ( 'NONE', *, *, #2342, .T. ) ;
#3331 = LINE ( 'NONE', #2475, #3582 ) ;
#3332 = CARTESIAN_POINT ( 'NONE',  ( 1.223064824240760240, -1.605285517728057165, 0.2076780451011639717 ) ) ;
#3333 = EDGE_LOOP ( 'NONE', ( #1897, #3382 ) ) ;
#3334 = DIRECTION ( 'NONE',  ( 1.000000000000000000, 0.000000000000000000, 0.000000000000000000 ) ) ;
#3335 = CYLINDRICAL_SURFACE ( 'NONE', #1289, 0.03937008000000002950 ) ;
#3336 = CARTESIAN_POINT ( 'NONE',  ( -1.607302358896258720, 1.718805732558593924, 0.000000000000000000 ) ) ;
#3337 = DIRECTION ( 'NONE',  ( 0.7859115283364991322, 0.6183389601406237279, 0.000000000000000000 ) ) ;
#3338 = ORIENTED_EDGE ( 'NONE', *, *, #1157, .T. ) ;
#3339 = CIRCLE ( 'NONE', #2189, 0.03937008000000002950 ) ;
#3340 = DIRECTION ( 'NONE',  ( -1.000000000000000000, 0.000000000000000000, 0.000000000000000000 ) ) ;
#3341 =( GEOMETRIC_REPRESENTATION_CONTEXT ( 3 ) GLOBAL_UNCERTAINTY_ASSIGNED_CONTEXT ( ( #4714 ) ) GLOBAL_UNIT_ASSIGNED_CONTEXT ( ( #2713, #384, #325 ) ) REPRESENTATION_CONTEXT ( 'NONE', 'WORKASPACE' ) );
#3342 = DIRECTION ( 'NONE',  ( 1.000000000000000000, 0.000000000000000000, 0.000000000000000000 ) ) ;
#3343 = AXIS2_PLACEMENT_3D ( 'NONE', #498, #4945, #2512 ) ;
#3344 = CARTESIAN_POINT ( 'NONE',  ( 1.235320626162339064, -1.595873330687234359, 0.4450078304782803529 ) ) ;
#3345 = AXIS2_PLACEMENT_3D ( 'NONE', #1110, #4671, #260 ) ;
#3346 = DIRECTION ( 'NONE',  ( 0.000000000000000000, 0.000000000000000000, -1.000000000000000000 ) ) ;
#3347 = CYLINDRICAL_SURFACE ( 'NONE', #4625, 0.1209999999999999687 ) ;
#3348 = EDGE_LOOP ( 'NONE', ( #4004, #950, #4627, #4661 ) ) ;
#3349 = ADVANCED_FACE ( 'NONE', ( #2838 ), #841, .T. ) ;
#3350 = ORIENTED_EDGE ( 'NONE', *, *, #299, .T. ) ;
#3351 = DIRECTION ( 'NONE',  ( -0.000000000000000000, -0.000000000000000000, -1.000000000000000000 ) ) ;
#3352 = ORIENTED_EDGE ( 'NONE', *, *, #4701, .F. ) ;
#3353 = DIRECTION ( 'NONE',  ( 0.000000000000000000, 0.000000000000000000, 1.000000000000000000 ) ) ;
#3354 = EDGE_CURVE ( 'NONE', #891, #2626, #3729, .T. ) ;
#3355 = CYLINDRICAL_SURFACE ( 'NONE', #3596, 1.921313263826067486 ) ;
#3356 = VERTEX_POINT ( 'NONE', #4864 ) ;
#3357 = VECTOR ( 'NONE', #2304, 39.37007874015748143 ) ;
#3358 = EDGE_LOOP ( 'NONE', ( #1609, #3821, #1011, #983, #4261 ) ) ;
#3359 = DIRECTION ( 'NONE',  ( 0.000000000000000000, 0.000000000000000000, 1.000000000000000000 ) ) ;
#3360 = VECTOR ( 'NONE', #4142, 39.37007874015748143 ) ;
#3361 = ORIENTED_EDGE ( 'NONE', *, *, #3493, .T. ) ;
#3362 = CARTESIAN_POINT ( 'NONE',  ( 1.170853420818493085, -1.643742813529130764, 0.2509918481867264850 ) ) ;
#3363 = ORIENTED_EDGE ( 'NONE', *, *, #521, .F. ) ;
#3364 = CARTESIAN_POINT ( 'NONE',  ( 0.000000000000000000, 0.000000000000000000, 0.05905512000000000955 ) ) ;
#3365 = DIRECTION ( 'NONE',  ( 1.000000000000000000, 0.000000000000000000, 0.000000000000000000 ) ) ;
#3366 = DIRECTION ( 'NONE',  ( 0.000000000000000000, 0.000000000000000000, -1.000000000000000000 ) ) ;
#3367 = ORIENTED_EDGE ( 'NONE', *, *, #1063, .F. ) ;
#3368 = ADVANCED_FACE ( 'NONE', ( #894 ), #2128, .T. ) ;
#3369 = CARTESIAN_POINT ( 'NONE',  ( 3.687994791446755246E-15, 0.000000000000000000, 0.5905511792125981430 ) ) ;
#3370 = FILL_AREA_STYLE_COLOUR ( '', #3294 ) ;
#3371 = CARTESIAN_POINT ( 'NONE',  ( 1.902577949447427752, -1.718805732558607247, 0.5905511792125984760 ) ) ;
#3372 = DIRECTION ( 'NONE',  ( 1.000000000000000000, 0.000000000000000000, 0.000000000000000000 ) ) ;
#3373 = AXIS2_PLACEMENT_3D ( 'NONE', #1903, #2303, #5054 ) ;
#3374 = CARTESIAN_POINT ( 'NONE',  ( -1.618079363792127578, 2.818566864998960586, 0.05905512000000000955 ) ) ;
#3375 = FILL_AREA_STYLE_COLOUR ( '', #1112 ) ;
#3376 = ORIENTED_EDGE ( 'NONE', *, *, #1457, .T. ) ;
#3377 = CONICAL_SURFACE ( 'NONE', #4474, 0.1405570000000000153, 0.02993239667170255816 ) ;
#3378 = CARTESIAN_POINT ( 'NONE',  ( 3.092847217540596424E-16, 2.185864326882349121E-15, 0.1499999999999999944 ) ) ;
#3379 = AXIS2_PLACEMENT_3D ( 'NONE', #1374, #3422, #1827 ) ;
#3380 = ORIENTED_EDGE ( 'NONE', *, *, #1672, .F. ) ;
#3381 = DIRECTION ( 'NONE',  ( -0.000000000000000000, -0.000000000000000000, -1.000000000000000000 ) ) ;
#3382 = ORIENTED_EDGE ( 'NONE', *, *, #254, .T. ) ;
#3383 = ADVANCED_FACE ( 'NONE', ( #2048 ), #872, .F. ) ;
#3384 = DIRECTION ( 'NONE',  ( 0.000000000000000000, 0.000000000000000000, 1.000000000000000000 ) ) ;
#3385 = AXIS2_PLACEMENT_3D ( 'NONE', #5125, #1976, #3997 ) ;
#3386 = EDGE_LOOP ( 'NONE', ( #4520, #2854, #4455, #923 ) ) ;
#3387 = DIRECTION ( 'NONE',  ( -1.000000000000000000, 0.000000000000000000, 0.000000000000000000 ) ) ;
#3388 = VERTEX_POINT ( 'NONE', #467 ) ;
#3389 = ADVANCED_FACE ( 'NONE', ( #1691 ), #1722, .F. ) ;
#3390 = VECTOR ( 'NONE', #1829, 39.37007874015748143 ) ;
#3391 = DIRECTION ( 'NONE',  ( 1.000000000000000000, 0.000000000000000000, 0.000000000000000000 ) ) ;
#3392 = DIMENSIONAL_EXPONENTS ( 1.000000000000000000, 0.000000000000000000, 0.000000000000000000, 0.000000000000000000, 0.000000000000000000, 0.000000000000000000, 0.000000000000000000 ) ;
#3393 = CIRCLE ( 'NONE', #951, 0.3711251169736395905 ) ;
#3394 = CARTESIAN_POINT ( 'NONE',  ( -0.2600912743954647555, -1.688343631654622312, 0.1893700799999999962 ) ) ;
#3395 = EDGE_CURVE ( 'NONE', #1141, #3811, #1317, .T. ) ;
#3396 = CYLINDRICAL_SURFACE ( 'NONE', #4962, 1.708259842519683991 ) ;
#3397 = CARTESIAN_POINT ( 'NONE',  ( 1.467074007654409984, -1.027904548523856487, 0.1893700799999999962 ) ) ;
#3398 = CARTESIAN_POINT ( 'NONE',  ( -1.989123946050303848, -0.9243519070213088717, 0.05905512000000000261 ) ) ;
#3399 = AXIS2_PLACEMENT_3D ( 'NONE', #3457, #641, #1517 ) ;
#3400 = CARTESIAN_POINT ( 'NONE',  ( 1.331506026187214031, -1.516532161511928045, 0.3785072834643536943 ) ) ;
#3401 = ADVANCED_FACE ( 'NONE', ( #914 ), #4997, .F. ) ;
#3402 = AXIS2_PLACEMENT_3D ( 'NONE', #2388, #4069, #1542 ) ;
#3403 = DIRECTION ( 'NONE',  ( -0.000000000000000000, -0.000000000000000000, -1.000000000000000000 ) ) ;
#3404 = DIRECTION ( 'NONE',  ( 0.000000000000000000, 0.000000000000000000, 1.000000000000000000 ) ) ;
#3405 = VERTEX_POINT ( 'NONE', #4610 ) ;
#3406 = DIRECTION ( 'NONE',  ( 0.000000000000000000, 0.000000000000000000, -1.000000000000000000 ) ) ;
#3407 = ORIENTED_EDGE ( 'NONE', *, *, #217, .T. ) ;
#3408 = FILL_AREA_STYLE_COLOUR ( '', #1978 ) ;
#3409 = ORIENTED_EDGE ( 'NONE', *, *, #4934, .F. ) ;
#3410 = DIRECTION ( 'NONE',  ( 0.6183389601406238389, -0.7859115283364991322, 2.775557561562890118E-17 ) ) ;
#3411 =( GEOMETRIC_REPRESENTATION_CONTEXT ( 3 ) GLOBAL_UNCERTAINTY_ASSIGNED_CONTEXT ( ( #2907 ) ) GLOBAL_UNIT_ASSIGNED_CONTEXT ( ( #2079, #2050, #4369 ) ) REPRESENTATION_CONTEXT ( 'NONE', 'WORKASPACE' ) );
#3412 = ORIENTED_EDGE ( 'NONE', *, *, #3548, .T. ) ;
#3413 = ORIENTED_EDGE ( 'NONE', *, *, #4898, .T. ) ;
#3414 = STYLED_ITEM ( 'NONE', ( #447 ), #1695 ) ;
#3415 = AXIS2_PLACEMENT_3D ( 'NONE', #5101, #1979, #1144 ) ;
#3416 = CARTESIAN_POINT ( 'NONE',  ( -1.904483997233121562, 2.420607507276417714, 0.3248031496062991907 ) ) ;
#3417 = ORIENTED_EDGE ( 'NONE', *, *, #2184, .T. ) ;
#3418 = EDGE_LOOP ( 'NONE', ( #1649, #2932 ) ) ;
#3419 = FACE_BOUND ( 'NONE', #503, .T. ) ;
#3420 = CIRCLE ( 'NONE', #1140, 0.1267401574803148911 ) ;
#3421 = EDGE_CURVE ( 'NONE', #420, #4994, #820, .T. ) ;
#3422 = DIRECTION ( 'NONE',  ( 0.000000000000000000, 0.000000000000000000, -1.000000000000000000 ) ) ;
#3423 = VERTEX_POINT ( 'NONE', #4586 ) ;
#3424 = CARTESIAN_POINT ( 'NONE',  ( -1.773915518167924255, -0.4524576540875508424, 0.05905511999999999567 ) ) ;
#3425 = ADVANCED_FACE ( 'NONE', ( #2203 ), #572, .T. ) ;
#3426 = CIRCLE ( 'NONE', #395, 0.03937008000000002950 ) ;
#3427 = CIRCLE ( 'NONE', #136, 1.708259842519683991 ) ;
#3428 = CARTESIAN_POINT ( 'NONE',  ( 1.452603031878868300, -0.9708783521447311715, 0.05905512000000000261 ) ) ;
#3429 = FACE_OUTER_BOUND ( 'NONE', #1234, .T. ) ;
#3430 = EDGE_CURVE ( 'NONE', #1791, #4641, #3797, .T. ) ;
#3431 = ORIENTED_EDGE ( 'NONE', *, *, #2582, .T. ) ;
#3432 = DIRECTION ( 'NONE',  ( 0.7853994286486424281, 0.6189892870465416586, 0.000000000000000000 ) ) ;
#3433 = AXIS2_PLACEMENT_3D ( 'NONE', #2667, #1889, #3486 ) ;
#3434 = FACE_OUTER_BOUND ( 'NONE', #1059, .T. ) ;
#3435 = AXIS2_PLACEMENT_3D ( 'NONE', #2984, #4605, #986 ) ;
#3436 = CYLINDRICAL_SURFACE ( 'NONE', #1500, 1.708259842519683991 ) ;
#3437 = VERTEX_POINT ( 'NONE', #967 ) ;
#3438 = FACE_OUTER_BOUND ( 'NONE', #4016, .T. ) ;
#3439 = DIRECTION ( 'NONE',  ( 1.000000000000000000, 0.000000000000000000, 0.000000000000000000 ) ) ;
#3440 = VECTOR ( 'NONE', #2434, 39.37007874015748854 ) ;
#3441 = VERTEX_POINT ( 'NONE', #1800 ) ;
#3442 = FACE_OUTER_BOUND ( 'NONE', #3952, .T. ) ;
#3443 = FACE_BOUND ( 'NONE', #454, .T. ) ;
#3444 = DIRECTION ( 'NONE',  ( 0.000000000000000000, 0.000000000000000000, -1.000000000000000000 ) ) ;
#3445 = EDGE_LOOP ( 'NONE', ( #30, #1108, #4374, #854 ) ) ;
#3446 = EDGE_CURVE ( 'NONE', #2458, #1910, #5131, .T. ) ;
#3447 = ORIENTED_EDGE ( 'NONE', *, *, #2023, .T. ) ;
#3448 = ADVANCED_FACE ( 'NONE', ( #3865 ), #3396, .F. ) ;
#3449 = LINE ( 'NONE', #5052, #94 ) ;
#3450 = EDGE_CURVE ( 'NONE', #836, #3441, #244, .T. ) ;
#3451 = CARTESIAN_POINT ( 'NONE',  ( -0.6270006295577271738, 1.589031749242156399, 0.05905511999999997486 ) ) ;
#3452 = DIRECTION ( 'NONE',  ( 1.000000000000000000, 0.000000000000000000, 0.000000000000000000 ) ) ;
#3453 = FILL_AREA_STYLE ('',( #1857 ) ) ;
#3454 = EDGE_LOOP ( 'NONE', ( #2871, #1981, #64, #1467 ) ) ;
#3455 = CARTESIAN_POINT ( 'NONE',  ( 2.642985047371060769, 1.275636791373784718, 0.000000000000000000 ) ) ;
#3456 = CIRCLE ( 'NONE', #2535, 0.03499999999999976047 ) ;
#3457 = CARTESIAN_POINT ( 'NONE',  ( -1.718805732558587263, -1.902577949447445738, 0.5905511792125984760 ) ) ;
#3458 = SURFACE_SIDE_STYLE ('',( #2343 ) ) ;
#3459 = ADVANCED_FACE ( 'NONE', ( #2581 ), #2654, .F. ) ;
#3460 = DIMENSIONAL_EXPONENTS ( 1.000000000000000000, 0.000000000000000000, 0.000000000000000000, 0.000000000000000000, 0.000000000000000000, 0.000000000000000000, 0.000000000000000000 ) ;
#3461 = VERTEX_POINT ( 'NONE', #2990 ) ;
#3462 =( NAMED_UNIT ( * ) PLANE_ANGLE_UNIT ( ) SI_UNIT ( $, .RADIAN. ) );
#3463 = MECHANICAL_DESIGN_GEOMETRIC_PRESENTATION_REPRESENTATION (  '', ( #509 ), #2222 ) ;
#3464 = ORIENTED_EDGE ( 'NONE', *, *, #131, .T. ) ;
#3465 = STYLED_ITEM ( 'NONE', ( #148 ), #3196 ) ;
#3466 = CARTESIAN_POINT ( 'NONE',  ( 0.000000000000000000, 0.000000000000000000, 0.5905511792125984760 ) ) ;
#3467 = VECTOR ( 'NONE', #5048, 39.37007874015748143 ) ;
#3468 = VERTEX_POINT ( 'NONE', #601 ) ;
#3469 = EDGE_LOOP ( 'NONE', ( #3065, #304, #1544, #1444 ) ) ;
#3470 = FACE_BOUND ( 'NONE', #51, .T. ) ;
#3471 = DIRECTION ( 'NONE',  ( -1.000000000000000000, 0.000000000000000000, 0.000000000000000000 ) ) ;
#3472 = ORIENTED_EDGE ( 'NONE', *, *, #1990, .F. ) ;
#3473 = AXIS2_PLACEMENT_3D ( 'NONE', #2864, #5181, #4135 ) ;
#3474 = ORIENTED_EDGE ( 'NONE', *, *, #1662, .F. ) ;
#3475 = FACE_OUTER_BOUND ( 'NONE', #2359, .T. ) ;
#3476 = PRESENTATION_STYLE_ASSIGNMENT (( #2609 ) ) ;
#3477 = ADVANCED_FACE ( 'NONE', ( #199 ), #4969, .F. ) ;
#3478 = DIRECTION ( 'NONE',  ( 0.000000000000000000, 0.000000000000000000, 1.000000000000000000 ) ) ;
#3479 = AXIS2_PLACEMENT_3D ( 'NONE', #4172, #1814, #2426 ) ;
#3480 = DIRECTION ( 'NONE',  ( -1.000000000000000000, 0.000000000000000000, 0.000000000000000000 ) ) ;
#3481 = ORIENTED_EDGE ( 'NONE', *, *, #4449, .T. ) ;
#3482 = DIRECTION ( 'NONE',  ( -1.000000000000000000, 0.000000000000000000, 0.000000000000000000 ) ) ;
#3483 = CARTESIAN_POINT ( 'NONE',  ( 2.387235954880960964, -2.262975920977241984, 0.1771653543307086798 ) ) ;
#3484 = VERTEX_POINT ( 'NONE', #2966 ) ;
#3485 = EDGE_CURVE ( 'NONE', #1537, #581, #2296, .T. ) ;
#3486 = DIRECTION ( 'NONE',  ( 1.000000000000000000, 0.000000000000000000, 0.000000000000000000 ) ) ;
#3487 = ORIENTED_EDGE ( 'NONE', *, *, #1233, .T. ) ;
#3488 = VERTEX_POINT ( 'NONE', #4260 ) ;
#3489 = ORIENTED_EDGE ( 'NONE', *, *, #3120, .T. ) ;
#3490 = AXIS2_PLACEMENT_3D ( 'NONE', #2206, #2111, #42 ) ;
#3491 =( NAMED_UNIT ( * ) SI_UNIT ( $, .STERADIAN. ) SOLID_ANGLE_UNIT ( ) );
#3492 = EDGE_CURVE ( 'NONE', #49, #724, #4648, .T. ) ;
#3493 = EDGE_CURVE ( 'NONE', #1619, #3254, #3725, .T. ) ;
#3494 = ORIENTED_EDGE ( 'NONE', *, *, #3658, .T. ) ;
#3495 = DIRECTION ( 'NONE',  ( -0.000000000000000000, -0.000000000000000000, -1.000000000000000000 ) ) ;
#3496 = ORIENTED_EDGE ( 'NONE', *, *, #254, .F. ) ;
#3497 = DIRECTION ( 'NONE',  ( -0.000000000000000000, 0.000000000000000000, -1.000000000000000000 ) ) ;
#3498 = COLOUR_RGB ( '',0.7921568627450980005, 0.8196078431372548767, 0.9333333333333333481 ) ;
#3499 = DIRECTION ( 'NONE',  ( 1.000000000000000000, 0.000000000000000000, 0.000000000000000000 ) ) ;
#3500 = CARTESIAN_POINT ( 'NONE',  ( 1.432427958270428903, 2.531765971032936324, 0.000000000000000000 ) ) ;
#3501 = VERTEX_POINT ( 'NONE', #1068 ) ;
#3502 = DIRECTION ( 'NONE',  ( 1.000000000000000000, 0.000000000000000000, 0.000000000000000000 ) ) ;
#3503 = VECTOR ( 'NONE', #402, 39.37007874015748143 ) ;
#3504 = DIRECTION ( 'NONE',  ( 1.000000000000000000, 0.000000000000000000, 0.000000000000000000 ) ) ;
#3505 = DIRECTION ( 'NONE',  ( -1.000000000000000000, 0.000000000000000000, -5.366600396873983062E-16 ) ) ;
#3506 = DIRECTION ( 'NONE',  ( -1.000000000000000000, 0.000000000000000000, 0.000000000000000000 ) ) ;
#3507 = PLANE ( 'NONE',  #224 ) ;
#3508 = ORIENTED_EDGE ( 'NONE', *, *, #2394, .T. ) ;
#3509 = CYLINDRICAL_SURFACE ( 'NONE', #4775, 1.921313263826067486 ) ;
#3510 = VERTEX_POINT ( 'NONE', #1015 ) ;
#3511 = CARTESIAN_POINT ( 'NONE',  ( -1.725412595116731174, 1.718805732558593924, 0.000000000000000000 ) ) ;
#3512 = VERTEX_POINT ( 'NONE', #2629 ) ;
#3513 =( NAMED_UNIT ( * ) PLANE_ANGLE_UNIT ( ) SI_UNIT ( $, .RADIAN. ) );
#3514 = MECHANICAL_DESIGN_GEOMETRIC_PRESENTATION_REPRESENTATION (  '', ( #2508 ), #3341 ) ;
#3515 = EDGE_CURVE ( 'NONE', #3501, #5025, #1387, .T. ) ;
#3516 = ORIENTED_EDGE ( 'NONE', *, *, #2156, .F. ) ;
#3517 = EDGE_CURVE ( 'NONE', #2620, #1537, #1994, .T. ) ;
#3518 = DIRECTION ( 'NONE',  ( -1.000000000000000000, 0.000000000000000000, 0.000000000000000000 ) ) ;
#3519 = EDGE_LOOP ( 'NONE', ( #4803, #1251, #4251, #2986 ) ) ;
#3520 = DIRECTION ( 'NONE',  ( -1.000000000000000000, 0.000000000000000000, 0.000000000000000000 ) ) ;
#3521 = CARTESIAN_POINT ( 'NONE',  ( -1.902577949447439742, 1.718805732558593924, 0.000000000000000000 ) ) ;
#3522 = CARTESIAN_POINT ( 'NONE',  ( -0.4744811604060082399, -1.681525489341959334, 0.05905512000000000261 ) ) ;
#3523 = ORIENTED_EDGE ( 'NONE', *, *, #709, .T. ) ;
#3524 = CARTESIAN_POINT ( 'NONE',  ( -1.235375189399416263, 1.595831225142201104, 0.4450187308916527251 ) ) ;
#3525 = CARTESIAN_POINT ( 'NONE',  ( -1.275636791373742973, 2.642985047370975504, 0.000000000000000000 ) ) ;
#3526 = DIRECTION ( 'NONE',  ( -1.000000000000000000, 0.000000000000000000, 0.000000000000000000 ) ) ;
#3527 = DIRECTION ( 'NONE',  ( 1.000000000000000000, 0.000000000000000000, 0.000000000000000000 ) ) ;
#3528 = ADVANCED_FACE ( 'NONE', ( #1041, #544 ), #1602, .F. ) ;
#3529 = DIRECTION ( 'NONE',  ( -1.000000000000000000, 0.000000000000000000, 0.000000000000000000 ) ) ;
#3530 = ORIENTED_EDGE ( 'NONE', *, *, #4805, .T. ) ;
#3531 = FACE_OUTER_BOUND ( 'NONE', #1505, .T. ) ;
#3532 = ORIENTED_EDGE ( 'NONE', *, *, #3825, .T. ) ;
#3533 = DIRECTION ( 'NONE',  ( -0.000000000000000000, -0.000000000000000000, -1.000000000000000000 ) ) ;
#3534 = FACE_OUTER_BOUND ( 'NONE', #3724, .T. ) ;
#3535 = ORIENTED_EDGE ( 'NONE', *, *, #2246, .T. ) ;
#3536 = LINE ( 'NONE', #5166, #1279 ) ;
#3537 = CARTESIAN_POINT ( 'NONE',  ( -2.504774609769200300, -2.070894529969006914, 0.4921259842519685179 ) ) ;
#3538 = AXIS2_PLACEMENT_3D ( 'NONE', #2734, #1931, #3526 ) ;
#3539 = FACE_BOUND ( 'NONE', #4288, .T. ) ;
#3540 = AXIS2_PLACEMENT_3D ( 'NONE', #3910, #2264, #3838 ) ;
#3541 = VERTEX_POINT ( 'NONE', #4758 ) ;
#3542 = CYLINDRICAL_SURFACE ( 'NONE', #2705, 0.03499999999999972577 ) ;
#3543 = MECHANICAL_DESIGN_GEOMETRIC_PRESENTATION_REPRESENTATION (  '', ( #4299 ), #4806 ) ;
#3544 = DIRECTION ( 'NONE',  ( -1.000000000000000000, 0.000000000000000000, 0.000000000000000000 ) ) ;
#3545 = DIRECTION ( 'NONE',  ( -0.000000000000000000, -0.000000000000000000, 1.000000000000000000 ) ) ;
#3546 = EDGE_LOOP ( 'NONE', ( #3257, #5200 ) ) ;
#3547 = LINE ( 'NONE', #5199, #3623 ) ;
#3548 = EDGE_CURVE ( 'NONE', #3932, #2129, #1401, .T. ) ;
#3549 = CARTESIAN_POINT ( 'NONE',  ( 1.183406290588388421, 1.378432099769073327, 0.5084752992119263570 ) ) ;
#3550 = AXIS2_PLACEMENT_3D ( 'NONE', #5152, #2326, #1124 ) ;
#3551 = CARTESIAN_POINT ( 'NONE',  ( 0.8598843766372653574, 2.415511303806133991, 0.05905512000000000261 ) ) ;
#3552 = EDGE_CURVE ( 'NONE', #1049, #930, #4331, .T. ) ;
#3553 = AXIS2_PLACEMENT_3D ( 'NONE', #3313, #1748, #4915 ) ;
#3554 = EDGE_CURVE ( 'NONE', #143, #3461, #4333, .T. ) ;
#3555 = EDGE_LOOP ( 'NONE', ( #3611, #4680, #4354, #2670 ) ) ;
#3556 =( LENGTH_UNIT ( ) NAMED_UNIT ( * ) SI_UNIT ( $, .METRE. ) );
#3557 = ORIENTED_EDGE ( 'NONE', *, *, #3492, .T. ) ;
#3558 = FACE_OUTER_BOUND ( 'NONE', #2643, .T. ) ;
#3559 = ORIENTED_EDGE ( 'NONE', *, *, #1259, .T. ) ;
#3560 = CARTESIAN_POINT ( 'NONE',  ( 1.347869548518122462, 1.112410907112883374, 0.1893700799999999962 ) ) ;
#3561 = EDGE_CURVE ( 'NONE', #5025, #3940, #1899, .T. ) ;
#3562 = DIRECTION ( 'NONE',  ( -0.000000000000000000, -0.000000000000000000, -1.000000000000000000 ) ) ;
#3563 = AXIS2_PLACEMENT_3D ( 'NONE', #397, #3620, #4851 ) ;
#3564 = ORIENTED_EDGE ( 'NONE', *, *, #3093, .T. ) ;
#3565 = DIRECTION ( 'NONE',  ( -1.000000000000000000, 0.000000000000000000, 0.000000000000000000 ) ) ;
#3566 = ORIENTED_EDGE ( 'NONE', *, *, #4630, .F. ) ;
#3567 = VERTEX_POINT ( 'NONE', #2323 ) ;
#3568 = DIRECTION ( 'NONE',  ( 0.5945412779043091067, -0.8040650899447824296, 3.665114028111689248E-18 ) ) ;
#3569 = DIRECTION ( 'NONE',  ( -1.000000000000000000, 0.000000000000000000, 0.000000000000000000 ) ) ;
#3570 = ORIENTED_EDGE ( 'NONE', *, *, #4585, .F. ) ;
#3571 = FACE_BOUND ( 'NONE', #1421, .T. ) ;
#3572 = ORIENTED_EDGE ( 'NONE', *, *, #2010, .T. ) ;
#3573 =( NAMED_UNIT ( * ) PLANE_ANGLE_UNIT ( ) SI_UNIT ( $, .RADIAN. ) );
#3574 = CARTESIAN_POINT ( 'NONE',  ( -0.2793881098391097773, -1.813606154621390409, 0.05905511999999999567 ) ) ;
#3575 = DIRECTION ( 'NONE',  ( 1.000000000000000000, 1.387778736372525118E-14, 0.000000000000000000 ) ) ;
#3576 = DIRECTION ( 'NONE',  ( 0.000000000000000000, 0.000000000000000000, 1.000000000000000000 ) ) ;
#3577 = CARTESIAN_POINT ( 'NONE',  ( -2.642985047370931984, -1.275636791373829126, 0.5905511792125984760 ) ) ;
#3578 = CARTESIAN_POINT ( 'NONE',  ( -1.001528639949476940, -2.758543015342299842, 0.5905511792125984760 ) ) ;
#3579 = PRODUCT_DEFINITION_FORMATION_WITH_SPECIFIED_SOURCE ( 'ANY', '', #4437, .NOT_KNOWN. ) ;
#3580 = EDGE_CURVE ( 'NONE', #5037, #4865, #4677, .T. ) ;
#3581 = DIRECTION ( 'NONE',  ( -0.6183389601406237279, 0.7859115283364991322, 0.000000000000000000 ) ) ;
#3582 = VECTOR ( 'NONE', #1201, 39.37007874015748854 ) ;
#3583 = DIRECTION ( 'NONE',  ( 0.000000000000000000, 0.000000000000000000, 1.000000000000000000 ) ) ;
#3584 = ORIENTED_EDGE ( 'NONE', *, *, #1690, .T. ) ;
#3585 = ORIENTED_EDGE ( 'NONE', *, *, #4235, .T. ) ;
#3586 = DIRECTION ( 'NONE',  ( -0.000000000000000000, -0.000000000000000000, 1.000000000000000000 ) ) ;
#3587 = ORIENTED_EDGE ( 'NONE', *, *, #1382, .F. ) ;
#3588 = SURFACE_STYLE_USAGE ( .BOTH. , #2024 ) ;
#3589 = DIRECTION ( 'NONE',  ( 0.000000000000000000, 0.000000000000000000, -1.000000000000000000 ) ) ;
#3590 = FACE_OUTER_BOUND ( 'NONE', #4228, .T. ) ;
#3591 = EDGE_LOOP ( 'NONE', ( #4787, #1717 ) ) ;
#3592 = LENGTH_MEASURE_WITH_UNIT ( LENGTH_MEASURE( 0.02539999999999999897 ), #770 );
#3593 = DIRECTION ( 'NONE',  ( 1.000000000000000000, 0.000000000000000000, 0.000000000000000000 ) ) ;
#3594 = PRESENTATION_LAYER_ASSIGNMENT (  '', '', ( #2261 ) ) ;
#3595 = FILL_AREA_STYLE ('',( #2827 ) ) ;
#3596 = AXIS2_PLACEMENT_3D ( 'NONE', #4931, #208, #560 ) ;
#3597 = EDGE_LOOP ( 'NONE', ( #569, #5182, #1392, #2650 ) ) ;
#3598 =( NAMED_UNIT ( * ) PLANE_ANGLE_UNIT ( ) SI_UNIT ( $, .RADIAN. ) );
#3599 = DIRECTION ( 'NONE',  ( -1.000000000000000000, 0.000000000000000000, 0.000000000000000000 ) ) ;
#3600 = CARTESIAN_POINT ( 'NONE',  ( 2.390927755790455578, -2.331338925122219852, 0.05905512000000000261 ) ) ;
#3601 = CARTESIAN_POINT ( 'NONE',  ( -1.184114724449458533, 1.634219452785871107, 0.4160284377163503411 ) ) ;
#3602 = AXIS2_PLACEMENT_3D ( 'NONE', #4366, #3213, #755 ) ;
#3603 = ORIENTED_EDGE ( 'NONE', *, *, #4031, .F. ) ;
#3604 = DIRECTION ( 'NONE',  ( 1.000000000000000000, 0.000000000000000000, 0.000000000000000000 ) ) ;
#3605 = DIRECTION ( 'NONE',  ( 0.000000000000000000, 0.000000000000000000, -1.000000000000000000 ) ) ;
#3606 = CARTESIAN_POINT ( 'NONE',  ( -1.423530142007406241, -1.902577949447445738, 0.05905512000000000261 ) ) ;
#3607 = ORIENTED_EDGE ( 'NONE', *, *, #4801, .F. ) ;
#3608 = ORIENTED_EDGE ( 'NONE', *, *, #2555, .T. ) ;
#3609 = AXIS2_PLACEMENT_3D ( 'NONE', #1126, #5206, #3921 ) ;
#3610 = EDGE_CURVE ( 'NONE', #2217, #3642, #272, .T. ) ;
#3611 = ORIENTED_EDGE ( 'NONE', *, *, #4488, .F. ) ;
#3612 =( CONVERSION_BASED_UNIT ( 'INCH', #843 ) LENGTH_UNIT ( ) NAMED_UNIT ( #3664 ) );
#3613 = AXIS2_PLACEMENT_3D ( 'NONE', #2881, #86, #1370 ) ;
#3614 = ORIENTED_EDGE ( 'NONE', *, *, #2865, .F. ) ;
#3615 = DIRECTION ( 'NONE',  ( 1.000000000000000000, 0.000000000000000000, 0.000000000000000000 ) ) ;
#3616 = LINE ( 'NONE', #4824, #720 ) ;
#3617 = EDGE_CURVE ( 'NONE', #4510, #1615, #2248, .T. ) ;
#3618 =( NAMED_UNIT ( * ) PLANE_ANGLE_UNIT ( ) SI_UNIT ( $, .RADIAN. ) );
#3619 = VERTEX_POINT ( 'NONE', #2679 ) ;
#3620 = DIRECTION ( 'NONE',  ( -0.000000000000000000, -0.000000000000000000, -1.000000000000000000 ) ) ;
#3621 = EDGE_CURVE ( 'NONE', #2501, #911, #1050, .T. ) ;
#3622 = CARTESIAN_POINT ( 'NONE',  ( -1.241524189589153115, 1.591053218422346482, 0.2038097090583361470 ) ) ;
#3623 = VECTOR ( 'NONE', #5103, 39.37007874015748143 ) ;
#3624 = CIRCLE ( 'NONE', #4212, 0.07950000000000007061 ) ;
#3625 = DIMENSIONAL_EXPONENTS ( 1.000000000000000000, 0.000000000000000000, 0.000000000000000000, 0.000000000000000000, 0.000000000000000000, 0.000000000000000000, 0.000000000000000000 ) ;
#3626 = EDGE_LOOP ( 'NONE', ( #3570, #1863, #1186, #359, #4443, #1571 ) ) ;
#3627 = AXIS2_PLACEMENT_3D ( 'NONE', #2043, #3156, #2805 ) ;
#3628 = CARTESIAN_POINT ( 'NONE',  ( -0.3438362936472181830, -0.2705232950615227838, 0.5905511792125984760 ) ) ;
#3629 = EDGE_CURVE ( 'NONE', #1485, #3203, #3072, .T. ) ;
#3630 = VECTOR ( 'NONE', #4090, 39.37007874015748854 ) ;
#3631 = AXIS2_PLACEMENT_3D ( 'NONE', #5119, #1519, #5044 ) ;
#3632 = DIRECTION ( 'NONE',  ( 0.000000000000000000, 0.000000000000000000, 1.000000000000000000 ) ) ;
#3633 = CARTESIAN_POINT ( 'NONE',  ( 1.336088756592210380, -1.512496286233201870, 0.2857893665147760442 ) ) ;
#3634 = STYLED_ITEM ( 'NONE', ( #1898 ), #2873 ) ;
#3635 = VECTOR ( 'NONE', #1918, 39.37007874015748143 ) ;
#3636 = DIRECTION ( 'NONE',  ( -1.000000000000000000, 0.000000000000000000, 0.000000000000000000 ) ) ;
#3637 = CARTESIAN_POINT ( 'NONE',  ( 1.001528639949608834, 2.758543015342254989, 0.5905511792125984760 ) ) ;
#3638 = CIRCLE ( 'NONE', #3122, 0.1771653543307085410 ) ;
#3639 = ORIENTED_EDGE ( 'NONE', *, *, #131, .F. ) ;
#3640 = CARTESIAN_POINT ( 'NONE',  ( 3.092847217540596424E-16, 2.185864326882349121E-15, 0.1499999999999999944 ) ) ;
#3641 = CIRCLE ( 'NONE', #1369, 0.3711251169736392019 ) ;
#3642 = VERTEX_POINT ( 'NONE', #3600 ) ;
#3643 = CARTESIAN_POINT ( 'NONE',  ( -0.2793881098391379214, -1.813606154621368649, 0.1893700799999999962 ) ) ;
#3644 = ORIENTED_EDGE ( 'NONE', *, *, #2161, .T. ) ;
#3645 = CYLINDRICAL_SURFACE ( 'NONE', #1983, 2.018110236220472586 ) ;
#3646 = AXIS2_PLACEMENT_3D ( 'NONE', #3100, #1095, #703 ) ;
#3647 = DIRECTION ( 'NONE',  ( -0.000000000000000000, -0.000000000000000000, -1.000000000000000000 ) ) ;
#3648 = AXIS2_PLACEMENT_3D ( 'NONE', #5209, #4892, #3693 ) ;
#3649 = CARTESIAN_POINT ( 'NONE',  ( -0.5242445186320716655, -1.712910268956149062, 0.05905511999999999567 ) ) ;
#3650 = UNCERTAINTY_MEASURE_WITH_UNIT (LENGTH_MEASURE( 1.000000000000000082E-05 ), #3612, 'distance_accuracy_value', 'NONE');
#3651 = ORIENTED_EDGE ( 'NONE', *, *, #1028, .F. ) ;
#3652 = CARTESIAN_POINT ( 'NONE',  ( 3.092847217540596424E-16, 2.185864326882349121E-15, 0.1893700799999999962 ) ) ;
#3653 = EDGE_CURVE ( 'NONE', #2334, #1991, #1092, .T. ) ;
#3654 = VERTEX_POINT ( 'NONE', #2704 ) ;
#3655 = ORIENTED_EDGE ( 'NONE', *, *, #5187, .T. ) ;
#3656 = AXIS2_PLACEMENT_3D ( 'NONE', #159, #3353, #3753 ) ;
#3657 =( CONVERSION_BASED_UNIT ( 'INCH', #2855 ) LENGTH_UNIT ( ) NAMED_UNIT ( #3392 ) );
#3658 = EDGE_CURVE ( 'NONE', #4063, #4136, #3180, .T. ) ;
#3659 = CIRCLE ( 'NONE', #883, 0.2952755905511810774 ) ;
#3660 = CARTESIAN_POINT ( 'NONE',  ( 2.217919041190445029, 0.01505167804208845661, 0.5905511792125984760 ) ) ;
#3661 = DIRECTION ( 'NONE',  ( -0.000000000000000000, -0.000000000000000000, 1.000000000000000000 ) ) ;
#3662 = DIRECTION ( 'NONE',  ( -0.000000000000000000, -0.000000000000000000, 1.000000000000000000 ) ) ;
#3663 = EDGE_CURVE ( 'NONE', #4759, #789, #4283, .T. ) ;
#3664 = DIMENSIONAL_EXPONENTS ( 1.000000000000000000, 0.000000000000000000, 0.000000000000000000, 0.000000000000000000, 0.000000000000000000, 0.000000000000000000, 0.000000000000000000 ) ;
#3665 = CARTESIAN_POINT ( 'NONE',  ( -1.607302358896258720, 1.718805732558593924, 0.05905512000000000261 ) ) ;
#3666 = MECHANICAL_DESIGN_GEOMETRIC_PRESENTATION_REPRESENTATION (  '', ( #4670 ), #5085 ) ;
#3667 = VERTEX_POINT ( 'NONE', #3522 ) ;
#3668 = CARTESIAN_POINT ( 'NONE',  ( 0.8598843766372653574, 2.415511303806133991, 0.5905511792125984760 ) ) ;
#3669 = ORIENTED_EDGE ( 'NONE', *, *, #4991, .T. ) ;
#3670 = ORIENTED_EDGE ( 'NONE', *, *, #2102, .F. ) ;
#3671 = AXIS2_PLACEMENT_3D ( 'NONE', #376, #4808, #1173 ) ;
#3672 = DIRECTION ( 'NONE',  ( -1.000000000000000000, 0.000000000000000000, 0.000000000000000000 ) ) ;
#3673 = CARTESIAN_POINT ( 'NONE',  ( -1.983306276696049523E-15, 9.696164744193275831E-16, 0.05905511999999997486 ) ) ;
#3674 = DIRECTION ( 'NONE',  ( 1.000000000000000000, 0.000000000000000000, 0.000000000000000000 ) ) ;
#3675 = DIRECTION ( 'NONE',  ( -1.000000000000000000, 0.000000000000000000, 0.000000000000000000 ) ) ;
#3676 =( CONVERSION_BASED_UNIT ( 'INCH', #3274 ) LENGTH_UNIT ( ) NAMED_UNIT ( #2424 ) );
#3677 = ORIENTED_EDGE ( 'NONE', *, *, #4576, .T. ) ;
#3678 = CIRCLE ( 'NONE', #4341, 1.708259842519683991 ) ;
#3679 = CYLINDRICAL_SURFACE ( 'NONE', #1666, 0.07950000000000007061 ) ;
#3680 = ORIENTED_EDGE ( 'NONE', *, *, #2799, .T. ) ;
#3681 = EDGE_CURVE ( 'NONE', #3667, #3856, #2579, .T. ) ;
#3682 = LINE ( 'NONE', #1231, #4599 ) ;
#3683 = CARTESIAN_POINT ( 'NONE',  ( 1.294978775360852374, -1.547850992415660043, 0.2197944097666338359 ) ) ;
#3684 =( GEOMETRIC_REPRESENTATION_CONTEXT ( 3 ) GLOBAL_UNCERTAINTY_ASSIGNED_CONTEXT ( ( #1721 ) ) GLOBAL_UNIT_ASSIGNED_CONTEXT ( ( #10, #432, #4126 ) ) REPRESENTATION_CONTEXT ( 'NONE', 'WORKASPACE' ) );
#3685 = ORIENTED_EDGE ( 'NONE', *, *, #2623, .F. ) ;
#3686 = CARTESIAN_POINT ( 'NONE',  ( 1.292040680039471479, 1.303017989562359480, 0.05905511999999997486 ) ) ;
#3687 = STYLED_ITEM ( 'NONE', ( #3933 ), #4418 ) ;
#3688 = AXIS2_PLACEMENT_3D ( 'NONE', #797, #1701, #4432 ) ;
#3689 = DIRECTION ( 'NONE',  ( 1.000000000000000000, 0.000000000000000000, 0.000000000000000000 ) ) ;
#3690 = FACE_OUTER_BOUND ( 'NONE', #4989, .T. ) ;
#3691 = EDGE_LOOP ( 'NONE', ( #1412, #711, #2190, #2539, #5192, #3532, #3559, #1490, #895, #3900, #831, #2675, #1540, #4370, #256, #2636, #5039, #4332, #2305, #3908, #387, #540, #2162, #4122 ) ) ;
#3692 = VERTEX_POINT ( 'NONE', #1121 ) ;
#3693 = DIRECTION ( 'NONE',  ( 1.000000000000000000, 0.000000000000000000, 0.000000000000000000 ) ) ;
#3694 = LINE ( 'NONE', #443, #2049 ) ;
#3695 = LINE ( 'NONE', #3747, #2085 ) ;
#3696 = CYLINDRICAL_SURFACE ( 'NONE', #4917, 0.03937008000000002950 ) ;
#3697 = CARTESIAN_POINT ( 'NONE',  ( 1.474480238700095258, -0.9381462422080395491, 0.1893700799999999962 ) ) ;
#3698 = UNCERTAINTY_MEASURE_WITH_UNIT (LENGTH_MEASURE( 1.000000000000000082E-05 ), #3935, 'distance_accuracy_value', 'NONE');
#3699 = ORIENTED_EDGE ( 'NONE', *, *, #2889, .F. ) ;
#3700 = CARTESIAN_POINT ( 'NONE',  ( -1.160564406528143966, 1.651020379204326538, 0.2712495663529546630 ) ) ;
#3701 = ORIENTED_EDGE ( 'NONE', *, *, #4361, .T. ) ;
#3702 = VERTEX_POINT ( 'NONE', #781 ) ;
#3703 = CARTESIAN_POINT ( 'NONE',  ( 1.734196568239548819, -2.848041460917411616, 0.05905512000000000261 ) ) ;
#3704 = AXIS2_PLACEMENT_3D ( 'NONE', #1810, #3403, #5004 ) ;
#3705 = DIRECTION ( 'NONE',  ( -0.000000000000000000, -0.000000000000000000, 1.000000000000000000 ) ) ;
#3706 = FILL_AREA_STYLE ('',( #4152 ) ) ;
#3707 = ORIENTED_EDGE ( 'NONE', *, *, #878, .F. ) ;
#3708 = DIRECTION ( 'NONE',  ( -1.000000000000000000, 0.000000000000000000, 0.000000000000000000 ) ) ;
#3709 = AXIS2_PLACEMENT_3D ( 'NONE', #1462, #1079, #2234 ) ;
#3710 = DIRECTION ( 'NONE',  ( 0.000000000000000000, 0.000000000000000000, 1.000000000000000000 ) ) ;
#3711 = EDGE_CURVE ( 'NONE', #4146, #235, #2730, .T. ) ;
#3712 = DIRECTION ( 'NONE',  ( -0.6183389601406237279, 0.7859115283364993543, 0.000000000000000000 ) ) ;
#3713 = ORIENTED_EDGE ( 'NONE', *, *, #2999, .F. ) ;
#3714 = ORIENTED_EDGE ( 'NONE', *, *, #3259, .F. ) ;
#3715 = CIRCLE ( 'NONE', #1960, 0.07950000000000007061 ) ;
#3716 = CARTESIAN_POINT ( 'NONE',  ( 1.292040680039471479, 1.303017989562359480, 0.1893700799999999962 ) ) ;
#3717 = MECHANICAL_DESIGN_GEOMETRIC_PRESENTATION_REPRESENTATION (  '', ( #3634 ), #3291 ) ;
#3718 = DIRECTION ( 'NONE',  ( 0.7853994286486424281, 0.6189892870465416586, 0.000000000000000000 ) ) ;
#3719 = CIRCLE ( 'NONE', #4724, 0.3711251169736387578 ) ;
#3720 = CARTESIAN_POINT ( 'NONE',  ( 1.155621056974180494, -1.654484211748759703, 0.3637947922680963564 ) ) ;
#3721 = CARTESIAN_POINT ( 'NONE',  ( 1.317505149699513156, 1.087350849579213241, 0.4318889433028857971 ) ) ;
#3722 = CIRCLE ( 'NONE', #3884, 0.2952755905511810774 ) ;
#3723 = CARTESIAN_POINT ( 'NONE',  ( 3.092847217540596424E-16, 2.185864326882349121E-15, 0.1893700799999999962 ) ) ;
#3724 = EDGE_LOOP ( 'NONE', ( #2006, #2519, #1646, #2187 ) ) ;
#3725 = CIRCLE ( 'NONE', #1547, 1.921313263826067930 ) ;
#3726 = CARTESIAN_POINT ( 'NONE',  ( -1.703255168496018435, 2.872385515245265086, -1.689129296200155701E-17 ) ) ;
#3727 = DIRECTION ( 'NONE',  ( -1.000000000000000000, 0.000000000000000000, 0.000000000000000000 ) ) ;
#3728 = COLOUR_RGB ( '',0.7921568627450980005, 0.8196078431372548767, 0.9333333333333333481 ) ;
#3729 = CIRCLE ( 'NONE', #864, 0.2952755905511810774 ) ;
#3730 = AXIS2_PLACEMENT_3D ( 'NONE', #4789, #790, #3672 ) ;
#3731 = CARTESIAN_POINT ( 'NONE',  ( 1.292040680039471479, 1.303017989562359480, 0.05905511999999997486 ) ) ;
#3732 = VERTEX_POINT ( 'NONE', #2352 ) ;
#3733 = AXIS2_PLACEMENT_3D ( 'NONE', #1681, #2568, #2516 ) ;
#3734 = CARTESIAN_POINT ( 'NONE',  ( -0.5955072783749462140, 1.731145654109399246, 0.1893700799999999962 ) ) ;
#3735 = CARTESIAN_POINT ( 'NONE',  ( 1.278332303675100867, -1.561630072562081750, 0.2100031606270715279 ) ) ;
#3736 = CIRCLE ( 'NONE', #2800, 0.07950000000000007061 ) ;
#3737 = ORIENTED_EDGE ( 'NONE', *, *, #1880, .F. ) ;
#3738 = DIRECTION ( 'NONE',  ( 0.000000000000000000, 0.000000000000000000, 1.000000000000000000 ) ) ;
#3739 = FACE_OUTER_BOUND ( 'NONE', #902, .T. ) ;
#3740 = CIRCLE ( 'NONE', #4992, 0.3711251169736387578 ) ;
#3741 = CARTESIAN_POINT ( 'NONE',  ( 1.658334193600794038, -0.7009694492546600930, 0.05905511999999997486 ) ) ;
#3742 = EDGE_CURVE ( 'NONE', #4063, #112, #3943, .T. ) ;
#3743 = EDGE_CURVE ( 'NONE', #3484, #3692, #290, .T. ) ;
#3744 = DIRECTION ( 'NONE',  ( -0.000000000000000000, -0.000000000000000000, 1.000000000000000000 ) ) ;
#3745 = EDGE_CURVE ( 'NONE', #3642, #4440, #2175, .T. ) ;
#3746 = CARTESIAN_POINT ( 'NONE',  ( -2.181900883159483495, 2.545891750706786638, 0.3248031496062991907 ) ) ;
#3747 = CARTESIAN_POINT ( 'NONE',  ( -1.705012849733769320, -0.1052752193448445034, 0.4021517704780935287 ) ) ;
#3748 = DIRECTION ( 'NONE',  ( 0.000000000000000000, 0.000000000000000000, 1.000000000000000000 ) ) ;
#3749 = EDGE_CURVE ( 'NONE', #3916, #3405, #2498, .T. ) ;
#3750 = CARTESIAN_POINT ( 'NONE',  ( 2.347865874880960657, -2.262975920977241984, 0.5905511792125984760 ) ) ;
#3751 = ORIENTED_EDGE ( 'NONE', *, *, #1801, .T. ) ;
#3752 =( CONVERSION_BASED_UNIT ( 'INCH', #4171 ) LENGTH_UNIT ( ) NAMED_UNIT ( #3625 ) );
#3753 = DIRECTION ( 'NONE',  ( 1.000000000000000000, 0.000000000000000000, 0.000000000000000000 ) ) ;
#3754 = CARTESIAN_POINT ( 'NONE',  ( -0.2793881098391379214, -1.813606154621368649, 0.05905511999999997486 ) ) ;
#3755 = CIRCLE ( 'NONE', #4425, 0.1209999999999999687 ) ;
#3756 = ORIENTED_EDGE ( 'NONE', *, *, #3314, .F. ) ;
#3757 = LINE ( 'NONE', #504, #1575 ) ;
#3758 = COLOUR_RGB ( '',0.7921568627450980005, 0.8196078431372548767, 0.9333333333333333481 ) ;
#3759 = SURFACE_STYLE_FILL_AREA ( #4631 ) ;
#3760 = CARTESIAN_POINT ( 'NONE',  ( 1.160593544983179237, -1.650999938788681565, 0.2711692767126295256 ) ) ;
#3761 = ORIENTED_EDGE ( 'NONE', *, *, #73, .T. ) ;
#3762 = CARTESIAN_POINT ( 'NONE',  ( 2.197853539998608774, -1.718805732558607247, 0.3149606299212598381 ) ) ;
#3763 = LINE ( 'NONE', #1826, #1962 ) ;
#3764 = CIRCLE ( 'NONE', #1324, 1.708259842519683991 ) ;
#3765 = DIRECTION ( 'NONE',  ( -1.000000000000000000, 0.000000000000000000, 0.000000000000000000 ) ) ;
#3766 = MECHANICAL_DESIGN_GEOMETRIC_PRESENTATION_REPRESENTATION (  '', ( #2261 ), #3684 ) ;
#3767 = ORIENTED_EDGE ( 'NONE', *, *, #4361, .F. ) ;
#3768 = CIRCLE ( 'NONE', #4855, 1.921313263826067486 ) ;
#3769 = ORIENTED_EDGE ( 'NONE', *, *, #3548, .F. ) ;
#3770 = CARTESIAN_POINT ( 'NONE',  ( 0.3438362936472181275, 0.2705232950615226728, 0.5905511792125984760 ) ) ;
#3771 = FILL_AREA_STYLE ('',( #4162 ) ) ;
#3772 = CYLINDRICAL_SURFACE ( 'NONE', #4797, 0.03937008000000002950 ) ;
#3773 = DIRECTION ( 'NONE',  ( -0.000000000000000000, -0.000000000000000000, -1.000000000000000000 ) ) ;
#3774 = ADVANCED_FACE ( 'NONE', ( #4518, #2453 ), #1636, .T. ) ;
#3775 = EDGE_CURVE ( 'NONE', #3484, #2501, #3238, .T. ) ;
#3776 = FACE_OUTER_BOUND ( 'NONE', #1608, .T. ) ;
#3777 = CARTESIAN_POINT ( 'NONE',  ( 1.347869548518122462, 1.112410907112883374, 0.05905511999999997486 ) ) ;
#3778 = EDGE_LOOP ( 'NONE', ( #1264, #4697 ) ) ;
#3779 = DIRECTION ( 'NONE',  ( -0.000000000000000000, -0.000000000000000000, -1.000000000000000000 ) ) ;
#3780 = DIRECTION ( 'NONE',  ( -0.000000000000000000, -0.000000000000000000, -1.000000000000000000 ) ) ;
#3781 = AXIS2_PLACEMENT_3D ( 'NONE', #3793, #2174, #3391 ) ;
#3782 = EDGE_CURVE ( 'NONE', #5179, #2600, #4910, .T. ) ;
#3783 = DIRECTION ( 'NONE',  ( -1.000000000000000000, 0.000000000000000000, 0.000000000000000000 ) ) ;
#3784 = ORIENTED_EDGE ( 'NONE', *, *, #3782, .T. ) ;
#3785 = DIRECTION ( 'NONE',  ( -0.000000000000000000, -0.000000000000000000, 1.000000000000000000 ) ) ;
#3786 = EDGE_CURVE ( 'NONE', #4087, #611, #1284, .T. ) ;
#3787 = EDGE_LOOP ( 'NONE', ( #4704, #2337 ) ) ;
#3788 = ORIENTED_EDGE ( 'NONE', *, *, #3973, .F. ) ;
#3789 = EDGE_CURVE ( 'NONE', #4581, #292, #3918, .T. ) ;
#3790 = DIRECTION ( 'NONE',  ( 1.000000000000000000, 0.000000000000000000, 0.000000000000000000 ) ) ;
#3791 = ORIENTED_EDGE ( 'NONE', *, *, #3283, .F. ) ;
#3792 = ORIENTED_EDGE ( 'NONE', *, *, #4262, .T. ) ;
#3793 = CARTESIAN_POINT ( 'NONE',  ( 1.902577949447427752, -1.718805732558607247, 0.05905512000000000261 ) ) ;
#3794 = EDGE_CURVE ( 'NONE', #2247, #2815, #4125, .T. ) ;
#3795 = CARTESIAN_POINT ( 'NONE',  ( -0.9784828419669099331, 1.547276808562628947, 0.1499999999999999944 ) ) ;
#3796 = CARTESIAN_POINT ( 'NONE',  ( -0.1153226770154978653, -1.787622606977541384, 0.1893700799999999962 ) ) ;
#3797 = CIRCLE ( 'NONE', #4465, 0.1267401574803148911 ) ;
#3798 = ORIENTED_EDGE ( 'NONE', *, *, #2038, .T. ) ;
#3799 = FACE_OUTER_BOUND ( 'NONE', #3469, .T. ) ;
#3800 =( NAMED_UNIT ( * ) PLANE_ANGLE_UNIT ( ) SI_UNIT ( $, .RADIAN. ) );
#3801 = CARTESIAN_POINT ( 'NONE',  ( 1.304958245055557242, -1.539446709724232365, 0.4211068598860521761 ) ) ;
#3802 = DIMENSIONAL_EXPONENTS ( 1.000000000000000000, 0.000000000000000000, 0.000000000000000000, 0.000000000000000000, 0.000000000000000000, 0.000000000000000000, 0.000000000000000000 ) ;
#3803 = FACE_OUTER_BOUND ( 'NONE', #4101, .T. ) ;
#3804 = CARTESIAN_POINT ( 'NONE',  ( -3.250000000000000000, 0.000000000000000000, 0.1771653543307086798 ) ) ;
#3805 = ORIENTED_EDGE ( 'NONE', *, *, #4268, .F. ) ;
#3806 = ORIENTED_EDGE ( 'NONE', *, *, #2649, .T. ) ;
#3807 = DIRECTION ( 'NONE',  ( 0.000000000000000000, 0.000000000000000000, 1.000000000000000000 ) ) ;
#3808 = CYLINDRICAL_SURFACE ( 'NONE', #1471, 0.07950000000000007061 ) ;
#3809 = AXIS2_PLACEMENT_3D ( 'NONE', #3043, #628, #990 ) ;
#3810 = FACE_OUTER_BOUND ( 'NONE', #999, .T. ) ;
#3811 = VERTEX_POINT ( 'NONE', #81 ) ;
#3812 = CARTESIAN_POINT ( 'NONE',  ( -1.727647910930969921, 2.903388797786302433, 9.020562075079396891E-17 ) ) ;
#3813 = ORIENTED_EDGE ( 'NONE', *, *, #285, .T. ) ;
#3814 = EDGE_CURVE ( 'NONE', #4084, #13, #1713, .T. ) ;
#3815 = AXIS2_PLACEMENT_3D ( 'NONE', #4477, #3712, #90 ) ;
#3816 = ORIENTED_EDGE ( 'NONE', *, *, #4198, .F. ) ;
#3817 = CARTESIAN_POINT ( 'NONE',  ( -1.758540622567402290, 2.878982860660941778, 0.5905511792125984760 ) ) ;
#3818 = AXIS2_PLACEMENT_3D ( 'NONE', #2769, #2446, #1164 ) ;
#3819 = EDGE_CURVE ( 'NONE', #4351, #911, #3682, .T. ) ;
#3820 = EDGE_LOOP ( 'NONE', ( #1153, #3233, #188, #3108 ) ) ;
#3821 = ORIENTED_EDGE ( 'NONE', *, *, #782, .F. ) ;
#3822 = DIRECTION ( 'NONE',  ( -1.000000000000000000, 0.000000000000000000, 0.000000000000000000 ) ) ;
#3823 = CARTESIAN_POINT ( 'NONE',  ( -1.541640378227878916, -1.902577949447445738, 0.5905511792125984760 ) ) ;
#3824 = DIRECTION ( 'NONE',  ( -1.000000000000000000, 0.000000000000000000, 0.000000000000000000 ) ) ;
#3825 = EDGE_CURVE ( 'NONE', #3195, #4343, #4174, .T. ) ;
#3826 = DIRECTION ( 'NONE',  ( -1.000000000000000000, 0.000000000000000000, 0.000000000000000000 ) ) ;
#3827 = VECTOR ( 'NONE', #2750, 39.37007874015748143 ) ;
#3828 = FILL_AREA_STYLE_COLOUR ( '', #1262 ) ;
#3829 = AXIS2_PLACEMENT_3D ( 'NONE', #4565, #4595, #3432 ) ;
#3830 = FACE_OUTER_BOUND ( 'NONE', #25, .T. ) ;
#3831 = CYLINDRICAL_SURFACE ( 'NONE', #1283, 0.07950000000000007061 ) ;
#3832 = VERTEX_POINT ( 'NONE', #2070 ) ;
#3833 = CARTESIAN_POINT ( 'NONE',  ( 1.144036210588388336, 1.378432099769073327, 0.5084752992119263570 ) ) ;
#3834 = DIRECTION ( 'NONE',  ( -0.7859115283364993543, -0.6183389601406237279, 0.000000000000000000 ) ) ;
#3835 = CARTESIAN_POINT ( 'NONE',  ( 1.462395485704951925, 1.101314504457819199, 0.05905511999999999567 ) ) ;
#3836 = ORIENTED_EDGE ( 'NONE', *, *, #1665, .F. ) ;
#3837 = VERTEX_POINT ( 'NONE', #483 ) ;
#3838 = DIRECTION ( 'NONE',  ( -1.000000000000000000, 0.000000000000000000, 0.000000000000000000 ) ) ;
#3839 = ADVANCED_FACE ( 'NONE', ( #1258 ), #2042, .F. ) ;
#3840 = AXIS2_PLACEMENT_3D ( 'NONE', #2144, #3632, #8 ) ;
#3841 = EDGE_CURVE ( 'NONE', #1130, #4328, #53, .T. ) ;
#3842 = EDGE_LOOP ( 'NONE', ( #2324, #215, #3363, #2538 ) ) ;
#3843 = CARTESIAN_POINT ( 'NONE',  ( -1.745848516031270004, -0.06836155321788989214, 0.000000000000000000 ) ) ;
#3844 = CARTESIAN_POINT ( 'NONE',  ( 1.664493462007921920, -0.6620841485370947410, 0.1893700799999999962 ) ) ;
#3845 = ORIENTED_EDGE ( 'NONE', *, *, #3629, .T. ) ;
#3846 = LINE ( 'NONE', #3549, #5068 ) ;
#3847 = CARTESIAN_POINT ( 'NONE',  ( -1.773915518167924255, -0.4524576540875508424, 0.1499999999999999944 ) ) ;
#3848 = SURFACE_STYLE_USAGE ( .BOTH. , #1830 ) ;
#3849 = FACE_BOUND ( 'NONE', #4053, .T. ) ;
#3850 = CARTESIAN_POINT ( 'NONE',  ( 2.356294555137431246, -2.287319975305096342, 0.05905512000000000261 ) ) ;
#3851 = EDGE_LOOP ( 'NONE', ( #2335, #4408, #2595, #728 ) ) ;
#3852 = CARTESIAN_POINT ( 'NONE',  ( -2.079743303778148089, 1.718805732558593924, 0.3149606299212598381 ) ) ;
#3853 = CIRCLE ( 'NONE', #5188, 1.921313263826067486 ) ;
#3854 = AXIS2_PLACEMENT_3D ( 'NONE', #2044, #2104, #4861 ) ;
#3855 = DIRECTION ( 'NONE',  ( -0.000000000000000000, -0.000000000000000000, -1.000000000000000000 ) ) ;
#3856 = VERTEX_POINT ( 'NONE', #33 ) ;
#3857 = DIRECTION ( 'NONE',  ( -0.000000000000000000, -0.000000000000000000, 1.000000000000000000 ) ) ;
#3858 = ORIENTED_EDGE ( 'NONE', *, *, #3749, .F. ) ;
#3859 = VECTOR ( 'NONE', #2588, 39.37007874015748143 ) ;
#3860 = VERTEX_POINT ( 'NONE', #3734 ) ;
#3861 = DIRECTION ( 'NONE',  ( 0.000000000000000000, 0.000000000000000000, 1.000000000000000000 ) ) ;
#3862 = VERTEX_POINT ( 'NONE', #1311 ) ;
#3863 = ADVANCED_FACE ( 'NONE', ( #457 ), #909, .F. ) ;
#3864 = DIRECTION ( 'NONE',  ( 0.000000000000000000, 0.000000000000000000, 1.000000000000000000 ) ) ;
#3865 = FACE_OUTER_BOUND ( 'NONE', #5146, .T. ) ;
#3866 = VERTEX_POINT ( 'NONE', #3660 ) ;
#3867 = DIRECTION ( 'NONE',  ( -1.716235376427243772E-17, 2.181342685193818721E-17, 1.000000000000000000 ) ) ;
#3868 =( NAMED_UNIT ( * ) SI_UNIT ( $, .STERADIAN. ) SOLID_ANGLE_UNIT ( ) );
#3869 = EDGE_CURVE ( 'NONE', #5137, #5179, #4506, .T. ) ;
#3870 = VECTOR ( 'NONE', #2379, 39.37007874015748143 ) ;
#3871 = DIRECTION ( 'NONE',  ( 0.000000000000000000, 0.000000000000000000, -1.000000000000000000 ) ) ;
#3872 = ORIENTED_EDGE ( 'NONE', *, *, #1171, .F. ) ;
#3873 = EDGE_CURVE ( 'NONE', #4865, #5037, #4252, .T. ) ;
#3874 = LENGTH_MEASURE_WITH_UNIT ( LENGTH_MEASURE( 0.02539999999999999897 ), #2761 );
#3875 = EDGE_CURVE ( 'NONE', #2857, #1213, #3331, .T. ) ;
#3876 = EDGE_LOOP ( 'NONE', ( #280, #4742, #4538, #3204 ) ) ;
#3877 = DIRECTION ( 'NONE',  ( -0.000000000000000000, -0.000000000000000000, -1.000000000000000000 ) ) ;
#3878 = AXIS2_PLACEMENT_3D ( 'NONE', #3833, #3027, #1026 ) ;
#3879 = DIRECTION ( 'NONE',  ( -0.000000000000000000, -0.000000000000000000, 1.000000000000000000 ) ) ;
#3880 = VERTEX_POINT ( 'NONE', #4081 ) ;
#3881 = CARTESIAN_POINT ( 'NONE',  ( 1.668621967842993881, -2.828366565428140689, 0.5905511792125984760 ) ) ;
#3882 = VERTEX_POINT ( 'NONE', #2099 ) ;
#3883 = CIRCLE ( 'NONE', #4092, 0.2952755905511810774 ) ;
#3884 = AXIS2_PLACEMENT_3D ( 'NONE', #571, #171, #2988 ) ;
#3885 = DIRECTION ( 'NONE',  ( 0.000000000000000000, 0.000000000000000000, 1.000000000000000000 ) ) ;
#3886 = PRESENTATION_LAYER_ASSIGNMENT (  '', '', ( #1372 ) ) ;
#3887 = ORIENTED_EDGE ( 'NONE', *, *, #140, .T. ) ;
#3888 = SURFACE_STYLE_USAGE ( .BOTH. , #1525 ) ;
#3889 = CARTESIAN_POINT ( 'NONE',  ( 2.390927755790455578, -2.331338925122219852, -1.376851922720526537E-16 ) ) ;
#3890 = ORIENTED_EDGE ( 'NONE', *, *, #1533, .F. ) ;
#3891 = CARTESIAN_POINT ( 'NONE',  ( 1.202801748563063544, 1.213020875013703703, 0.4318889433028857971 ) ) ;
#3892 = CARTESIAN_POINT ( 'NONE',  ( -1.809388702304405294, 2.495426521453432578, 0.3248031496062991907 ) ) ;
#3893 = CIRCLE ( 'NONE', #2313, 0.2952755905511810774 ) ;
#3894 =( CONVERSION_BASED_UNIT ( 'INCH', #4664 ) LENGTH_UNIT ( ) NAMED_UNIT ( #14 ) );
#3895 = AXIS2_PLACEMENT_3D ( 'NONE', #3397, #2229, #3340 ) ;
#3896 = EDGE_CURVE ( 'NONE', #482, #3654, #1315, .T. ) ;
#3897 = DIMENSIONAL_EXPONENTS ( 1.000000000000000000, 0.000000000000000000, 0.000000000000000000, 0.000000000000000000, 0.000000000000000000, 0.000000000000000000, 0.000000000000000000 ) ;
#3898 = EDGE_CURVE ( 'NONE', #791, #1130, #2497, .T. ) ;
#3899 = DIRECTION ( 'NONE',  ( -0.000000000000000000, -0.000000000000000000, -1.000000000000000000 ) ) ;
#3900 = ORIENTED_EDGE ( 'NONE', *, *, #4930, .T. ) ;
#3901 = ADVANCED_FACE ( 'NONE', ( #1420 ), #4253, .F. ) ;
#3902 = AXIS2_PLACEMENT_3D ( 'NONE', #2399, #2703, #1503 ) ;
#3903 = VERTEX_POINT ( 'NONE', #4578 ) ;
#3904 = FILL_AREA_STYLE ('',( #3052 ) ) ;
#3905 = VERTEX_POINT ( 'NONE', #1397 ) ;
#3906 = DIRECTION ( 'NONE',  ( 1.000000000000000000, 0.000000000000000000, 0.000000000000000000 ) ) ;
#3907 = LINE ( 'NONE', #662, #4993 ) ;
#3908 = ORIENTED_EDGE ( 'NONE', *, *, #478, .F. ) ;
#3909 = CIRCLE ( 'NONE', #3911, 0.03937008000000002950 ) ;
#3910 = CARTESIAN_POINT ( 'NONE',  ( -1.718805732558587263, -1.902577949447445738, 0.3149606299212598381 ) ) ;
#3911 = AXIS2_PLACEMENT_3D ( 'NONE', #1753, #3773, #497 ) ;
#3912 = CARTESIAN_POINT ( 'NONE',  ( -0.5357663765764215658, -1.750556649774452023, 0.1499999999999999944 ) ) ;
#3913 = ORIENTED_EDGE ( 'NONE', *, *, #1894, .T. ) ;
#3914 = CARTESIAN_POINT ( 'NONE',  ( -2.316054496710616917, -1.099994349197570775, 0.5905511792125984760 ) ) ;
#3915 = DIRECTION ( 'NONE',  ( -1.000000000000000000, 0.000000000000000000, 0.000000000000000000 ) ) ;
#3916 = VERTEX_POINT ( 'NONE', #960 ) ;
#3917 = DIRECTION ( 'NONE',  ( -0.000000000000000000, -0.000000000000000000, -1.000000000000000000 ) ) ;
#3918 = CIRCLE ( 'NONE', #1229, 0.1771653543307085410 ) ;
#3919 = DIRECTION ( 'NONE',  ( 0.000000000000000000, 0.000000000000000000, 1.000000000000000000 ) ) ;
#3920 = FACE_OUTER_BOUND ( 'NONE', #1772, .T. ) ;
#3921 = DIRECTION ( 'NONE',  ( -1.000000000000000000, -2.155471515875755532E-15, 0.000000000000000000 ) ) ;
#3922 = DIRECTION ( 'NONE',  ( 1.000000000000000000, -1.840247310624834207E-15, 0.000000000000000000 ) ) ;
#3923 = ORIENTED_EDGE ( 'NONE', *, *, #1925, .T. ) ;
#3924 = AXIS2_PLACEMENT_3D ( 'NONE', #1512, #3050, #2661 ) ;
#3925 = STYLED_ITEM ( 'NONE', ( #4024 ), #4157 ) ;
#3926 = VERTEX_POINT ( 'NONE', #934 ) ;
#3927 = DIRECTION ( 'NONE',  ( -0.6183389601406238389, 0.7859115283364992433, -0.000000000000000000 ) ) ;
#3928 = ORIENTED_EDGE ( 'NONE', *, *, #2674, .F. ) ;
#3929 = FILL_AREA_STYLE_COLOUR ( '', #165 ) ;
#3930 = FACE_BOUND ( 'NONE', #3305, .T. ) ;
#3931 = VECTOR ( 'NONE', #617, 39.37007874015748143 ) ;
#3932 = VERTEX_POINT ( 'NONE', #648 ) ;
#3933 = PRESENTATION_STYLE_ASSIGNMENT (( #5139 ) ) ;
#3934 = ORIENTED_EDGE ( 'NONE', *, *, #4589, .T. ) ;
#3935 =( CONVERSION_BASED_UNIT ( 'INCH', #744 ) LENGTH_UNIT ( ) NAMED_UNIT ( #1447 ) );
#3936 = CIRCLE ( 'NONE', #3435, 0.1771653543307085410 ) ;
#3937 = CIRCLE ( 'NONE', #52, 0.07950000000000007061 ) ;
#3938 = CARTESIAN_POINT ( 'NONE',  ( -1.155621056974178051, 1.654484211748756151, 0.2858115069445019696 ) ) ;
#3939 = EDGE_CURVE ( 'NONE', #1537, #3298, #2171, .T. ) ;
#3940 = VERTEX_POINT ( 'NONE', #1034 ) ;
#3941 = FILL_AREA_STYLE_COLOUR ( '', #4380 ) ;
#3942 = DIRECTION ( 'NONE',  ( 1.000000000000000000, 0.000000000000000000, 0.000000000000000000 ) ) ;
#3943 = LINE ( 'NONE', #319, #717 ) ;
#3944 = ORIENTED_EDGE ( 'NONE', *, *, #5012, .T. ) ;
#3945 = DIRECTION ( 'NONE',  ( 0.000000000000000000, 0.000000000000000000, 1.000000000000000000 ) ) ;
#3946 = FACE_OUTER_BOUND ( 'NONE', #3555, .T. ) ;
#3947 = CARTESIAN_POINT ( 'NONE',  ( 1.999579292161837607, -2.345788493099401961, 0.3248031496062991907 ) ) ;
#3948 = CARTESIAN_POINT ( 'NONE',  ( 0.3438362936472177944, 0.2705232950615224508, 0.05905512000000000261 ) ) ;
#3949 = CARTESIAN_POINT ( 'NONE',  ( -0.6220707498115142231, 1.693916714071983964, 0.1499999999999999944 ) ) ;
#3950 = ORIENTED_EDGE ( 'NONE', *, *, #4791, .T. ) ;
#3951 = VERTEX_POINT ( 'NONE', #4151 ) ;
#3952 = EDGE_LOOP ( 'NONE', ( #1113, #827, #3489, #1318, #5019, #1859, #4003, #4387 ) ) ;
#3953 = FACE_OUTER_BOUND ( 'NONE', #362, .T. ) ;
#3954 = ORIENTED_EDGE ( 'NONE', *, *, #193, .F. ) ;
#3955 = DIRECTION ( 'NONE',  ( 0.6183389601406238389, -0.7859115283364992433, -0.000000000000000000 ) ) ;
#3956 = CARTESIAN_POINT ( 'NONE',  ( 3.092847217540596424E-16, 2.185864326882349121E-15, 0.05905511999999997486 ) ) ;
#3957 = ORIENTED_EDGE ( 'NONE', *, *, #1202, .F. ) ;
#3958 = DIRECTION ( 'NONE',  ( -0.000000000000000000, -0.000000000000000000, -1.000000000000000000 ) ) ;
#3959 = ORIENTED_EDGE ( 'NONE', *, *, #1894, .F. ) ;
#3960 = CIRCLE ( 'NONE', #4211, 1.830708659055118259 ) ;
#3961 = AXIS2_PLACEMENT_3D ( 'NONE', #1415, #255, #3482 ) ;
#3962 = EDGE_LOOP ( 'NONE', ( #3080, #4180, #2567, #2392, #1206, #320, #1802, #2863, #1340, #3102, #128, #1640, #480, #5189, #2571, #2680, #1963, #3464, #3071, #3813, #5155, #4107, #2437, #78, #3279, #4900, #4201, #1122, #3201, #4112, #4883, #38, #817, #3376, #3584, #4075, #3417, #1643, #390, #1064 ) ) ;
#3963 = FACE_OUTER_BOUND ( 'NONE', #2298, .T. ) ;
#3964 = CARTESIAN_POINT ( 'NONE',  ( 0.000000000000000000, 0.000000000000000000, 0.05905511999999997486 ) ) ;
#3965 = AXIS2_PLACEMENT_3D ( 'NONE', #355, #324, #5154 ) ;
#3966 = ADVANCED_FACE ( 'NONE', ( #239 ), #1337, .F. ) ;
#3967 = DIRECTION ( 'NONE',  ( -0.000000000000000000, -0.000000000000000000, 1.000000000000000000 ) ) ;
#3968 = VERTEX_POINT ( 'NONE', #1822 ) ;
#3969 = EDGE_CURVE ( 'NONE', #2975, #968, #2015, .T. ) ;
#3970 = DIRECTION ( 'NONE',  ( -0.000000000000000000, -0.000000000000000000, -1.000000000000000000 ) ) ;
#3971 = DIRECTION ( 'NONE',  ( 0.000000000000000000, 0.000000000000000000, 1.000000000000000000 ) ) ;
#3972 = CIRCLE ( 'NONE', #772, 0.3711251169736395905 ) ;
#3973 = EDGE_CURVE ( 'NONE', #2503, #1957, #2672, .T. ) ;
#3974 = DIRECTION ( 'NONE',  ( 0.000000000000000000, 0.000000000000000000, 1.000000000000000000 ) ) ;
#3975 = DIRECTION ( 'NONE',  ( 1.000000000000000000, 0.000000000000000000, 0.000000000000000000 ) ) ;
#3976 = VECTOR ( 'NONE', #1453, 39.37007874015748143 ) ;
#3977 = CARTESIAN_POINT ( 'NONE',  ( 1.541640378227878916, 1.902577949447445738, 0.3149606299212598381 ) ) ;
#3978 = EDGE_CURVE ( 'NONE', #292, #4581, #3936, .T. ) ;
#3979 = CARTESIAN_POINT ( 'NONE',  ( -1.753640049555585501, -0.4076481853862002347, 0.1893700799999999962 ) ) ;
#3980 =( NAMED_UNIT ( * ) SI_UNIT ( $, .STERADIAN. ) SOLID_ANGLE_UNIT ( ) );
#3981 = VERTEX_POINT ( 'NONE', #2598 ) ;
#3982 = VECTOR ( 'NONE', #4837, 39.37007874015748143 ) ;
#3983 = ORIENTED_EDGE ( 'NONE', *, *, #219, .F. ) ;
#3984 = DIRECTION ( 'NONE',  ( -1.000000000000000000, 0.000000000000000000, 0.000000000000000000 ) ) ;
#3985 = ORIENTED_EDGE ( 'NONE', *, *, #3493, .F. ) ;
#3986 =( CONVERSION_BASED_UNIT ( 'INCH', #2055 ) LENGTH_UNIT ( ) NAMED_UNIT ( #2168 ) );
#3987 = CARTESIAN_POINT ( 'NONE',  ( -1.989123946050303848, -0.9243519070213088717, 0.000000000000000000 ) ) ;
#3988 =( GEOMETRIC_REPRESENTATION_CONTEXT ( 3 ) GLOBAL_UNCERTAINTY_ASSIGNED_CONTEXT ( ( #4485 ) ) GLOBAL_UNIT_ASSIGNED_CONTEXT ( ( #3752, #475, #2091 ) ) REPRESENTATION_CONTEXT ( 'NONE', 'WORKASPACE' ) );
#3989 = VECTOR ( 'NONE', #3110, 39.37007874015748143 ) ;
#3990 = CARTESIAN_POINT ( 'NONE',  ( 0.2966057773643776541, 0.01505167804208845661, 0.05905512000000000261 ) ) ;
#3991 = ORIENTED_EDGE ( 'NONE', *, *, #2407, .F. ) ;
#3992 = CYLINDRICAL_SURFACE ( 'NONE', #5153, 1.708259842519683991 ) ;
#3993 = DIRECTION ( 'NONE',  ( -0.000000000000000000, -0.000000000000000000, -1.000000000000000000 ) ) ;
#3994 = VECTOR ( 'NONE', #4043, 39.37007874015748143 ) ;
#3995 = VERTEX_POINT ( 'NONE', #3817 ) ;
#3996 = DIRECTION ( 'NONE',  ( -1.000000000000000000, 0.000000000000000000, 0.000000000000000000 ) ) ;
#3997 = DIRECTION ( 'NONE',  ( -1.000000000000000000, 0.000000000000000000, 0.000000000000000000 ) ) ;
#3998 = EDGE_CURVE ( 'NONE', #1213, #2414, #1764, .T. ) ;
#3999 = CARTESIAN_POINT ( 'NONE',  ( 3.092847217540596424E-16, 2.185864326882349121E-15, 0.05905511999999999567 ) ) ;
#4000 = CARTESIAN_POINT ( 'NONE',  ( -1.309744436023323466, 1.535372805002193086, 0.4159585121328466251 ) ) ;
#4001 = CARTESIAN_POINT ( 'NONE',  ( -0.5242445186320716655, -1.712910268956149062, 0.1499999999999999944 ) ) ;
#4002 = DIRECTION ( 'NONE',  ( 0.6183389601406238389, -0.7859115283364992433, -0.000000000000000000 ) ) ;
#4003 = ORIENTED_EDGE ( 'NONE', *, *, #4547, .F. ) ;
#4004 = ORIENTED_EDGE ( 'NONE', *, *, #1919, .T. ) ;
#4005 = EDGE_CURVE ( 'NONE', #2744, #426, #2240, .T. ) ;
#4006 = CARTESIAN_POINT ( 'NONE',  ( -1.591427958270385412, -2.531765971032975404, 0.000000000000000000 ) ) ;
#4007 = AXIS2_PLACEMENT_3D ( 'NONE', #673, #3971, #1552 ) ;
#4008 = CIRCLE ( 'NONE', #3073, 0.1771653543307085410 ) ;
#4009 = APPLICATION_PROTOCOL_DEFINITION ( 'draft international standard', 'automotive_design', 1998, #1254 ) ;
#4010 = ORIENTED_EDGE ( 'NONE', *, *, #4198, .T. ) ;
#4011 = EDGE_LOOP ( 'NONE', ( #4817, #686, #3714, #2101 ) ) ;
#4012 = VERTEX_POINT ( 'NONE', #3064 ) ;
#4013 = FACE_OUTER_BOUND ( 'NONE', #4364, .T. ) ;
#4014 = EDGE_CURVE ( 'NONE', #1180, #49, #2484, .T. ) ;
#4015 = CARTESIAN_POINT ( 'NONE',  ( 1.718805732558587263, 1.902577949447445738, 0.3149606299212598381 ) ) ;
#4016 = EDGE_LOOP ( 'NONE', ( #283, #1724, #844, #3010 ) ) ;
#4017 = CARTESIAN_POINT ( 'NONE',  ( 1.718805732558587263, 1.902577949447445738, 0.3149606299212598381 ) ) ;
#4018 = DIRECTION ( 'NONE',  ( 1.000000000000000000, 0.000000000000000000, 0.000000000000000000 ) ) ;
#4019 = EDGE_CURVE ( 'NONE', #3981, #4750, #884, .T. ) ;
#4020 = ORIENTED_EDGE ( 'NONE', *, *, #1919, .F. ) ;
#4021 = AXIS2_PLACEMENT_3D ( 'NONE', #2981, #2195, #1709 ) ;
#4022 = CARTESIAN_POINT ( 'NONE',  ( 1.758540622567401845, -2.878982860660942222, 0.5905511792125984760 ) ) ;
#4023 = CARTESIAN_POINT ( 'NONE',  ( 2.611265971032962430, -1.511927958270452788, 0.5905511792125984760 ) ) ;
#4024 = PRESENTATION_STYLE_ASSIGNMENT (( #2004 ) ) ;
#4025 = COLOUR_RGB ( '',0.7921568627450980005, 0.8196078431372548767, 0.9333333333333333481 ) ;
#4026 = EDGE_LOOP ( 'NONE', ( #1940, #2668 ) ) ;
#4027 = FILL_AREA_STYLE_COLOUR ( '', #336 ) ;
#4028 = CARTESIAN_POINT ( 'NONE',  ( 2.960169275137722433, 0.01505167804208845661, 0.000000000000000000 ) ) ;
#4029 = DIRECTION ( 'NONE',  ( 0.000000000000000000, 0.000000000000000000, 1.000000000000000000 ) ) ;
#4030 = CARTESIAN_POINT ( 'NONE',  ( -1.151187609679799939, 1.657570032994571729, 0.3407226635894547440 ) ) ;
#4031 = EDGE_CURVE ( 'NONE', #4516, #3567, #4496, .T. ) ;
#4032 = ORIENTED_EDGE ( 'NONE', *, *, #4227, .F. ) ;
#4033 = CARTESIAN_POINT ( 'NONE',  ( 1.275636791373873091, -2.642985047371019913, 0.05905512000000000261 ) ) ;
#4034 =( NAMED_UNIT ( * ) PLANE_ANGLE_UNIT ( ) SI_UNIT ( $, .RADIAN. ) );
#4035 = VECTOR ( 'NONE', #2996, 39.37007874015748143 ) ;
#4036 = VERTEX_POINT ( 'NONE', #1116 ) ;
#4037 = LINE ( 'NONE', #4399, #3440 ) ;
#4038 = SURFACE_STYLE_USAGE ( .BOTH. , #327 ) ;
#4039 = ORIENTED_EDGE ( 'NONE', *, *, #2738, .T. ) ;
#4040 = VERTEX_POINT ( 'NONE', #4305 ) ;
#4041 = EDGE_CURVE ( 'NONE', #328, #1680, #1944, .T. ) ;
#4042 = CARTESIAN_POINT ( 'NONE',  ( 1.467074007654409984, -1.027904548523856487, 0.1499999999999999944 ) ) ;
#4043 = DIRECTION ( 'NONE',  ( -0.000000000000000000, -0.000000000000000000, 1.000000000000000000 ) ) ;
#4044 = CARTESIAN_POINT ( 'NONE',  ( 0.000000000000000000, 0.000000000000000000, 0.4921259842519685179 ) ) ;
#4045 = ADVANCED_FACE ( 'NONE', ( #2395, #3571, #3539, #4755, #1920, #2371, #2726, #266, #1896, #1499, #1168, #3090, #5069 ), #2699, .T. ) ;
#4046 = CARTESIAN_POINT ( 'NONE',  ( 1.734196568239548375, -2.848041460917411616, 0.5905511792125984760 ) ) ;
#4047 = EDGE_LOOP ( 'NONE', ( #3007, #666 ) ) ;
#4048 = FILL_AREA_STYLE ('',( #421 ) ) ;
#4049 = CIRCLE ( 'NONE', #1267, 0.1209999999999999687 ) ;
#4050 = CARTESIAN_POINT ( 'NONE',  ( 1.902577949447427752, -1.718805732558607247, 0.05905512000000000261 ) ) ;
#4051 = CARTESIAN_POINT ( 'NONE',  ( -1.338323424889193980, 1.510528388502143882, 0.2929285725733722923 ) ) ;
#4052 = VECTOR ( 'NONE', #3054, 39.37007874015748143 ) ;
#4053 = EDGE_LOOP ( 'NONE', ( #3025, #690 ) ) ;
#4054 = CARTESIAN_POINT ( 'NONE',  ( 1.902577949447427752, -1.718805732558607247, 0.000000000000000000 ) ) ;
#4055 =( NAMED_UNIT ( * ) SI_UNIT ( $, .STERADIAN. ) SOLID_ANGLE_UNIT ( ) );
#4056 = COLOUR_RGB ( '',0.7921568627450980005, 0.8196078431372548767, 0.9333333333333333481 ) ;
#4057 = CARTESIAN_POINT ( 'NONE',  ( -2.611265971032929123, 1.511927958270396388, 0.000000000000000000 ) ) ;
#4058 = ORIENTED_EDGE ( 'NONE', *, *, #3653, .T. ) ;
#4059 = STYLED_ITEM ( 'NONE', ( #1624 ), #3194 ) ;
#4060 = DIRECTION ( 'NONE',  ( 0.000000000000000000, 0.000000000000000000, -1.000000000000000000 ) ) ;
#4061 = CIRCLE ( 'NONE', #1710, 0.03937008000000002950 ) ;
#4062 = CARTESIAN_POINT ( 'NONE',  ( 3.092847217540596424E-16, 2.185864326882349121E-15, 0.1499999999999999944 ) ) ;
#4063 = VERTEX_POINT ( 'NONE', #1139 ) ;
#4064 = VECTOR ( 'NONE', #5084, 39.37007874015748143 ) ;
#4065 = CYLINDRICAL_SURFACE ( 'NONE', #3730, 0.1267401574803148911 ) ;
#4066 = AXIS2_PLACEMENT_3D ( 'NONE', #2910, #2204, #916 ) ;
#4067 = ORIENTED_EDGE ( 'NONE', *, *, #1755, .F. ) ;
#4068 = LINE ( 'NONE', #1676, #929 ) ;
#4069 = DIRECTION ( 'NONE',  ( -0.000000000000000000, -0.000000000000000000, -1.000000000000000000 ) ) ;
#4070 = AXIS2_PLACEMENT_3D ( 'NONE', #3652, #2796, #3569 ) ;
#4071 = EDGE_CURVE ( 'NONE', #2408, #1056, #1398, .T. ) ;
#4072 = DIRECTION ( 'NONE',  ( 0.6183389601406238389, -0.7859115283364992433, -0.000000000000000000 ) ) ;
#4073 =( LENGTH_UNIT ( ) NAMED_UNIT ( * ) SI_UNIT ( $, .METRE. ) );
#4074 = UNCERTAINTY_MEASURE_WITH_UNIT (LENGTH_MEASURE( 1.000000000000000082E-05 ), #1854, 'distance_accuracy_value', 'NONE');
#4075 = ORIENTED_EDGE ( 'NONE', *, *, #1360, .T. ) ;
#4076 = DIRECTION ( 'NONE',  ( 0.000000000000000000, 0.000000000000000000, 1.000000000000000000 ) ) ;
#4077 = CARTESIAN_POINT ( 'NONE',  ( -1.294895273565698890, 1.547920677527255595, 0.2197359337328733120 ) ) ;
#4078 = ORIENTED_EDGE ( 'NONE', *, *, #4113, .F. ) ;
#4079 = CARTESIAN_POINT ( 'NONE',  ( -1.776177625312218344, -0.2947212404431331367, 0.1893700799999999962 ) ) ;
#4080 = VECTOR ( 'NONE', #1993, 39.37007874015748143 ) ;
#4081 = CARTESIAN_POINT ( 'NONE',  ( 2.642985047371060769, 1.275636791373784718, 0.05905512000000000261 ) ) ;
#4082 = CARTESIAN_POINT ( 'NONE',  ( 1.340726495562512444, -1.508383701063666260, 0.3168064685370967637 ) ) ;
#4083 = ORIENTED_EDGE ( 'NONE', *, *, #4934, .T. ) ;
#4084 = VERTEX_POINT ( 'NONE', #1060 ) ;
#4085 = LINE ( 'NONE', #1260, #3084 ) ;
#4086 = EDGE_CURVE ( 'NONE', #3510, #4695, #3154, .T. ) ;
#4087 = VERTEX_POINT ( 'NONE', #2673 ) ;
#4088 = DIRECTION ( 'NONE',  ( -1.000000000000000000, 0.000000000000000000, 0.000000000000000000 ) ) ;
#4089 = ORIENTED_EDGE ( 'NONE', *, *, #3239, .T. ) ;
#4090 = DIRECTION ( 'NONE',  ( -0.6415826839548748328, 0.7670538831459360329, 0.000000000000000000 ) ) ;
#4091 = CYLINDRICAL_SURFACE ( 'NONE', #4831, 0.1267401574803148911 ) ;
#4092 = AXIS2_PLACEMENT_3D ( 'NONE', #4017, #4872, #367 ) ;
#4093 = DIRECTION ( 'NONE',  ( 0.7859115283364984661, 0.6183389601406248381, 0.000000000000000000 ) ) ;
#4094 = ORIENTED_EDGE ( 'NONE', *, *, #3236, .F. ) ;
#4095 = CARTESIAN_POINT ( 'NONE',  ( 1.902577949447427752, -1.718805732558607247, 0.3149606299212598381 ) ) ;
#4096 = DIRECTION ( 'NONE',  ( -0.000000000000000000, -0.000000000000000000, -1.000000000000000000 ) ) ;
#4097 = AXIS2_PLACEMENT_3D ( 'NONE', #2951, #1004, #1765 ) ;
#4098 = ORIENTED_EDGE ( 'NONE', *, *, #1408, .T. ) ;
#4099 = VECTOR ( 'NONE', #721, 39.37007874015748143 ) ;
#4100 = DIRECTION ( 'NONE',  ( -0.7859115283364993543, -0.6183389601406237279, 0.000000000000000000 ) ) ;
#4101 = EDGE_LOOP ( 'NONE', ( #3928, #57, #5011, #2450 ) ) ;
#4102 = EDGE_CURVE ( 'NONE', #3177, #2620, #1304, .T. ) ;
#4103 = DIRECTION ( 'NONE',  ( 0.000000000000000000, 0.000000000000000000, 1.000000000000000000 ) ) ;
#4104 = PRODUCT_RELATED_PRODUCT_CATEGORY ( 'part', '', ( #4437 ) ) ;
#4105 =( LENGTH_UNIT ( ) NAMED_UNIT ( * ) SI_UNIT ( $, .METRE. ) );
#4106 = EDGE_CURVE ( 'NONE', #611, #2876, #1985, .T. ) ;
#4107 = ORIENTED_EDGE ( 'NONE', *, *, #4295, .T. ) ;
#4108 = CIRCLE ( 'NONE', #1583, 0.03937008000000002950 ) ;
#4109 = DIRECTION ( 'NONE',  ( 1.000000000000000000, 0.000000000000000000, 0.000000000000000000 ) ) ;
#4110 = CARTESIAN_POINT ( 'NONE',  ( 1.292040680039471479, 1.303017989562359480, 0.1499999999999999944 ) ) ;
#4111 = CARTESIAN_POINT ( 'NONE',  ( 0.9243519070213513933, -1.989123946050391556, 0.000000000000000000 ) ) ;
#4112 = ORIENTED_EDGE ( 'NONE', *, *, #4102, .T. ) ;
#4113 = EDGE_CURVE ( 'NONE', #4486, #4788, #2810, .T. ) ;
#4114 = LINE ( 'NONE', #1319, #4651 ) ;
#4115 = CYLINDRICAL_SURFACE ( 'NONE', #4966, 0.2952755905511810774 ) ;
#4116 = CARTESIAN_POINT ( 'NONE',  ( 2.387235954880960964, -2.262975920977241984, 0.05905512000000000955 ) ) ;
#4117 = CARTESIAN_POINT ( 'NONE',  ( -1.904483997233121562, 2.420607507276417714, 0.3248031496062991907 ) ) ;
#4118 = SURFACE_STYLE_USAGE ( .BOTH. , #2849 ) ;
#4119 = ORIENTED_EDGE ( 'NONE', *, *, #456, .F. ) ;
#4120 =( LENGTH_UNIT ( ) NAMED_UNIT ( * ) SI_UNIT ( $, .METRE. ) );
#4121 = CARTESIAN_POINT ( 'NONE',  ( -1.223053133238211521, 1.605294293983833720, 0.2076837927465257638 ) ) ;
#4122 = ORIENTED_EDGE ( 'NONE', *, *, #2770, .F. ) ;
#4123 = DIRECTION ( 'NONE',  ( 1.000000000000000000, 0.000000000000000000, 0.000000000000000000 ) ) ;
#4124 = EDGE_CURVE ( 'NONE', #2247, #4672, #1087, .T. ) ;
#4125 = LINE ( 'NONE', #4881, #3161 ) ;
#4126 =( NAMED_UNIT ( * ) SI_UNIT ( $, .STERADIAN. ) SOLID_ANGLE_UNIT ( ) );
#4127 = EDGE_CURVE ( 'NONE', #4377, #3932, #1972, .T. ) ;
#4128 = EDGE_LOOP ( 'NONE', ( #383, #2591, #2566, #4963 ) ) ;
#4129 = VERTEX_POINT ( 'NONE', #291 ) ;
#4130 = DIRECTION ( 'NONE',  ( -0.6183389601406237279, 0.7859115283364991322, 0.000000000000000000 ) ) ;
#4131 = AXIS2_PLACEMENT_3D ( 'NONE', #2132, #2181, #4943 ) ;
#4132 = DIRECTION ( 'NONE',  ( -0.000000000000000000, -0.000000000000000000, 1.000000000000000000 ) ) ;
#4133 = EDGE_CURVE ( 'NONE', #439, #2857, #2645, .T. ) ;
#4134 = LINE ( 'NONE', #514, #2300 ) ;
#4135 = DIRECTION ( 'NONE',  ( 1.000000000000000000, 0.000000000000000000, 0.000000000000000000 ) ) ;
#4136 = VERTEX_POINT ( 'NONE', #2874 ) ;
#4137 =( NAMED_UNIT ( * ) PLANE_ANGLE_UNIT ( ) SI_UNIT ( $, .RADIAN. ) );
#4138 = FACE_BOUND ( 'NONE', #3787, .T. ) ;
#4139 = VECTOR ( 'NONE', #2633, 39.37007874015748143 ) ;
#4140 = CARTESIAN_POINT ( 'NONE',  ( 1.223053133238214185, -1.605294293983837273, 0.4419225064660725066 ) ) ;
#4141 = CYLINDRICAL_SURFACE ( 'NONE', #489, 1.830708659055118259 ) ;
#4142 = DIRECTION ( 'NONE',  ( -0.000000000000000000, -0.000000000000000000, -1.000000000000000000 ) ) ;
#4143 = ORIENTED_EDGE ( 'NONE', *, *, #1556, .F. ) ;
#4144 = ORIENTED_EDGE ( 'NONE', *, *, #3658, .F. ) ;
#4145 = DIRECTION ( 'NONE',  ( 0.000000000000000000, 0.000000000000000000, -1.000000000000000000 ) ) ;
#4146 = VERTEX_POINT ( 'NONE', #1278 ) ;
#4147 = DIRECTION ( 'NONE',  ( -0.000000000000000000, -0.000000000000000000, -1.000000000000000000 ) ) ;
#4148 = LINE ( 'NONE', #4199, #3931 ) ;
#4149 = EDGE_LOOP ( 'NONE', ( #4756, #3508, #3218, #3836 ) ) ;
#4150 = DIRECTION ( 'NONE',  ( 0.000000000000000000, 0.000000000000000000, -1.000000000000000000 ) ) ;
#4151 = CARTESIAN_POINT ( 'NONE',  ( 2.611265971032962430, -1.511927958270452788, 0.05905512000000000261 ) ) ;
#4152 = FILL_AREA_STYLE_COLOUR ( '', #5184 ) ;
#4153 = CIRCLE ( 'NONE', #4580, 0.1771653543307085410 ) ;
#4154 = ORIENTED_EDGE ( 'NONE', *, *, #2837, .F. ) ;
#4155 = DIRECTION ( 'NONE',  ( 1.000000000000000000, 0.000000000000000000, 0.000000000000000000 ) ) ;
#4156 = FACE_OUTER_BOUND ( 'NONE', #2455, .T. ) ;
#4157 = ADVANCED_FACE ( 'NONE', ( #2448 ), #3679, .F. ) ;
#4158 = CIRCLE ( 'NONE', #276, 0.3711251169736392019 ) ;
#4159 = CARTESIAN_POINT ( 'NONE',  ( 1.511927958270429029, 2.531765971032936324, 0.5905511792125984760 ) ) ;
#4160 = ORIENTED_EDGE ( 'NONE', *, *, #2770, .T. ) ;
#4161 = DIRECTION ( 'NONE',  ( -1.000000000000000000, 0.000000000000000000, 0.000000000000000000 ) ) ;
#4162 = FILL_AREA_STYLE_COLOUR ( '', #1100 ) ;
#4163 = AXIS2_PLACEMENT_3D ( 'NONE', #746, #4386, #341 ) ;
#4164 = CARTESIAN_POINT ( 'NONE',  ( 1.638506277379085496, -0.8261490053189098903, 0.05905511999999999567 ) ) ;
#4165 = ADVANCED_FACE ( 'NONE', ( #903 ), #2853, .T. ) ;
#4166 = CARTESIAN_POINT ( 'NONE',  ( 1.150535905705080131, -1.658021729417696877, 0.3248031496062991907 ) ) ;
#4167 = DIRECTION ( 'NONE',  ( -0.7859115283364993543, -0.6183389601406237279, 0.000000000000000000 ) ) ;
#4168 = EDGE_CURVE ( 'NONE', #2933, #1791, #4905, .T. ) ;
#4169 = DIRECTION ( 'NONE',  ( 1.000000000000000000, 0.000000000000000000, 0.000000000000000000 ) ) ;
#4170 = EDGE_LOOP ( 'NONE', ( #3187, #3316 ) ) ;
#4171 = LENGTH_MEASURE_WITH_UNIT ( LENGTH_MEASURE( 0.02539999999999999897 ), #4120 );
#4172 = CARTESIAN_POINT ( 'NONE',  ( 1.034602218854114537E-15, -1.950194386052183703E-15, 0.05905511999999997486 ) ) ;
#4173 = DIRECTION ( 'NONE',  ( -0.000000000000000000, -0.000000000000000000, -1.000000000000000000 ) ) ;
#4174 = CIRCLE ( 'NONE', #1911, 0.03937008000000002950 ) ;
#4175 = ORIENTED_EDGE ( 'NONE', *, *, #3794, .F. ) ;
#4176 = DIRECTION ( 'NONE',  ( 0.6415826839548746108, -0.7670538831459361440, 0.000000000000000000 ) ) ;
#4177 = EDGE_LOOP ( 'NONE', ( #83, #189, #1613, #494, #2524 ) ) ;
#4178 =( NAMED_UNIT ( * ) SI_UNIT ( $, .STERADIAN. ) SOLID_ANGLE_UNIT ( ) );
#4179 = CARTESIAN_POINT ( 'NONE',  ( 1.199637426524395645, -1.622862283618531132, 0.2198160053456531260 ) ) ;
#4180 = ORIENTED_EDGE ( 'NONE', *, *, #259, .T. ) ;
#4181 = DIRECTION ( 'NONE',  ( -0.000000000000000000, -0.000000000000000000, 1.000000000000000000 ) ) ;
#4182 = FACE_BOUND ( 'NONE', #2053, .T. ) ;
#4183 = DIRECTION ( 'NONE',  ( -0.000000000000000000, -0.000000000000000000, -1.000000000000000000 ) ) ;
#4184 = ORIENTED_EDGE ( 'NONE', *, *, #484, .F. ) ;
#4185 = VECTOR ( 'NONE', #99, 39.37007874015748143 ) ;
#4186 = DIRECTION ( 'NONE',  ( -1.000000000000000000, 0.000000000000000000, 0.000000000000000000 ) ) ;
#4187 = CIRCLE ( 'NONE', #2511, 0.1771653543307085410 ) ;
#4188 = CARTESIAN_POINT ( 'NONE',  ( -1.099994349197482402, 2.316054496710660882, 0.5905511792125984760 ) ) ;
#4189 = LINE ( 'NONE', #1019, #419 ) ;
#4190 = DIRECTION ( 'NONE',  ( -1.000000000000000000, 0.000000000000000000, 0.000000000000000000 ) ) ;
#4191 = CARTESIAN_POINT ( 'NONE',  ( 1.618079363792127134, -2.818566864998960586, 0.05905512000000000955 ) ) ;
#4192 = EDGE_CURVE ( 'NONE', #3177, #4236, #3329, .T. ) ;
#4193 = CARTESIAN_POINT ( 'NONE',  ( 0.04868810709768692235, -0.06188279750681099228, 0.4921259842519685179 ) ) ;
#4194 = ORIENTED_EDGE ( 'NONE', *, *, #3998, .F. ) ;
#4195 = EDGE_LOOP ( 'NONE', ( #4144, #139, #1667, #2480 ) ) ;
#4196 = LINE ( 'NONE', #3628, #4491 ) ;
#4197 = ORIENTED_EDGE ( 'NONE', *, *, #2830, .F. ) ;
#4198 = EDGE_CURVE ( 'NONE', #1991, #2577, #3168, .T. ) ;
#4199 = CARTESIAN_POINT ( 'NONE',  ( -2.356294555137430802, 2.287319975305095454, 9.020562075079396891E-17 ) ) ;
#4200 = DIMENSIONAL_EXPONENTS ( 1.000000000000000000, 0.000000000000000000, 0.000000000000000000, 0.000000000000000000, 0.000000000000000000, 0.000000000000000000, 0.000000000000000000 ) ;
#4201 = ORIENTED_EDGE ( 'NONE', *, *, #424, .T. ) ;
#4202 = FACE_OUTER_BOUND ( 'NONE', #2601, .T. ) ;
#4203 = EDGE_LOOP ( 'NONE', ( #65, #2737 ) ) ;
#4204 = EDGE_CURVE ( 'NONE', #205, #1030, #3678, .T. ) ;
#4205 = DIRECTION ( 'NONE',  ( 0.000000000000000000, -0.000000000000000000, -1.000000000000000000 ) ) ;
#4206 = EDGE_LOOP ( 'NONE', ( #915, #1358, #2022, #3115 ) ) ;
#4207 = CYLINDRICAL_SURFACE ( 'NONE', #2611, 0.3711251169736387578 ) ;
#4208 = LINE ( 'NONE', #2678, #1455 ) ;
#4209 = DIRECTION ( 'NONE',  ( 1.000000000000000000, 0.000000000000000000, 0.000000000000000000 ) ) ;
#4210 = ORIENTED_EDGE ( 'NONE', *, *, #3873, .F. ) ;
#4211 = AXIS2_PLACEMENT_3D ( 'NONE', #732, #3605, #2711 ) ;
#4212 = AXIS2_PLACEMENT_3D ( 'NONE', #2616, #3877, #1487 ) ;
#4213 = DIRECTION ( 'NONE',  ( 0.000000000000000000, 0.000000000000000000, 1.000000000000000000 ) ) ;
#4214 = DIRECTION ( 'NONE',  ( 0.7859115283364989102, 0.6183389601406241720, 0.000000000000000000 ) ) ;
#4215 = CARTESIAN_POINT ( 'NONE',  ( 1.638506277379085496, -0.8261490053189098903, 0.1499999999999999944 ) ) ;
#4216 = CARTESIAN_POINT ( 'NONE',  ( -2.044386186832451546, 0.8598843766371754294, 0.5905511792125984760 ) ) ;
#4217 = ORIENTED_EDGE ( 'NONE', *, *, #4385, .T. ) ;
#4218 = FACE_BOUND ( 'NONE', #5122, .T. ) ;
#4219 = CYLINDRICAL_SURFACE ( 'NONE', #2604, 2.018110236220472586 ) ;
#4220 = CIRCLE ( 'NONE', #1956, 0.03937008000000002950 ) ;
#4221 = EDGE_CURVE ( 'NONE', #2909, #1367, #3420, .T. ) ;
#4222 = EDGE_LOOP ( 'NONE', ( #5118, #1002, #1928, #368 ) ) ;
#4223 = CARTESIAN_POINT ( 'NONE',  ( -2.504774609769200300, -2.070894529969006914, 0.5905511792125984760 ) ) ;
#4224 = ORIENTED_EDGE ( 'NONE', *, *, #428, .F. ) ;
#4225 = CIRCLE ( 'NONE', #2624, 2.663563497773345112 ) ;
#4226 = CARTESIAN_POINT ( 'NONE',  ( 1.718805732558587263, 1.902577949447445738, 0.5905511792125984760 ) ) ;
#4227 = EDGE_CURVE ( 'NONE', #1030, #2909, #134, .T. ) ;
#4228 = EDGE_LOOP ( 'NONE', ( #5127, #4698, #3564, #3608 ) ) ;
#4229 = DIRECTION ( 'NONE',  ( -1.000000000000000000, 0.000000000000000000, 0.000000000000000000 ) ) ;
#4230 = CIRCLE ( 'NONE', #1280, 0.1405570000000000153 ) ;
#4231 = ORIENTED_EDGE ( 'NONE', *, *, #578, .F. ) ;
#4232 = DIRECTION ( 'NONE',  ( 0.000000000000000000, 0.000000000000000000, -1.000000000000000000 ) ) ;
#4233 = CIRCLE ( 'NONE', #694, 2.663563497773345112 ) ;
#4234 = DIRECTION ( 'NONE',  ( -0.7859115283364993543, -0.6183389601406237279, 0.000000000000000000 ) ) ;
#4235 = EDGE_CURVE ( 'NONE', #4986, #1033, #1570, .T. ) ;
#4236 = VERTEX_POINT ( 'NONE', #3835 ) ;
#4237 = FACE_BOUND ( 'NONE', #331, .T. ) ;
#4238 = LINE ( 'NONE', #3795, #3467 ) ;
#4239 = DIRECTION ( 'NONE',  ( 0.000000000000000000, 0.000000000000000000, 1.000000000000000000 ) ) ;
#4240 = CARTESIAN_POINT ( 'NONE',  ( -0.8399812222671370066, 1.631458410820978866, 0.1893700799999999962 ) ) ;
#4241 = VECTOR ( 'NONE', #1107, 39.37007874015748143 ) ;
#4242 = DIRECTION ( 'NONE',  ( -0.000000000000000000, -0.000000000000000000, -1.000000000000000000 ) ) ;
#4243 = ORIENTED_EDGE ( 'NONE', *, *, #3814, .F. ) ;
#4244 = CARTESIAN_POINT ( 'NONE',  ( -2.415511303806090471, 0.8598843766371754294, 0.000000000000000000 ) ) ;
#4245 = DIRECTION ( 'NONE',  ( -1.000000000000000000, 0.000000000000000000, 0.000000000000000000 ) ) ;
#4246 = DIRECTION ( 'NONE',  ( -0.000000000000000000, -0.000000000000000000, -1.000000000000000000 ) ) ;
#4247 = EDGE_CURVE ( 'NONE', #2040, #1078, #4148, .T. ) ;
#4248 = ADVANCED_FACE ( 'NONE', ( #1818 ), #3355, .T. ) ;
#4249 = EDGE_LOOP ( 'NONE', ( #762, #5091 ) ) ;
#4250 = FACE_OUTER_BOUND ( 'NONE', #373, .T. ) ;
#4251 = ORIENTED_EDGE ( 'NONE', *, *, #2059, .T. ) ;
#4252 = CIRCLE ( 'NONE', #639, 0.1771653543307085410 ) ;
#4253 = CYLINDRICAL_SURFACE ( 'NONE', #2098, 0.03937008000000002950 ) ;
#4254 = ORIENTED_EDGE ( 'NONE', *, *, #1408, .F. ) ;
#4255 = EDGE_CURVE ( 'NONE', #1302, #4979, #561, .T. ) ;
#4256 = ORIENTED_EDGE ( 'NONE', *, *, #2530, .T. ) ;
#4257 = FILL_AREA_STYLE_COLOUR ( '', #4557 ) ;
#4258 = CARTESIAN_POINT ( 'NONE',  ( 3.687994791446755246E-15, 0.000000000000000000, 0.5905511792125981430 ) ) ;
#4259 = ADVANCED_FACE ( 'NONE', ( #3810 ), #3436, .F. ) ;
#4260 = CARTESIAN_POINT ( 'NONE',  ( -2.018110236220468590, 2.471472241113910741E-16, 0.5905511792125981430 ) ) ;
#4261 = ORIENTED_EDGE ( 'NONE', *, *, #2023, .F. ) ;
#4262 = EDGE_CURVE ( 'NONE', #1033, #4986, #1754, .T. ) ;
#4263 = ORIENTED_EDGE ( 'NONE', *, *, #656, .T. ) ;
#4264 = CARTESIAN_POINT ( 'NONE',  ( 1.902577949447427752, -1.718805732558607247, 0.000000000000000000 ) ) ;
#4265 =( CONVERSION_BASED_UNIT ( 'INCH', #1454 ) LENGTH_UNIT ( ) NAMED_UNIT ( #634 ) );
#4266 = SURFACE_STYLE_FILL_AREA ( #202 ) ;
#4267 = CIRCLE ( 'NONE', #901, 1.921313263826067486 ) ;
#4268 = EDGE_CURVE ( 'NONE', #3880, #1049, #4350, .T. ) ;
#4269 = FACE_OUTER_BOUND ( 'NONE', #2861, .T. ) ;
#4270 = ORIENTED_EDGE ( 'NONE', *, *, #625, .F. ) ;
#4271 = CARTESIAN_POINT ( 'NONE',  ( 0.000000000000000000, 0.000000000000000000, 0.5905511792125984760 ) ) ;
#4272 = DIRECTION ( 'NONE',  ( -0.6183389601406237279, 0.7859115283364993543, 0.000000000000000000 ) ) ;
#4273 = CIRCLE ( 'NONE', #599, 0.1267401574803148911 ) ;
#4274 = AXIS2_PLACEMENT_3D ( 'NONE', #1491, #3857, #1543 ) ;
#4275 = ORIENTED_EDGE ( 'NONE', *, *, #1941, .F. ) ;
#4276 = CYLINDRICAL_SURFACE ( 'NONE', #849, 0.1267401574803148911 ) ;
#4277 = CARTESIAN_POINT ( 'NONE',  ( 3.092847217540596424E-16, 2.185864326882349121E-15, 0.05905511999999999567 ) ) ;
#4278 = VERTEX_POINT ( 'NONE', #2922 ) ;
#4279 = EDGE_LOOP ( 'NONE', ( #1623, #3934 ) ) ;
#4280 = DIRECTION ( 'NONE',  ( 0.2715687108961418184, 0.9624190538752895874, -0.000000000000000000 ) ) ;
#4281 = CIRCLE ( 'NONE', #2449, 1.708259842519683991 ) ;
#4282 = EDGE_CURVE ( 'NONE', #4036, #2975, #5023, .T. ) ;
#4283 = LINE ( 'NONE', #2297, #463 ) ;
#4284 = VERTEX_POINT ( 'NONE', #534 ) ;
#4285 = CARTESIAN_POINT ( 'NONE',  ( 1.183406290588388421, 1.378432099769073327, 0.05905511999999997486 ) ) ;
#4286 = CYLINDRICAL_SURFACE ( 'NONE', #943, 0.03937008000000002950 ) ;
#4287 = ORIENTED_EDGE ( 'NONE', *, *, #1941, .T. ) ;
#4288 = EDGE_LOOP ( 'NONE', ( #4020, #4839 ) ) ;
#4289 = CARTESIAN_POINT ( 'NONE',  ( 2.014081323109768284, 1.902577949447445738, 0.3149606299212598381 ) ) ;
#4290 = VECTOR ( 'NONE', #1509, 39.37007874015748143 ) ;
#4291 = AXIS2_PLACEMENT_3D ( 'NONE', #3560, #1650, #4845 ) ;
#4292 = CYLINDRICAL_SURFACE ( 'NONE', #1997, 1.921313263826067486 ) ;
#4293 = ORIENTED_EDGE ( 'NONE', *, *, #3167, .T. ) ;
#4294 = CARTESIAN_POINT ( 'NONE',  ( -1.511927958270385286, -2.531765971032975404, 0.000000000000000000 ) ) ;
#4295 = EDGE_CURVE ( 'NONE', #4764, #4478, #3426, .T. ) ;
#4296 = EDGE_LOOP ( 'NONE', ( #4098, #1256, #2080, #3481 ) ) ;
#4297 = DIRECTION ( 'NONE',  ( -1.000000000000000000, 0.000000000000000000, 0.000000000000000000 ) ) ;
#4298 = CARTESIAN_POINT ( 'NONE',  ( 1.441263592425037654, -0.9170119665061341463, 0.4355440091145874049 ) ) ;
#4299 = STYLED_ITEM ( 'NONE', ( #2608 ), #3264 ) ;
#4300 = ADVANCED_FACE ( 'NONE', ( #982, #2593 ), #2570, .T. ) ;
#4301 = EDGE_LOOP ( 'NONE', ( #1986, #1183, #4832, #3944 ) ) ;
#4302 = CARTESIAN_POINT ( 'NONE',  ( -3.250000000000000000, 0.000000000000000000, 0.05905512000000000955 ) ) ;
#4303 = ORIENTED_EDGE ( 'NONE', *, *, #3554, .T. ) ;
#4304 = PRESENTATION_LAYER_ASSIGNMENT (  '', '', ( #4059 ) ) ;
#4305 = CARTESIAN_POINT ( 'NONE',  ( -1.745848516031270004, -0.06836155321788989214, 0.1893700799999999962 ) ) ;
#4306 = ORIENTED_EDGE ( 'NONE', *, *, #1075, .T. ) ;
#4307 = CARTESIAN_POINT ( 'NONE',  ( -1.633536513739711982, -1.185043199135350944, 0.4921259842519685179 ) ) ;
#4308 = DIRECTION ( 'NONE',  ( 1.000000000000000000, 0.000000000000000000, 0.000000000000000000 ) ) ;
#4309 = ORIENTED_EDGE ( 'NONE', *, *, #4227, .T. ) ;
#4310 = CARTESIAN_POINT ( 'NONE',  ( -1.155612294629143388, 1.654490374417090237, 0.3637745031920571193 ) ) ;
#4311 = AXIS2_PLACEMENT_3D ( 'NONE', #1675, #1989, #4427 ) ;
#4312 = CARTESIAN_POINT ( 'NONE',  ( 2.531765971032962526, -1.511927958270452788, 0.5905511792125984760 ) ) ;
#4313 = AXIS2_PLACEMENT_3D ( 'NONE', #461, #4060, #3636 ) ;
#4314 = AXIS2_PLACEMENT_3D ( 'NONE', #3146, #2034, #799 ) ;
#4315 = ADVANCED_FACE ( 'NONE', ( #1417 ), #2138, .F. ) ;
#4316 = CARTESIAN_POINT ( 'NONE',  ( -0.6045125617098958681, 1.639275725929560945, 0.1893700799999999962 ) ) ;
#4317 = CARTESIAN_POINT ( 'NONE',  ( 1.150535905705080131, -1.658021729417696877, 0.3248031496062991907 ) ) ;
#4318 = CARTESIAN_POINT ( 'NONE',  ( 2.452265971032962177, -1.511927958270452788, 0.05905512000000000261 ) ) ;
#4319 = ORIENTED_EDGE ( 'NONE', *, *, #2178, .F. ) ;
#4320 = DIRECTION ( 'NONE',  ( 1.000000000000000000, 0.000000000000000000, 0.000000000000000000 ) ) ;
#4321 = ORIENTED_EDGE ( 'NONE', *, *, #1305, .F. ) ;
#4322 = EDGE_CURVE ( 'NONE', #4468, #2573, #3853, .T. ) ;
#4323 = DIRECTION ( 'NONE',  ( 0.000000000000000000, 0.000000000000000000, -1.000000000000000000 ) ) ;
#4324 = CARTESIAN_POINT ( 'NONE',  ( 1.034602218854114537E-15, -1.950194386052183703E-15, 0.4318889433028857971 ) ) ;
#4325 = VECTOR ( 'NONE', #1965, 39.37007874015748143 ) ;
#4326 = FACE_OUTER_BOUND ( 'NONE', #3386, .T. ) ;
#4327 = EDGE_LOOP ( 'NONE', ( #2736, #2998, #3198, #956 ) ) ;
#4328 = VERTEX_POINT ( 'NONE', #3004 ) ;
#4329 = DIRECTION ( 'NONE',  ( -0.000000000000000000, -0.000000000000000000, -1.000000000000000000 ) ) ;
#4330 = DIRECTION ( 'NONE',  ( -0.000000000000000000, -0.000000000000000000, 1.000000000000000000 ) ) ;
#4331 = CIRCLE ( 'NONE', #2090, 2.663563497773344668 ) ;
#4332 = ORIENTED_EDGE ( 'NONE', *, *, #1634, .F. ) ;
#4333 = CIRCLE ( 'NONE', #4007, 2.663563497773344668 ) ;
#4334 = CARTESIAN_POINT ( 'NONE',  ( -1.718805732558587263, -1.902577949447445738, 0.3149606299212598381 ) ) ;
#4335 = CARTESIAN_POINT ( 'NONE',  ( -0.3143881098391095308, -1.813606154621390409, 0.1499999999999999944 ) ) ;
#4336 = ORIENTED_EDGE ( 'NONE', *, *, #155, .T. ) ;
#4337 = CARTESIAN_POINT ( 'NONE',  ( -1.318225162774573800, 1.528097692643472394, 0.4047990215361800814 ) ) ;
#4338 = CIRCLE ( 'NONE', #209, 0.03499999999999976047 ) ;
#4339 = DIRECTION ( 'NONE',  ( 1.000000000000000000, 8.881784197001252323E-16, 0.000000000000000000 ) ) ;
#4340 = CARTESIAN_POINT ( 'NONE',  ( 1.895971086889295831, 1.902577949447445738, 0.5905511792125984760 ) ) ;
#4341 = AXIS2_PLACEMENT_3D ( 'NONE', #106, #2237, #4984 ) ;
#4342 = CARTESIAN_POINT ( 'NONE',  ( 1.638506277379085496, -0.8261490053189098903, 0.1499999999999999944 ) ) ;
#4343 = VERTEX_POINT ( 'NONE', #3881 ) ;
#4344 = EDGE_LOOP ( 'NONE', ( #3330, #2147, #3249, #3101 ) ) ;
#4345 = CARTESIAN_POINT ( 'NONE',  ( -2.071435516471090033, 2.632803619927272187, 0.3248031496062991907 ) ) ;
#4346 = ORIENTED_EDGE ( 'NONE', *, *, #1672, .T. ) ;
#4347 = LINE ( 'NONE', #4375, #2457 ) ;
#4348 = CARTESIAN_POINT ( 'NONE',  ( 2.071435516471090477, -2.632803619927272187, 0.05905512000000000261 ) ) ;
#4349 = EDGE_CURVE ( 'NONE', #3926, #769, #1466, .T. ) ;
#4350 = CIRCLE ( 'NONE', #2108, 2.663563497773344668 ) ;
#4351 = VERTEX_POINT ( 'NONE', #3058 ) ;
#4352 = ADVANCED_FACE ( 'NONE', ( #1915 ), #2287, .F. ) ;
#4353 = CARTESIAN_POINT ( 'NONE',  ( -0.5357663765764215658, -1.750556649774452023, 0.1893700799999999962 ) ) ;
#4354 = ORIENTED_EDGE ( 'NONE', *, *, #578, .T. ) ;
#4355 = DIRECTION ( 'NONE',  ( -1.000000000000000000, 0.000000000000000000, 0.000000000000000000 ) ) ;
#4356 = ADVANCED_FACE ( 'NONE', ( #234 ), #1564, .T. ) ;
#4357 = DIRECTION ( 'NONE',  ( 1.000000000000000000, 0.000000000000000000, -0.000000000000000000 ) ) ;
#4358 = AXIS2_PLACEMENT_3D ( 'NONE', #4342, #3185, #3527 ) ;
#4359 = ORIENTED_EDGE ( 'NONE', *, *, #2463, .F. ) ;
#4360 = LENGTH_MEASURE_WITH_UNIT ( LENGTH_MEASURE( 0.02539999999999999897 ), #5073 );
#4361 = EDGE_CURVE ( 'NONE', #4856, #2626, #4723, .T. ) ;
#4362 = DIRECTION ( 'NONE',  ( 0.000000000000000000, 0.000000000000000000, 1.000000000000000000 ) ) ;
#4363 = DIRECTION ( 'NONE',  ( -0.000000000000000000, -0.000000000000000000, -1.000000000000000000 ) ) ;
#4364 = EDGE_LOOP ( 'NONE', ( #2018, #4490, #3171, #978 ) ) ;
#4365 = CARTESIAN_POINT ( 'NONE',  ( 1.718805732558587263, 1.902577949447445738, 0.000000000000000000 ) ) ;
#4366 = CARTESIAN_POINT ( 'NONE',  ( 2.071435516471089588, -2.632803619927272187, 0.3248031496062991907 ) ) ;
#4367 = DIRECTION ( 'NONE',  ( -0.000000000000000000, -0.000000000000000000, -1.000000000000000000 ) ) ;
#4368 = LINE ( 'NONE', #2814, #1594 ) ;
#4369 =( NAMED_UNIT ( * ) SI_UNIT ( $, .STERADIAN. ) SOLID_ANGLE_UNIT ( ) );
#4370 = ORIENTED_EDGE ( 'NONE', *, *, #484, .T. ) ;
#4371 = VECTOR ( 'NONE', #5203, 39.37007874015748143 ) ;
#4372 = ORIENTED_EDGE ( 'NONE', *, *, #546, .F. ) ;
#4373 = CARTESIAN_POINT ( 'NONE',  ( 0.8598843766372653574, 2.415511303806133991, 0.000000000000000000 ) ) ;
#4374 = ORIENTED_EDGE ( 'NONE', *, *, #3030, .T. ) ;
#4375 = CARTESIAN_POINT ( 'NONE',  ( 1.591427958270429155, 2.531765971032936324, 0.000000000000000000 ) ) ;
#4376 = DIRECTION ( 'NONE',  ( 0.6183389601406237279, -0.7859115283364991322, -0.000000000000000000 ) ) ;
#4377 = VERTEX_POINT ( 'NONE', #4353 ) ;
#4378 = CARTESIAN_POINT ( 'NONE',  ( -0.2966057773642475914, -0.01505167804213602967, 0.5905511792125984760 ) ) ;
#4379 = ADVANCED_FACE ( 'NONE', ( #3143 ), #742, .F. ) ;
#4380 = COLOUR_RGB ( '',0.1098039215686274495, 0.1098039215686274495, 0.1098039215686274495 ) ;
#4381 = AXIS2_PLACEMENT_3D ( 'NONE', #4975, #1321, #1295 ) ;
#4382 = EDGE_LOOP ( 'NONE', ( #753, #2114, #4790, #3707 ) ) ;
#4383 = SURFACE_STYLE_USAGE ( .BOTH. , #2033 ) ;
#4384 = DIRECTION ( 'NONE',  ( -0.000000000000000000, -0.000000000000000000, -1.000000000000000000 ) ) ;
#4385 = EDGE_CURVE ( 'NONE', #2256, #4865, #309, .T. ) ;
#4386 = DIRECTION ( 'NONE',  ( -0.6183389601406238389, 0.7859115283364992433, -0.000000000000000000 ) ) ;
#4387 = ORIENTED_EDGE ( 'NONE', *, *, #1809, .T. ) ;
#4388 = CYLINDRICAL_SURFACE ( 'NONE', #258, 0.03499999999999976047 ) ;
#4389 = PRESENTATION_STYLE_ASSIGNMENT (( #3888 ) ) ;
#4390 = CARTESIAN_POINT ( 'NONE',  ( -0.4365906452614138344, -1.692217171215437466, 0.05905511999999997486 ) ) ;
#4391 = CIRCLE ( 'NONE', #2223, 0.03499999999999976047 ) ;
#4392 = DIRECTION ( 'NONE',  ( 1.000000000000000000, 0.000000000000000000, 0.000000000000000000 ) ) ;
#4393 = EDGE_CURVE ( 'NONE', #1078, #482, #3339, .T. ) ;
#4394 = CONICAL_SURFACE ( 'NONE', #2143, 0.1405570000000000153, 0.02993239667170281143 ) ;
#4395 = DIRECTION ( 'NONE',  ( 1.000000000000000000, 0.000000000000000000, 0.000000000000000000 ) ) ;
#4396 = VECTOR ( 'NONE', #2249, 39.37007874015748143 ) ;
#4397 = AXIS2_PLACEMENT_3D ( 'NONE', #1926, #2775, #3499 ) ;
#4398 = AXIS2_PLACEMENT_3D ( 'NONE', #3640, #2481, #4088 ) ;
#4399 = CARTESIAN_POINT ( 'NONE',  ( -1.976340221542373765, 2.707622634104287496, 0.3248031496062991907 ) ) ;
#4400 = DIRECTION ( 'NONE',  ( 1.000000000000000000, 0.000000000000000000, 0.000000000000000000 ) ) ;
#4401 = EDGE_LOOP ( 'NONE', ( #3188, #2309, #1088, #1749 ) ) ;
#4402 = DIRECTION ( 'NONE',  ( -0.000000000000000000, -0.000000000000000000, -1.000000000000000000 ) ) ;
#4403 = ORIENTED_EDGE ( 'NONE', *, *, #3561, .T. ) ;
#4404 = DIRECTION ( 'NONE',  ( 0.000000000000000000, 0.000000000000000000, 1.000000000000000000 ) ) ;
#4405 = CARTESIAN_POINT ( 'NONE',  ( -0.1178572414317396733, -1.826911017258772141, 0.05905511999999999567 ) ) ;
#4406 = CIRCLE ( 'NONE', #2154, 0.1771653543307085410 ) ;
#4407 = LINE ( 'NONE', #2060, #2652 ) ;
#4408 = ORIENTED_EDGE ( 'NONE', *, *, #3098, .T. ) ;
#4409 = DIRECTION ( 'NONE',  ( -0.000000000000000000, -0.000000000000000000, -1.000000000000000000 ) ) ;
#4410 = CARTESIAN_POINT ( 'NONE',  ( 0.000000000000000000, 0.000000000000000000, 0.1893700799999999962 ) ) ;
#4411 = EDGE_CURVE ( 'NONE', #1900, #3862, #479, .T. ) ;
#4412 = CARTESIAN_POINT ( 'NONE',  ( -1.272285657976058415, 1.566562454512757441, 0.2076393445728175746 ) ) ;
#4413 = ORIENTED_EDGE ( 'NONE', *, *, #3485, .F. ) ;
#4414 =( NAMED_UNIT ( * ) SI_UNIT ( $, .STERADIAN. ) SOLID_ANGLE_UNIT ( ) );
#4415 = CARTESIAN_POINT ( 'NONE',  ( -1.830439224288609612, -0.03140765074152480213, 0.1893700799999999962 ) ) ;
#4416 = DIRECTION ( 'NONE',  ( -0.000000000000000000, -0.000000000000000000, -1.000000000000000000 ) ) ;
#4417 = CARTESIAN_POINT ( 'NONE',  ( -1.340139031601945474, 1.508906449687410278, 0.3406625076025278087 ) ) ;
#4418 = ADVANCED_FACE ( 'NONE', ( #4326 ), #5116, .F. ) ;
#4419 = CARTESIAN_POINT ( 'NONE',  ( 0.000000000000000000, 0.000000000000000000, 0.05905511999999997486 ) ) ;
#4420 = FACE_OUTER_BOUND ( 'NONE', #2405, .T. ) ;
#4421 = EDGE_CURVE ( 'NONE', #1957, #2503, #3006, .T. ) ;
#4422 = EDGE_CURVE ( 'NONE', #1865, #2933, #2375, .T. ) ;
#4423 = DIRECTION ( 'NONE',  ( 0.000000000000000000, 0.000000000000000000, 1.000000000000000000 ) ) ;
#4424 = VECTOR ( 'NONE', #4858, 39.37007874015748143 ) ;
#4425 = AXIS2_PLACEMENT_3D ( 'NONE', #676, #1410, #4167 ) ;
#4426 = ORIENTED_EDGE ( 'NONE', *, *, #2958, .T. ) ;
#4427 = DIRECTION ( 'NONE',  ( 1.000000000000000000, -6.938893681862625591E-15, 0.000000000000000000 ) ) ;
#4428 = ORIENTED_EDGE ( 'NONE', *, *, #1199, .T. ) ;
#4429 = DIRECTION ( 'NONE',  ( 0.7859115283364985771, 0.6183389601406246161, 0.000000000000000000 ) ) ;
#4430 = CARTESIAN_POINT ( 'NONE',  ( -1.744308096641895123, -0.1077014859492919502, 0.1893700799999999962 ) ) ;
#4431 = DIRECTION ( 'NONE',  ( 1.000000000000000000, 0.000000000000000000, 0.000000000000000000 ) ) ;
#4432 = DIRECTION ( 'NONE',  ( -0.9992342594021155211, -0.03912665123806940287, 0.000000000000000000 ) ) ;
#4433 = UNCERTAINTY_MEASURE_WITH_UNIT (LENGTH_MEASURE( 1.000000000000000082E-05 ), #5194, 'distance_accuracy_value', 'NONE');
#4434 = EDGE_LOOP ( 'NONE', ( #2224, #4767, #182, #1527 ) ) ;
#4435 = AXIS2_PLACEMENT_3D ( 'NONE', #1058, #4650, #664 ) ;
#4436 = SURFACE_STYLE_FILL_AREA ( #4048 ) ;
#4437 = PRODUCT ( 'Adapter_plate(with recess)-65mm dia_revised_v2', 'Adapter_plate(with recess)-65mm dia_revised_v2', '', ( #3266 ) ) ;
#4438 = LINE ( 'NONE', #4410, #614 ) ;
#4439 = AXIS2_PLACEMENT_3D ( 'NONE', #1333, #4541, #2543 ) ;
#4440 = VERTEX_POINT ( 'NONE', #2792 ) ;
#4441 = VECTOR ( 'NONE', #4246, 39.37007874015748143 ) ;
#4442 = CIRCLE ( 'NONE', #5026, 0.03937008000000002950 ) ;
#4443 = ORIENTED_EDGE ( 'NONE', *, *, #1159, .F. ) ;
#4444 = CARTESIAN_POINT ( 'NONE',  ( 2.415511303806220589, -0.8598843766372225028, 0.5905511792125984760 ) ) ;
#4445 = CARTESIAN_POINT ( 'NONE',  ( -2.014081323109768284, -1.902577949447445738, 0.000000000000000000 ) ) ;
#4446 = VECTOR ( 'NONE', #2113, 39.37007874015748143 ) ;
#4447 = DIRECTION ( 'NONE',  ( -0.000000000000000000, -0.000000000000000000, 1.000000000000000000 ) ) ;
#4448 = LENGTH_MEASURE_WITH_UNIT ( LENGTH_MEASURE( 0.02539999999999999897 ), #4105 );
#4449 = EDGE_CURVE ( 'NONE', #245, #5220, #825, .T. ) ;
#4450 = EDGE_LOOP ( 'NONE', ( #3155, #2688, #3412, #1297 ) ) ;
#4451 = DIRECTION ( 'NONE',  ( -1.000000000000000000, 0.000000000000000000, 0.000000000000000000 ) ) ;
#4452 = CARTESIAN_POINT ( 'NONE',  ( -0.8598843766371335740, -2.415511303806179733, 0.000000000000000000 ) ) ;
#4453 = EDGE_CURVE ( 'NONE', #2236, #667, #3883, .T. ) ;
#4454 = DIRECTION ( 'NONE',  ( -0.000000000000000000, -0.000000000000000000, -1.000000000000000000 ) ) ;
#4455 = ORIENTED_EDGE ( 'NONE', *, *, #4106, .T. ) ;
#4456 = ORIENTED_EDGE ( 'NONE', *, *, #4192, .F. ) ;
#4457 = DIRECTION ( 'NONE',  ( 0.000000000000000000, 0.000000000000000000, 1.000000000000000000 ) ) ;
#4458 = VERTEX_POINT ( 'NONE', #2821 ) ;
#4459 = LINE ( 'NONE', #3746, #3630 ) ;
#4460 = CYLINDRICAL_SURFACE ( 'NONE', #1820, 0.3711251169736392019 ) ;
#4461 = DIRECTION ( 'NONE',  ( 1.000000000000000000, 0.000000000000000000, 0.000000000000000000 ) ) ;
#4462 = CARTESIAN_POINT ( 'NONE',  ( -2.384330410374777554, 2.386624379193603041, 0.6496062992125984925 ) ) ;
#4463 = VERTEX_POINT ( 'NONE', #1187 ) ;
#4464 = LINE ( 'NONE', #855, #1293 ) ;
#4465 = AXIS2_PLACEMENT_3D ( 'NONE', #4660, #2605, #3070 ) ;
#4466 = AXIS2_PLACEMENT_3D ( 'NONE', #2321, #1502, #3520 ) ;
#4467 = CIRCLE ( 'NONE', #1176, 0.1209999999999999687 ) ;
#4468 = VERTEX_POINT ( 'NONE', #2848 ) ;
#4469 = DIRECTION ( 'NONE',  ( 1.000000000000000000, 0.000000000000000000, 0.000000000000000000 ) ) ;
#4470 = DIRECTION ( 'NONE',  ( -1.000000000000000000, 0.000000000000000000, 0.000000000000000000 ) ) ;
#4471 = DIRECTION ( 'NONE',  ( -0.000000000000000000, -0.000000000000000000, -1.000000000000000000 ) ) ;
#4472 = ORIENTED_EDGE ( 'NONE', *, *, #1658, .F. ) ;
#4473 = ORIENTED_EDGE ( 'NONE', *, *, #2915, .F. ) ;
#4474 = AXIS2_PLACEMENT_3D ( 'NONE', #4753, #2180, #4214 ) ;
#4475 = DIRECTION ( 'NONE',  ( 1.000000000000000000, 0.000000000000000000, 0.000000000000000000 ) ) ;
#4476 = DIRECTION ( 'NONE',  ( 1.000000000000000000, 0.000000000000000000, 0.000000000000000000 ) ) ;
#4477 = CARTESIAN_POINT ( 'NONE',  ( 0.04868810709768692235, -0.06188279750681099228, 0.4921259842519685179 ) ) ;
#4478 = VERTEX_POINT ( 'NONE', #1272 ) ;
#4479 = VECTOR ( 'NONE', #4587, 39.37007874015748143 ) ;
#4480 = CARTESIAN_POINT ( 'NONE',  ( -2.181900883159483495, 2.545891750706786638, 0.3248031496062991907 ) ) ;
#4481 = CARTESIAN_POINT ( 'NONE',  ( 1.174936486000560665, -1.640830368647602011, 0.4047219285039767578 ) ) ;
#4482 = AXIS2_PLACEMENT_3D ( 'NONE', #4240, #2381, #4451 ) ;
#4483 = DIRECTION ( 'NONE',  ( 5.194976859231261982E-16, 4.087300508100309029E-16, -1.000000000000000000 ) ) ;
#4484 = CARTESIAN_POINT ( 'NONE',  ( 1.150535905705080131, -1.658021729417696877, 0.3248031496062991907 ) ) ;
#4485 = UNCERTAINTY_MEASURE_WITH_UNIT (LENGTH_MEASURE( 1.000000000000000082E-05 ), #3752, 'distance_accuracy_value', 'NONE');
#4486 = VERTEX_POINT ( 'NONE', #3197 ) ;
#4487 = DIRECTION ( 'NONE',  ( 5.366600396873987007E-16, 3.869166239580927311E-16, 1.000000000000000000 ) ) ;
#4488 = EDGE_CURVE ( 'NONE', #667, #3567, #2868, .T. ) ;
#4489 = EDGE_CURVE ( 'NONE', #3298, #3112, #2331, .T. ) ;
#4490 = ORIENTED_EDGE ( 'NONE', *, *, #481, .F. ) ;
#4491 = VECTOR ( 'NONE', #927, 39.37007874015748143 ) ;
#4492 =( NAMED_UNIT ( * ) PLANE_ANGLE_UNIT ( ) SI_UNIT ( $, .RADIAN. ) );
#4493 = EDGE_CURVE ( 'NONE', #13, #4603, #118, .T. ) ;
#4494 = CARTESIAN_POINT ( 'NONE',  ( -1.902577949447439742, 1.718805732558593924, 0.3149606299212598381 ) ) ;
#4495 = LINE ( 'NONE', #2071, #477 ) ;
#4496 = CIRCLE ( 'NONE', #2884, 0.2952755905511810774 ) ;
#4497 = ORIENTED_EDGE ( 'NONE', *, *, #940, .F. ) ;
#4498 = CARTESIAN_POINT ( 'NONE',  ( 1.488951214475636942, -0.9951724385871650869, 0.05905511999999997486 ) ) ;
#4499 = ORIENTED_EDGE ( 'NONE', *, *, #4710, .F. ) ;
#4500 = DIRECTION ( 'NONE',  ( 0.000000000000000000, 0.000000000000000000, 1.000000000000000000 ) ) ;
#4501 = CARTESIAN_POINT ( 'NONE',  ( -1.902577949447439742, 1.718805732558593924, 0.05905512000000000261 ) ) ;
#4502 = ORIENTED_EDGE ( 'NONE', *, *, #3681, .F. ) ;
#4503 = SURFACE_STYLE_USAGE ( .BOTH. , #66 ) ;
#4504 = DIRECTION ( 'NONE',  ( 0.6183389601406238389, -0.7859115283364991322, 0.000000000000000000 ) ) ;
#4505 = LINE ( 'NONE', #1677, #2164 ) ;
#4506 = CIRCLE ( 'NONE', #2899, 0.07950000000000007061 ) ;
#4507 = DIRECTION ( 'NONE',  ( -0.000000000000000000, -0.000000000000000000, -1.000000000000000000 ) ) ;
#4508 = DIRECTION ( 'NONE',  ( 0.000000000000000000, 0.000000000000000000, 1.000000000000000000 ) ) ;
#4509 = ADVANCED_FACE ( 'NONE', ( #3590 ), #3248, .F. ) ;
#4510 = VERTEX_POINT ( 'NONE', #1620 ) ;
#4511 = CARTESIAN_POINT ( 'NONE',  ( 2.358663411130414111, -2.235890630821338654, 0.5905511792125984760 ) ) ;
#4512 = ADVANCED_FACE ( 'NONE', ( #1219 ), #3696, .T. ) ;
#4513 = SURFACE_STYLE_FILL_AREA ( #3595 ) ;
#4514 = VERTEX_POINT ( 'NONE', #69 ) ;
#4515 = ADVANCED_FACE ( 'NONE', ( #4794 ), #3225, .F. ) ;
#4516 = VERTEX_POINT ( 'NONE', #1591 ) ;
#4517 = VECTOR ( 'NONE', #3576, 39.37007874015748143 ) ;
#4518 = FACE_BOUND ( 'NONE', #4249, .T. ) ;
#4519 = PLANE ( 'NONE',  #1147 ) ;
#4520 = ORIENTED_EDGE ( 'NONE', *, *, #416, .F. ) ;
#4521 = CARTESIAN_POINT ( 'NONE',  ( -0.5955072783749462140, 1.731145654109399246, 0.05905511999999999567 ) ) ;
#4522 = FACE_OUTER_BOUND ( 'NONE', #4128, .T. ) ;
#4523 = DIRECTION ( 'NONE',  ( -1.716235376427244080E-17, 2.181342685193819029E-17, -1.000000000000000000 ) ) ;
#4524 = CIRCLE ( 'NONE', #1766, 0.2952755905511810774 ) ;
#4525 = EDGE_LOOP ( 'NONE', ( #3603, #4752 ) ) ;
#4526 = EDGE_CURVE ( 'NONE', #2503, #4994, #4407, .T. ) ;
#4527 = CARTESIAN_POINT ( 'NONE',  ( -2.071435516471090033, 2.632803619927272187, 0.3248031496062991907 ) ) ;
#4528 = SURFACE_STYLE_USAGE ( .BOTH. , #5001 ) ;
#4529 = CARTESIAN_POINT ( 'NONE',  ( 1.809388702304405294, -2.495426521453432578, 0.3248031496062991907 ) ) ;
#4530 = CIRCLE ( 'NONE', #56, 0.03937008000000002950 ) ;
#4531 = DIRECTION ( 'NONE',  ( 1.000000000000000000, 0.000000000000000000, 0.000000000000000000 ) ) ;
#4532 = CIRCLE ( 'NONE', #3609, 0.1267401574803148911 ) ;
#4533 = CARTESIAN_POINT ( 'NONE',  ( -0.5242445186320716655, -1.712910268956149062, 0.1893700799999999962 ) ) ;
#4534 = FACE_OUTER_BOUND ( 'NONE', #1085, .T. ) ;
#4535 = EDGE_LOOP ( 'NONE', ( #1501, #2583, #3088, #2293 ) ) ;
#4536 = VERTEX_POINT ( 'NONE', #2418 ) ;
#4537 = CARTESIAN_POINT ( 'NONE',  ( 2.387235954880960964, -2.262975920977241984, 0.5905511792125984760 ) ) ;
#4538 = ORIENTED_EDGE ( 'NONE', *, *, #89, .T. ) ;
#4539 = DIRECTION ( 'NONE',  ( 1.000000000000000000, 0.000000000000000000, 0.000000000000000000 ) ) ;
#4540 = AXIS2_PLACEMENT_3D ( 'NONE', #2939, #2110, #3342 ) ;
#4541 = DIRECTION ( 'NONE',  ( -0.000000000000000000, -0.000000000000000000, -1.000000000000000000 ) ) ;
#4542 = EDGE_LOOP ( 'NONE', ( #286, #4, #2541, #1488 ) ) ;
#4543 = EDGE_CURVE ( 'NONE', #1243, #2412, #3616, .T. ) ;
#4544 = CARTESIAN_POINT ( 'NONE',  ( -1.686082836507389660, -0.2743653731806722229, 0.1893700799999999962 ) ) ;
#4545 = DIRECTION ( 'NONE',  ( 1.000000000000000000, 0.000000000000000000, 0.000000000000000000 ) ) ;
#4546 = ORIENTED_EDGE ( 'NONE', *, *, #3063, .T. ) ;
#4547 = EDGE_CURVE ( 'NONE', #4458, #107, #1831, .T. ) ;
#4548 = CARTESIAN_POINT ( 'NONE',  ( 1.406576461623848973, 1.108551559115650287, 0.1893700799999999962 ) ) ;
#4549 = VECTOR ( 'NONE', #897, 39.37007874015748143 ) ;
#4550 =( LENGTH_UNIT ( ) NAMED_UNIT ( * ) SI_UNIT ( $, .METRE. ) );
#4551 = EDGE_CURVE ( 'NONE', #4040, #112, #5216, .T. ) ;
#4552 = DIRECTION ( 'NONE',  ( -1.000000000000000000, 0.000000000000000000, 0.000000000000000000 ) ) ;
#4553 = EDGE_CURVE ( 'NONE', #263, #1828, #4338, .T. ) ;
#4554 = ORIENTED_EDGE ( 'NONE', *, *, #1428, .F. ) ;
#4555 = CARTESIAN_POINT ( 'NONE',  ( 3.687994791446755246E-15, 0.000000000000000000, 0.1893700799999998019 ) ) ;
#4556 = DIRECTION ( 'NONE',  ( -0.000000000000000000, -0.000000000000000000, -1.000000000000000000 ) ) ;
#4557 = COLOUR_RGB ( '',0.1098039215686274495, 0.1098039215686274495, 0.1098039215686274495 ) ;
#4558 = CYLINDRICAL_SURFACE ( 'NONE', #4131, 0.03937008000000002950 ) ;
#4559 = AXIS2_PLACEMENT_3D ( 'NONE', #1644, #1238, #2505 ) ;
#4560 = DIRECTION ( 'NONE',  ( 0.000000000000000000, 0.000000000000000000, -1.000000000000000000 ) ) ;
#4561 = AXIS2_PLACEMENT_3D ( 'NONE', #3777, #610, #2255 ) ;
#4562 = DIRECTION ( 'NONE',  ( -0.000000000000000000, -0.000000000000000000, -1.000000000000000000 ) ) ;
#4563 = CARTESIAN_POINT ( 'NONE',  ( 1.902577949447427752, -1.718805732558607247, 0.000000000000000000 ) ) ;
#4564 = ORIENTED_EDGE ( 'NONE', *, *, #125, .T. ) ;
#4565 = CARTESIAN_POINT ( 'NONE',  ( 0.000000000000000000, 0.000000000000000000, 0.4318889433028857971 ) ) ;
#4566 = CARTESIAN_POINT ( 'NONE',  ( 1.327040680039471399, 1.303017989562359480, 0.05905511999999999567 ) ) ;
#4567 = CIRCLE ( 'NONE', #3646, 0.03937008000000002950 ) ;
#4568 = AXIS2_PLACEMENT_3D ( 'NONE', #2478, #1689, #465 ) ;
#4569 = AXIS2_PLACEMENT_3D ( 'NONE', #1214, #4402, #3245 ) ;
#4570 = CARTESIAN_POINT ( 'NONE',  ( 1.144036210588388336, 1.378432099769073327, 0.1893700799999999962 ) ) ;
#4571 = DIMENSIONAL_EXPONENTS ( 1.000000000000000000, 0.000000000000000000, 0.000000000000000000, 0.000000000000000000, 0.000000000000000000, 0.000000000000000000, 0.000000000000000000 ) ;
#4572 = AXIS2_PLACEMENT_3D ( 'NONE', #3378, #4145, #1760 ) ;
#4573 = EDGE_LOOP ( 'NONE', ( #1942, #2341, #5204, #2851 ) ) ;
#4574 = AXIS2_PLACEMENT_3D ( 'NONE', #2877, #4150, #109 ) ;
#4575 = SURFACE_STYLE_USAGE ( .BOTH. , #1684 ) ;
#4576 = EDGE_CURVE ( 'NONE', #4343, #3837, #43, .T. ) ;
#4577 = EDGE_LOOP ( 'NONE', ( #3607, #4175, #2200, #4456 ) ) ;
#4578 = CARTESIAN_POINT ( 'NONE',  ( -0.4863540034874771489, -1.723601950829626972, 0.05905511999999997486 ) ) ;
#4579 = CARTESIAN_POINT ( 'NONE',  ( 1.150535905705080575, -1.658021729417697543, 0.3169051701522795916 ) ) ;
#4580 = AXIS2_PLACEMENT_3D ( 'NONE', #4334, #375, #2351 ) ;
#4581 = VERTEX_POINT ( 'NONE', #880 ) ;
#4582 = CARTESIAN_POINT ( 'NONE',  ( 1.430946119374014502, 1.077630320777799078, 0.05905511999999999567 ) ) ;
#4583 = DIRECTION ( 'NONE',  ( 1.000000000000000000, 0.000000000000000000, -0.000000000000000000 ) ) ;
#4584 = AXIS2_PLACEMENT_3D ( 'NONE', #231, #5062, #1463 ) ;
#4585 = EDGE_CURVE ( 'NONE', #1833, #2501, #4922, .T. ) ;
#4586 = CARTESIAN_POINT ( 'NONE',  ( -0.9296010403966383784, 1.541840579355554519, 0.1893700799999999962 ) ) ;
#4587 = DIRECTION ( 'NONE',  ( -0.000000000000000000, -0.000000000000000000, -1.000000000000000000 ) ) ;
#4588 = LINE ( 'NONE', #3847, #858 ) ;
#4589 = EDGE_CURVE ( 'NONE', #2256, #3832, #4008, .T. ) ;
#4590 = CARTESIAN_POINT ( 'NONE',  ( 1.170856311003087624, -1.643740866250607446, 0.3986277167155884427 ) ) ;
#4591 = DIRECTION ( 'NONE',  ( 1.000000000000000000, -8.886655956562075409E-16, 0.000000000000000000 ) ) ;
#4592 = SURFACE_SIDE_STYLE ('',( #4978 ) ) ;
#4593 = ORIENTED_EDGE ( 'NONE', *, *, #1224, .T. ) ;
#4594 = EDGE_LOOP ( 'NONE', ( #3713, #3447, #5150, #378 ) ) ;
#4595 = DIRECTION ( 'NONE',  ( 0.6189892870465417696, -0.7853994286486425391, 0.000000000000000000 ) ) ;
#4596 = SURFACE_SIDE_STYLE ('',( #584 ) ) ;
#4597 = VERTEX_POINT ( 'NONE', #274 ) ;
#4598 = DIRECTION ( 'NONE',  ( 0.000000000000000000, 0.000000000000000000, -1.000000000000000000 ) ) ;
#4599 = VECTOR ( 'NONE', #4103, 39.37007874015748143 ) ;
#4600 = EDGE_CURVE ( 'NONE', #2414, #1213, #3755, .T. ) ;
#4601 = ORIENTED_EDGE ( 'NONE', *, *, #125, .F. ) ;
#4602 = VECTOR ( 'NONE', #3205, 39.37007874015748143 ) ;
#4603 = VERTEX_POINT ( 'NONE', #553 ) ;
#4604 = VERTEX_POINT ( 'NONE', #4620 ) ;
#4605 = DIRECTION ( 'NONE',  ( -0.000000000000000000, -0.000000000000000000, -1.000000000000000000 ) ) ;
#4606 = EDGE_LOOP ( 'NONE', ( #1553, #2269 ) ) ;
#4607 = DIRECTION ( 'NONE',  ( 0.000000000000000000, 0.000000000000000000, 1.000000000000000000 ) ) ;
#4608 = DIMENSIONAL_EXPONENTS ( 1.000000000000000000, 0.000000000000000000, 0.000000000000000000, 0.000000000000000000, 0.000000000000000000, 0.000000000000000000, 0.000000000000000000 ) ;
#4609 = CARTESIAN_POINT ( 'NONE',  ( -0.6220707498115142231, 1.693916714071983964, 0.1893700799999999962 ) ) ;
#4610 = CARTESIAN_POINT ( 'NONE',  ( 1.989123946050432634, 0.9243519070212626865, 0.5905511792125984760 ) ) ;
#4611 = EDGE_CURVE ( 'NONE', #222, #3968, #5095, .T. ) ;
#4612 = AXIS2_PLACEMENT_3D ( 'NONE', #3045, #172, #4209 ) ;
#4613 = DIRECTION ( 'NONE',  ( -0.000000000000000000, -0.000000000000000000, 1.000000000000000000 ) ) ;
#4614 = EDGE_CURVE ( 'NONE', #4788, #4486, #904, .T. ) ;
#4615 = CARTESIAN_POINT ( 'NONE',  ( -2.071435516471090477, 2.632803619927272187, 0.05905512000000000261 ) ) ;
#4616 = FACE_OUTER_BOUND ( 'NONE', #683, .T. ) ;
#4617 = CARTESIAN_POINT ( 'NONE',  ( 1.338323424889196867, -1.510528388502147434, 0.3566777266392259227 ) ) ;
#4618 =( GEOMETRIC_REPRESENTATION_CONTEXT ( 3 ) GLOBAL_UNCERTAINTY_ASSIGNED_CONTEXT ( ( #473 ) ) GLOBAL_UNIT_ASSIGNED_CONTEXT ( ( #691, #3513, #3169 ) ) REPRESENTATION_CONTEXT ( 'NONE', 'WORKASPACE' ) );
#4619 = CIRCLE ( 'NONE', #2597, 3.250000000000000000 ) ;
#4620 = CARTESIAN_POINT ( 'NONE',  ( -1.989123946050303848, -0.9243519070213088717, 0.5905511792125984760 ) ) ;
#4621 = LINE ( 'NONE', #4947, #306 ) ;
#4622 = EDGE_LOOP ( 'NONE', ( #860, #329 ) ) ;
#4623 = CARTESIAN_POINT ( 'NONE',  ( -2.044386186832451546, 0.8598843766371754294, 0.05905512000000000261 ) ) ;
#4624 = DIRECTION ( 'NONE',  ( -0.000000000000000000, -0.000000000000000000, -1.000000000000000000 ) ) ;
#4625 = AXIS2_PLACEMENT_3D ( 'NONE', #154, #2537, #2916 ) ;
#4626 = DIRECTION ( 'NONE',  ( 0.000000000000000000, 0.000000000000000000, -1.000000000000000000 ) ) ;
#4627 = ORIENTED_EDGE ( 'NONE', *, *, #2097, .T. ) ;
#4628 = CARTESIAN_POINT ( 'NONE',  ( -0.8399812222671365625, 1.631458410821005733, 0.5084752992119263570 ) ) ;
#4629 = EDGE_LOOP ( 'NONE', ( #760, #3950, #2576, #3677 ) ) ;
#4630 = EDGE_CURVE ( 'NONE', #2753, #3437, #526, .T. ) ;
#4631 = FILL_AREA_STYLE ('',( #538 ) ) ;
#4632 = ORIENTED_EDGE ( 'NONE', *, *, #3978, .F. ) ;
#4633 = SURFACE_STYLE_FILL_AREA ( #1119 ) ;
#4634 = FACE_BOUND ( 'NONE', #4860, .T. ) ;
#4635 = CARTESIAN_POINT ( 'NONE',  ( -0.2966057773642475914, -0.01505167804213602967, 0.05905512000000000261 ) ) ;
#4636 = CIRCLE ( 'NONE', #925, 0.3711251169736392019 ) ;
#4637 = AXIS2_PLACEMENT_3D ( 'NONE', #1992, #4404, #2415 ) ;
#4638 = CARTESIAN_POINT ( 'NONE',  ( -0.01505167804204735754, 0.2966057773642921669, 0.000000000000000000 ) ) ;
#4639 =( LENGTH_UNIT ( ) NAMED_UNIT ( * ) SI_UNIT ( $, .METRE. ) );
#4640 = DIRECTION ( 'NONE',  ( 1.000000000000000000, 0.000000000000000000, 0.000000000000000000 ) ) ;
#4641 = VERTEX_POINT ( 'NONE', #2158 ) ;
#4642 = ORIENTED_EDGE ( 'NONE', *, *, #647, .F. ) ;
#4643 = PRESENTATION_LAYER_ASSIGNMENT (  '', '', ( #3465 ) ) ;
#4644 = CYLINDRICAL_SURFACE ( 'NONE', #672, 0.3711251169736387578 ) ;
#4645 = FACE_OUTER_BOUND ( 'NONE', #4327, .T. ) ;
#4646 = VERTEX_POINT ( 'NONE', #4285 ) ;
#4647 = DIRECTION ( 'NONE',  ( -0.000000000000000000, -0.000000000000000000, -1.000000000000000000 ) ) ;
#4648 = CIRCLE ( 'NONE', #2391, 1.830708659055118259 ) ;
#4649 = ORIENTED_EDGE ( 'NONE', *, *, #2837, .T. ) ;
#4650 = DIRECTION ( 'NONE',  ( 0.000000000000000000, 0.000000000000000000, 1.000000000000000000 ) ) ;
#4651 = VECTOR ( 'NONE', #495, 39.37007874015748143 ) ;
#4652 = PRODUCT_DEFINITION ( 'UNKNOWN', '', #3579, #3132 ) ;
#4653 = ORIENTED_EDGE ( 'NONE', *, *, #1506, .T. ) ;
#4654 = AXIS2_PLACEMENT_3D ( 'NONE', #1648, #1694, #2787 ) ;
#4655 = CIRCLE ( 'NONE', #5070, 0.07950000000000007061 ) ;
#4656 = ORIENTED_EDGE ( 'NONE', *, *, #82, .F. ) ;
#4657 = DIRECTION ( 'NONE',  ( -0.6183389601406237279, 0.7859115283364991322, 0.000000000000000000 ) ) ;
#4658 = EDGE_CURVE ( 'NONE', #1604, #1683, #2135, .T. ) ;
#4659 = CIRCLE ( 'NONE', #3656, 0.03937008000000002950 ) ;
#4660 = CARTESIAN_POINT ( 'NONE',  ( -1.811177625312237582, -0.2947212404430974986, 0.05905511999999997486 ) ) ;
#4661 = ORIENTED_EDGE ( 'NONE', *, *, #3176, .F. ) ;
#4662 = VERTEX_POINT ( 'NONE', #2564 ) ;
#4663 = LINE ( 'NONE', #678, #2145 ) ;
#4664 = LENGTH_MEASURE_WITH_UNIT ( LENGTH_MEASURE( 0.02539999999999999897 ), #5002 );
#4665 = FACE_OUTER_BOUND ( 'NONE', #1735, .T. ) ;
#4666 = CARTESIAN_POINT ( 'NONE',  ( 0.01505167804217725884, -0.2966057773643364093, 0.5905511792125984760 ) ) ;
#4667 = VERTEX_POINT ( 'NONE', #4191 ) ;
#4668 = CARTESIAN_POINT ( 'NONE',  ( 1.525337588753718610, -0.7690883758713079610, 0.05905511999999997486 ) ) ;
#4669 = DIRECTION ( 'NONE',  ( 0.000000000000000000, 0.000000000000000000, 1.000000000000000000 ) ) ;
#4670 = STYLED_ITEM ( 'NONE', ( #1212 ), #305 ) ;
#4671 = DIRECTION ( 'NONE',  ( -0.000000000000000000, -0.000000000000000000, -1.000000000000000000 ) ) ;
#4672 = VERTEX_POINT ( 'NONE', #1901 ) ;
#4673 = LINE ( 'NONE', #1842, #3635 ) ;
#4674 = EDGE_CURVE ( 'NONE', #3405, #3866, #3768, .T. ) ;
#4675 = ORIENTED_EDGE ( 'NONE', *, *, #5034, .T. ) ;
#4676 =( GEOMETRIC_REPRESENTATION_CONTEXT ( 3 ) GLOBAL_UNCERTAINTY_ASSIGNED_CONTEXT ( ( #2088 ) ) GLOBAL_UNIT_ASSIGNED_CONTEXT ( ( #3676, #3618, #5217 ) ) REPRESENTATION_CONTEXT ( 'NONE', 'WORKASPACE' ) );
#4677 = CIRCLE ( 'NONE', #1746, 0.1771653543307085410 ) ;
#4678 = DIRECTION ( 'NONE',  ( 1.000000000000000000, 0.000000000000000000, 0.000000000000000000 ) ) ;
#4679 = EDGE_CURVE ( 'NONE', #1276, #2706, #4108, .T. ) ;
#4680 = ORIENTED_EDGE ( 'NONE', *, *, #4453, .F. ) ;
#4681 = LINE ( 'NONE', #1798, #2788 ) ;
#4682 = DIRECTION ( 'NONE',  ( -1.000000000000000000, 0.000000000000000000, 0.000000000000000000 ) ) ;
#4683 = EDGE_LOOP ( 'NONE', ( #1740, #4372, #626, #4841 ) ) ;
#4684 = STYLED_ITEM ( 'NONE', ( #2697 ), #3057 ) ;
#4685 = LINE ( 'NONE', #3525, #4396 ) ;
#4686 = LENGTH_MEASURE_WITH_UNIT ( LENGTH_MEASURE( 0.02539999999999999897 ), #4639 );
#4687 = VECTOR ( 'NONE', #2693, 39.37007874015748143 ) ;
#4688 = LINE ( 'NONE', #3135, #3357 ) ;
#4689 = ORIENTED_EDGE ( 'NONE', *, *, #478, .T. ) ;
#4690 =( NAMED_UNIT ( * ) SI_UNIT ( $, .STERADIAN. ) SOLID_ANGLE_UNIT ( ) );
#4691 = ORIENTED_EDGE ( 'NONE', *, *, #3743, .F. ) ;
#4692 = DIRECTION ( 'NONE',  ( 0.000000000000000000, 0.000000000000000000, -1.000000000000000000 ) ) ;
#4693 = CARTESIAN_POINT ( 'NONE',  ( 1.179115010613205339, 1.360558068661754660, 0.1893700799999999962 ) ) ;
#4694 = AXIS2_PLACEMENT_3D ( 'NONE', #5111, #2718, #4297 ) ;
#4695 = VERTEX_POINT ( 'NONE', #2914 ) ;
#4696 = DIRECTION ( 'NONE',  ( -0.000000000000000000, -0.000000000000000000, -1.000000000000000000 ) ) ;
#4697 = ORIENTED_EDGE ( 'NONE', *, *, #5089, .F. ) ;
#4698 = ORIENTED_EDGE ( 'NONE', *, *, #1357, .T. ) ;
#4699 =( LENGTH_UNIT ( ) NAMED_UNIT ( * ) SI_UNIT ( $, .METRE. ) );
#4700 = CIRCLE ( 'NONE', #150, 0.03937008000000002950 ) ;
#4701 = EDGE_CURVE ( 'NONE', #5025, #3501, #3937, .T. ) ;
#4702 = DIRECTION ( 'NONE',  ( -1.000000000000000000, 0.000000000000000000, 0.000000000000000000 ) ) ;
#4703 = EDGE_CURVE ( 'NONE', #1910, #1367, #3322, .T. ) ;
#4704 = ORIENTED_EDGE ( 'NONE', *, *, #2799, .F. ) ;
#4705 = LINE ( 'NONE', #2702, #3026 ) ;
#4706 =( NAMED_UNIT ( * ) PLANE_ANGLE_UNIT ( ) SI_UNIT ( $, .RADIAN. ) );
#4707 = CARTESIAN_POINT ( 'NONE',  ( -1.734196568239549263, 2.848041460917411172, 0.05905512000000000261 ) ) ;
#4708 = ORIENTED_EDGE ( 'NONE', *, *, #966, .F. ) ;
#4709 = DIRECTION ( 'NONE',  ( -0.000000000000000000, -0.000000000000000000, -1.000000000000000000 ) ) ;
#4710 = EDGE_CURVE ( 'NONE', #4890, #4377, #2276, .T. ) ;
#4711 = PLANE ( 'NONE',  #3550 ) ;
#4712 = CARTESIAN_POINT ( 'NONE',  ( 0.000000000000000000, 0.000000000000000000, 0.5905511792125984760 ) ) ;
#4713 = EDGE_CURVE ( 'NONE', #4979, #49, #2183, .T. ) ;
#4714 = UNCERTAINTY_MEASURE_WITH_UNIT (LENGTH_MEASURE( 1.000000000000000082E-05 ), #2713, 'distance_accuracy_value', 'NONE');
#4715 = DIRECTION ( 'NONE',  ( 1.000000000000000000, 0.000000000000000000, 0.000000000000000000 ) ) ;
#4716 = VERTEX_POINT ( 'NONE', #2207 ) ;
#4717 = CYLINDRICAL_SURFACE ( 'NONE', #4654, 0.07950000000000007061 ) ;
#4718 = ORIENTED_EDGE ( 'NONE', *, *, #4005, .F. ) ;
#4719 = FACE_OUTER_BOUND ( 'NONE', #71, .T. ) ;
#4720 = AXIS2_PLACEMENT_3D ( 'NONE', #277, #679, #3505 ) ;
#4721 = CARTESIAN_POINT ( 'NONE',  ( -0.04868810709768692235, 0.06188279750681099228, 0.4921259842519685179 ) ) ;
#4722 = ORIENTED_EDGE ( 'NONE', *, *, #3745, .F. ) ;
#4723 = LINE ( 'NONE', #1862, #4441 ) ;
#4724 = AXIS2_PLACEMENT_3D ( 'NONE', #2532, #4556, #176 ) ;
#4725 = ORIENTED_EDGE ( 'NONE', *, *, #3395, .T. ) ;
#4726 = CARTESIAN_POINT ( 'NONE',  ( -0.2443881098391100237, -1.813606154621390409, 0.05905511999999999567 ) ) ;
#4727 = ORIENTED_EDGE ( 'NONE', *, *, #5212, .F. ) ;
#4728 = CARTESIAN_POINT ( 'NONE',  ( -1.153711373446389521, 1.655814420580571822, 0.2934569950511354275 ) ) ;
#4729 = EDGE_LOOP ( 'NONE', ( #3535, #46 ) ) ;
#4730 = DIRECTION ( 'NONE',  ( -1.000000000000000000, 0.000000000000000000, 0.000000000000000000 ) ) ;
#4731 = FACE_OUTER_BOUND ( 'NONE', #2270, .T. ) ;
#4732 = VECTOR ( 'NONE', #1595, 39.37007874015748143 ) ;
#4733 = DIRECTION ( 'NONE',  ( 1.000000000000000000, 0.000000000000000000, 0.000000000000000000 ) ) ;
#4734 = ORIENTED_EDGE ( 'NONE', *, *, #972, .F. ) ;
#4735 = DIRECTION ( 'NONE',  ( -1.000000000000000000, 0.000000000000000000, 0.000000000000000000 ) ) ;
#4736 = CARTESIAN_POINT ( 'NONE',  ( -0.9574401995036646573, 1.514002037378285648, 0.05905511999999997486 ) ) ;
#4737 = VECTOR ( 'NONE', #4487, 39.37007874015748143 ) ;
#4738 = DIRECTION ( 'NONE',  ( 0.000000000000000000, 0.000000000000000000, -1.000000000000000000 ) ) ;
#4739 = ADVANCED_FACE ( 'NONE', ( #3776 ), #4141, .F. ) ;
#4740 = CARTESIAN_POINT ( 'NONE',  ( -1.432427958270385160, -2.531765971032975404, 0.05905512000000000261 ) ) ;
#4741 = CYLINDRICAL_SURFACE ( 'NONE', #1080, 1.708259842519683991 ) ;
#4742 = ORIENTED_EDGE ( 'NONE', *, *, #1716, .F. ) ;
#4743 = STYLED_ITEM ( 'NONE', ( #5013 ), #1205 ) ;
#4744 = CARTESIAN_POINT ( 'NONE',  ( 1.001528639949608834, 2.758543015342254989, 0.000000000000000000 ) ) ;
#4745 = EDGE_CURVE ( 'NONE', #156, #3951, #152, .T. ) ;
#4746 = ORIENTED_EDGE ( 'NONE', *, *, #505, .F. ) ;
#4747 = CARTESIAN_POINT ( 'NONE',  ( 3.092847217540596424E-16, 2.185864326882349121E-15, 0.05905511999999999567 ) ) ;
#4748 = CARTESIAN_POINT ( 'NONE',  ( 1.257040680039471781, 1.303017989562359480, 0.1499999999999999944 ) ) ;
#4749 = CARTESIAN_POINT ( 'NONE',  ( 3.092847217540596424E-16, 2.185864326882349121E-15, 0.1499999999999999944 ) ) ;
#4750 = VERTEX_POINT ( 'NONE', #3374 ) ;
#4751 = ADVANCED_FACE ( 'NONE', ( #3803 ), #179, .F. ) ;
#4752 = ORIENTED_EDGE ( 'NONE', *, *, #157, .F. ) ;
#4753 = CARTESIAN_POINT ( 'NONE',  ( 2.071435516471089588, -2.632803619927272187, 0.3248031496062991907 ) ) ;
#4754 = DIRECTION ( 'NONE',  ( 1.000000000000000000, 0.000000000000000000, 0.000000000000000000 ) ) ;
#4755 = FACE_BOUND ( 'NONE', #4912, .T. ) ;
#4756 = ORIENTED_EDGE ( 'NONE', *, *, #1375, .F. ) ;
#4757 = DIRECTION ( 'NONE',  ( -0.000000000000000000, -0.000000000000000000, -1.000000000000000000 ) ) ;
#4758 = CARTESIAN_POINT ( 'NONE',  ( -0.9784828419669099331, 1.547276808562628947, 0.1893700799999999962 ) ) ;
#4759 = VERTEX_POINT ( 'NONE', #1071 ) ;
#4760 = CARTESIAN_POINT ( 'NONE',  ( -1.294978775360849932, 1.547850992415655824, 0.4298118894459647121 ) ) ;
#4761 = DIRECTION ( 'NONE',  ( -0.000000000000000000, -0.000000000000000000, -1.000000000000000000 ) ) ;
#4762 = CARTESIAN_POINT ( 'NONE',  ( -2.018110236220468590, 2.471472241113910741E-16, -5.708077732853926278 ) ) ;
#4763 = SURFACE_STYLE_FILL_AREA ( #3133 ) ;
#4764 = VERTEX_POINT ( 'NONE', #1299 ) ;
#4765 = ORIENTED_EDGE ( 'NONE', *, *, #4221, .T. ) ;
#4766 = EDGE_CURVE ( 'NONE', #107, #385, #2892, .T. ) ;
#4767 = ORIENTED_EDGE ( 'NONE', *, *, #4421, .F. ) ;
#4768 = DIRECTION ( 'NONE',  ( 0.000000000000000000, 0.000000000000000000, 1.000000000000000000 ) ) ;
#4769 = ORIENTED_EDGE ( 'NONE', *, *, #4674, .F. ) ;
#4770 = LINE ( 'NONE', #1185, #4325 ) ;
#4771 = ORIENTED_EDGE ( 'NONE', *, *, #3875, .T. ) ;
#4772 = CARTESIAN_POINT ( 'NONE',  ( -0.2966057773642475914, -0.01505167804213602967, 0.000000000000000000 ) ) ;
#4773 = ORIENTED_EDGE ( 'NONE', *, *, #3236, .T. ) ;
#4774 = CARTESIAN_POINT ( 'NONE',  ( 0.000000000000000000, 0.000000000000000000, 0.1893700799999999962 ) ) ;
#4775 = AXIS2_PLACEMENT_3D ( 'NONE', #1813, #2285, #2212 ) ;
#4776 = CARTESIAN_POINT ( 'NONE',  ( -1.151166223382846576, 1.657584886141462599, 0.3090581080104886080 ) ) ;
#4777 = ORIENTED_EDGE ( 'NONE', *, *, #4411, .F. ) ;
#4778 = PRESENTATION_STYLE_ASSIGNMENT (( #1573 ) ) ;
#4779 = DIRECTION ( 'NONE',  ( -0.000000000000000000, -0.000000000000000000, -1.000000000000000000 ) ) ;
#4780 = DIRECTION ( 'NONE',  ( -0.000000000000000000, -0.000000000000000000, -1.000000000000000000 ) ) ;
#4781 = CARTESIAN_POINT ( 'NONE',  ( 2.079743303778136099, -1.718805732558607247, 0.3149606299212598381 ) ) ;
#4782 = DIRECTION ( 'NONE',  ( -0.000000000000000000, -0.000000000000000000, -1.000000000000000000 ) ) ;
#4783 = DIRECTION ( 'NONE',  ( 0.6183389601406238389, -0.7859115283364992433, -0.000000000000000000 ) ) ;
#4784 = EDGE_LOOP ( 'NONE', ( #2199, #5082, #2664, #3474 ) ) ;
#4785 = DIRECTION ( 'NONE',  ( 1.000000000000000000, 0.000000000000000000, 0.000000000000000000 ) ) ;
#4786 = SURFACE_STYLE_FILL_AREA ( #2784 ) ;
#4787 = ORIENTED_EDGE ( 'NONE', *, *, #2811, .T. ) ;
#4788 = VERTEX_POINT ( 'NONE', #1528 ) ;
#4789 = CARTESIAN_POINT ( 'NONE',  ( 1.292040680039471479, 1.303017989562359480, 0.5084752992119263570 ) ) ;
#4790 = ORIENTED_EDGE ( 'NONE', *, *, #4295, .F. ) ;
#4791 = EDGE_CURVE ( 'NONE', #3468, #2103, #3547, .T. ) ;
#4792 = CARTESIAN_POINT ( 'NONE',  ( -2.316054496710616917, -1.099994349197570775, 0.000000000000000000 ) ) ;
#4793 = FACE_OUTER_BOUND ( 'NONE', #5159, .T. ) ;
#4794 = FACE_OUTER_BOUND ( 'NONE', #1308, .T. ) ;
#4795 = DIRECTION ( 'NONE',  ( 0.000000000000000000, 0.000000000000000000, -1.000000000000000000 ) ) ;
#4796 = VECTOR ( 'NONE', #466, 39.37007874015748143 ) ;
#4797 = AXIS2_PLACEMENT_3D ( 'NONE', #2912, #846, #2533 ) ;
#4798 = ORIENTED_EDGE ( 'NONE', *, *, #2517, .T. ) ;
#4799 = SURFACE_SIDE_STYLE ('',( #4436 ) ) ;
#4800 = CARTESIAN_POINT ( 'NONE',  ( 0.8598843766372653574, 2.415511303806133991, 0.000000000000000000 ) ) ;
#4801 = EDGE_CURVE ( 'NONE', #2815, #3177, #5051, .T. ) ;
#4802 = CARTESIAN_POINT ( 'NONE',  ( -1.189024924504162639, 1.630653841792596204, 0.2286109033211829178 ) ) ;
#4803 = ORIENTED_EDGE ( 'NONE', *, *, #160, .F. ) ;
#4804 = FACE_OUTER_BOUND ( 'NONE', #4683, .T. ) ;
#4805 = EDGE_CURVE ( 'NONE', #3968, #222, #332, .T. ) ;
#4806 =( GEOMETRIC_REPRESENTATION_CONTEXT ( 3 ) GLOBAL_UNCERTAINTY_ASSIGNED_CONTEXT ( ( #2490 ) ) GLOBAL_UNIT_ASSIGNED_CONTEXT ( ( #4265, #5053, #3868 ) ) REPRESENTATION_CONTEXT ( 'NONE', 'WORKASPACE' ) );
#4807 = CARTESIAN_POINT ( 'NONE',  ( -0.8749812222671368156, 1.631458410820978866, 0.05905511999999999567 ) ) ;
#4808 = DIRECTION ( 'NONE',  ( 0.000000000000000000, 0.000000000000000000, 1.000000000000000000 ) ) ;
#4809 = AXIS2_PLACEMENT_3D ( 'NONE', #4258, #3970, #3942 ) ;
#4810 = CARTESIAN_POINT ( 'NONE',  ( -1.340726495562510001, 1.508383701063662485, 0.3327998306755015068 ) ) ;
#4811 = ORIENTED_EDGE ( 'NONE', *, *, #73, .F. ) ;
#4812 = DIRECTION ( 'NONE',  ( 0.000000000000000000, 0.000000000000000000, 1.000000000000000000 ) ) ;
#4813 = CIRCLE ( 'NONE', #1196, 0.07950000000000007061 ) ;
#4814 = LINE ( 'NONE', #405, #4371 ) ;
#4815 = EDGE_LOOP ( 'NONE', ( #3409, #3380 ) ) ;
#4816 = SHAPE_DEFINITION_REPRESENTATION ( #4891, #305 ) ;
#4817 = ORIENTED_EDGE ( 'NONE', *, *, #1634, .T. ) ;
#4818 = ORIENTED_EDGE ( 'NONE', *, *, #3841, .T. ) ;
#4819 =( LENGTH_UNIT ( ) NAMED_UNIT ( * ) SI_UNIT ( $, .METRE. ) );
#4820 = EDGE_LOOP ( 'NONE', ( #2046, #192, #4403, #1950 ) ) ;
#4821 = DIRECTION ( 'NONE',  ( 1.000000000000000000, 0.000000000000000000, 0.000000000000000000 ) ) ;
#4822 = CARTESIAN_POINT ( 'NONE',  ( -1.618079363792127578, 2.818566864998960586, 0.5905511792125984760 ) ) ;
#4823 =( GEOMETRIC_REPRESENTATION_CONTEXT ( 3 ) GLOBAL_UNCERTAINTY_ASSIGNED_CONTEXT ( ( #2894 ) ) GLOBAL_UNIT_ASSIGNED_CONTEXT ( ( #2041, #980, #4055 ) ) REPRESENTATION_CONTEXT ( 'NONE', 'WORKASPACE' ) );
#4824 = CARTESIAN_POINT ( 'NONE',  ( 0.7182401133249227687, 2.072479592270012105, 0.000000000000000000 ) ) ;
#4825 = FACE_OUTER_BOUND ( 'NONE', #1452, .T. ) ;
#4826 = ORIENTED_EDGE ( 'NONE', *, *, #1511, .F. ) ;
#4827 =( NAMED_UNIT ( * ) SI_UNIT ( $, .STERADIAN. ) SOLID_ANGLE_UNIT ( ) );
#4828 = DIRECTION ( 'NONE',  ( 0.6183389601406238389, -0.7859115283364991322, 0.000000000000000000 ) ) ;
#4829 = ADVANCED_FACE ( 'NONE', ( #2754 ), #3181, .F. ) ;
#4830 = EDGE_CURVE ( 'NONE', #2857, #439, #1193, .T. ) ;
#4831 = AXIS2_PLACEMENT_3D ( 'NONE', #1296, #4560, #4190 ) ;
#4832 = ORIENTED_EDGE ( 'NONE', *, *, #4322, .T. ) ;
#4833 = EDGE_CURVE ( 'NONE', #932, #132, #2347, .T. ) ;
#4834 = FACE_OUTER_BOUND ( 'NONE', #2373, .T. ) ;
#4835 = CARTESIAN_POINT ( 'NONE',  ( -1.633536513739711982, -1.185043199135350944, 0.4921259842519685179 ) ) ;
#4836 = CARTESIAN_POINT ( 'NONE',  ( -0.4863540034874771489, -1.723601950829626972, 0.1893700799999999962 ) ) ;
#4837 = DIRECTION ( 'NONE',  ( 0.000000000000000000, 0.000000000000000000, 1.000000000000000000 ) ) ;
#4838 = DIRECTION ( 'NONE',  ( -1.000000000000000000, 0.000000000000000000, 0.000000000000000000 ) ) ;
#4839 = ORIENTED_EDGE ( 'NONE', *, *, #2433, .F. ) ;
#4840 = CYLINDRICAL_SURFACE ( 'NONE', #261, 1.830708659055118259 ) ;
#4841 = ORIENTED_EDGE ( 'NONE', *, *, #3580, .T. ) ;
#4842 = ORIENTED_EDGE ( 'NONE', *, *, #4614, .F. ) ;
#4843 = CARTESIAN_POINT ( 'NONE',  ( 0.01505167804217725884, -0.2966057773643364093, 0.05905512000000000261 ) ) ;
#4844 = EDGE_LOOP ( 'NONE', ( #4499, #1824, #4067, #423 ) ) ;
#4845 = DIRECTION ( 'NONE',  ( -1.000000000000000000, 0.000000000000000000, 0.000000000000000000 ) ) ;
#4846 = CARTESIAN_POINT ( 'NONE',  ( 1.658334193600794038, -0.7009694492546600930, 0.1893700799999999962 ) ) ;
#4847 = DIRECTION ( 'NONE',  ( -0.9992342594021155211, -0.03912665123806940287, 0.000000000000000000 ) ) ;
#4848 = FILL_AREA_STYLE_COLOUR ( '', #3498 ) ;
#4849 = UNCERTAINTY_MEASURE_WITH_UNIT (LENGTH_MEASURE( 1.000000000000000082E-05 ), #3986, 'distance_accuracy_value', 'NONE');
#4850 = ORIENTED_EDGE ( 'NONE', *, *, #1138, .F. ) ;
#4851 = DIRECTION ( 'NONE',  ( 1.000000000000000000, 0.000000000000000000, 0.000000000000000000 ) ) ;
#4852 = AXIS2_PLACEMENT_3D ( 'NONE', #2978, #1391, #4229 ) ;
#4853 = AXIS2_PLACEMENT_3D ( 'NONE', #1850, #4183, #2177 ) ;
#4854 = CARTESIAN_POINT ( 'NONE',  ( -1.278233083498593992, 1.561711543184202355, 0.2099556741119358028 ) ) ;
#4855 = AXIS2_PLACEMENT_3D ( 'NONE', #1384, #4507, #4591 ) ;
#4856 = VERTEX_POINT ( 'NONE', #1980 ) ;
#4857 = DIRECTION ( 'NONE',  ( 1.000000000000000000, 0.000000000000000000, 0.000000000000000000 ) ) ;
#4858 = DIRECTION ( 'NONE',  ( -0.000000000000000000, -0.000000000000000000, -1.000000000000000000 ) ) ;
#4859 = CARTESIAN_POINT ( 'NONE',  ( 1.340726495562512666, -1.508383701063666260, 0.3248031496062991907 ) ) ;
#4860 = EDGE_LOOP ( 'NONE', ( #2482, #2263 ) ) ;
#4861 = DIRECTION ( 'NONE',  ( 1.000000000000000000, 0.000000000000000000, 0.000000000000000000 ) ) ;
#4862 = VERTEX_POINT ( 'NONE', #1929 ) ;
#4863 = EDGE_CURVE ( 'NONE', #4750, #1559, #2325, .T. ) ;
#4864 = CARTESIAN_POINT ( 'NONE',  ( -1.668621967842993659, 2.828366565428139801, 0.5905511792125984760 ) ) ;
#4865 = VERTEX_POINT ( 'NONE', #4781 ) ;
#4866 = ORIENTED_EDGE ( 'NONE', *, *, #2674, .T. ) ;
#4867 = DIRECTION ( 'NONE',  ( 0.000000000000000000, 0.000000000000000000, -1.000000000000000000 ) ) ;
#4868 = ADVANCED_FACE ( 'NONE', ( #1094 ), #702, .F. ) ;
#4869 = CIRCLE ( 'NONE', #4561, 0.03937008000000002950 ) ;
#4870 = DIRECTION ( 'NONE',  ( -0.000000000000000000, -0.000000000000000000, -1.000000000000000000 ) ) ;
#4871 = DIRECTION ( 'NONE',  ( 0.000000000000000000, 0.000000000000000000, 1.000000000000000000 ) ) ;
#4872 = DIRECTION ( 'NONE',  ( -0.000000000000000000, -0.000000000000000000, -1.000000000000000000 ) ) ;
#4873 = DIRECTION ( 'NONE',  ( -0.000000000000000000, -0.000000000000000000, 1.000000000000000000 ) ) ;
#4874 = ORIENTED_EDGE ( 'NONE', *, *, #5093, .F. ) ;
#4875 = SURFACE_STYLE_USAGE ( .BOTH. , #4980 ) ;
#4876 = CARTESIAN_POINT ( 'NONE',  ( -1.304958245055554134, 1.539446709724227924, 0.2284994393265461221 ) ) ;
#4877 = ORIENTED_EDGE ( 'NONE', *, *, #2649, .F. ) ;
#4878 = ORIENTED_EDGE ( 'NONE', *, *, #2210, .T. ) ;
#4879 = LINE ( 'NONE', #2572, #1840 ) ;
#4880 =( GEOMETRIC_REPRESENTATION_CONTEXT ( 3 ) GLOBAL_UNCERTAINTY_ASSIGNED_CONTEXT ( ( #418 ) ) GLOBAL_UNIT_ASSIGNED_CONTEXT ( ( #4925, #5136, #1961 ) ) REPRESENTATION_CONTEXT ( 'NONE', 'WORKASPACE' ) );
#4881 = CARTESIAN_POINT ( 'NONE',  ( 1.406576461623848973, 1.108551559115650287, 0.4318889433028857971 ) ) ;
#4882 = CARTESIAN_POINT ( 'NONE',  ( 1.260257051099106684, -1.576255724064434816, 0.2045738254041211401 ) ) ;
#4883 = ORIENTED_EDGE ( 'NONE', *, *, #3517, .T. ) ;
#4884 = MECHANICAL_DESIGN_GEOMETRIC_PRESENTATION_REPRESENTATION (  '', ( #338 ), #2139 ) ;
#4885 = DIRECTION ( 'NONE',  ( -0.000000000000000000, -0.000000000000000000, -1.000000000000000000 ) ) ;
#4886 = EDGE_LOOP ( 'NONE', ( #5078, #2209, #3751, #1460 ) ) ;
#4887 = CYLINDRICAL_SURFACE ( 'NONE', #2054, 0.03499999999999976047 ) ;
#4888 =( GEOMETRIC_REPRESENTATION_CONTEXT ( 3 ) GLOBAL_UNCERTAINTY_ASSIGNED_CONTEXT ( ( #1654 ) ) GLOBAL_UNIT_ASSIGNED_CONTEXT ( ( #957, #4492, #563 ) ) REPRESENTATION_CONTEXT ( 'NONE', 'WORKASPACE' ) );
#4889 = DIRECTION ( 'NONE',  ( 0.6183389601406238389, -0.7859115283364992433, 0.000000000000000000 ) ) ;
#4890 = VERTEX_POINT ( 'NONE', #4836 ) ;
#4891 = PRODUCT_DEFINITION_SHAPE ( 'NONE', 'NONE',  #4652 ) ;
#4892 = DIRECTION ( 'NONE',  ( -0.000000000000000000, -0.000000000000000000, 1.000000000000000000 ) ) ;
#4893 = ADVANCED_FACE ( 'NONE', ( #2476, #2879 ), #4519, .F. ) ;
#4894 = DIRECTION ( 'NONE',  ( -0.000000000000000000, -0.000000000000000000, -1.000000000000000000 ) ) ;
#4895 = CARTESIAN_POINT ( 'NONE',  ( 2.181900883159483051, -2.545891750706786638, 0.3248031496062991907 ) ) ;
#4896 = CIRCLE ( 'NONE', #524, 0.1267401574803148911 ) ;
#4897 = DIRECTION ( 'NONE',  ( -1.000000000000000000, 0.000000000000000000, 0.000000000000000000 ) ) ;
#4898 = EDGE_CURVE ( 'NONE', #3866, #4084, #4267, .T. ) ;
#4899 = DIRECTION ( 'NONE',  ( -1.000000000000000000, 0.000000000000000000, 0.000000000000000000 ) ) ;
#4900 = ORIENTED_EDGE ( 'NONE', *, *, #357, .F. ) ;
#4901 = UNCERTAINTY_MEASURE_WITH_UNIT (LENGTH_MEASURE( 1.000000000000000082E-05 ), #3095, 'distance_accuracy_value', 'NONE');
#4902 = ORIENTED_EDGE ( 'NONE', *, *, #2623, .T. ) ;
#4903 = FILL_AREA_STYLE ('',( #72 ) ) ;
#4904 = CIRCLE ( 'NONE', #1893, 0.2952755905511810774 ) ;
#4905 = LINE ( 'NONE', #1306, #4602 ) ;
#4906 = ORIENTED_EDGE ( 'NONE', *, *, #3841, .F. ) ;
#4907 = AXIS2_PLACEMENT_3D ( 'NONE', #307, #4669, #5114 ) ;
#4908 = DIRECTION ( 'NONE',  ( 0.7859115283364985771, 0.6183389601406246161, 0.000000000000000000 ) ) ;
#4909 = ADVANCED_FACE ( 'NONE', ( #2833 ), #2185, .F. ) ;
#4910 = LINE ( 'NONE', #4057, #3503 ) ;
#4911 = SURFACE_STYLE_USAGE ( .BOTH. , #2500 ) ;
#4912 = EDGE_LOOP ( 'NONE', ( #3352, #2000 ) ) ;
#4913 = CARTESIAN_POINT ( 'NONE',  ( -1.811177625312218042, -0.2947212404431331367, 0.1893700799999999962 ) ) ;
#4914 = SURFACE_STYLE_USAGE ( .BOTH. , #2935 ) ;
#4915 = DIRECTION ( 'NONE',  ( -1.000000000000000000, 0.000000000000000000, 0.000000000000000000 ) ) ;
#4916 = ORIENTED_EDGE ( 'NONE', *, *, #424, .F. ) ;
#4917 = AXIS2_PLACEMENT_3D ( 'NONE', #2086, #23, #2028 ) ;
#4918 = CARTESIAN_POINT ( 'NONE',  ( 1.703255168496018213, -2.872385515245265086, 0.5905511792125984760 ) ) ;
#4919 = DIRECTION ( 'NONE',  ( 1.000000000000000000, 0.000000000000000000, 0.000000000000000000 ) ) ;
#4920 = CARTESIAN_POINT ( 'NONE',  ( 1.205214992251580464, -1.618727681969134524, 0.4335084884322449872 ) ) ;
#4921 = AXIS2_PLACEMENT_3D ( 'NONE', #2648, #3861, #4545 ) ;
#4922 = CIRCLE ( 'NONE', #1051, 2.663563497773345112 ) ;
#4923 = EDGE_CURVE ( 'NONE', #1227, #3510, #4495, .T. ) ;
#4924 = DIRECTION ( 'NONE',  ( -0.6183389601406238389, 0.7859115283364992433, -0.000000000000000000 ) ) ;
#4925 =( CONVERSION_BASED_UNIT ( 'INCH', #228 ) LENGTH_UNIT ( ) NAMED_UNIT ( #2807 ) );
#4926 = EDGE_LOOP ( 'NONE', ( #1105, #962, #597, #3767 ) ) ;
#4927 = CARTESIAN_POINT ( 'NONE',  ( -1.432427958270385160, -2.531765971032975404, 0.5905511792125984760 ) ) ;
#4928 = CARTESIAN_POINT ( 'NONE',  ( -1.776177625312218344, -0.2947212404431331367, 0.1499999999999999944 ) ) ;
#4929 = AXIS2_PLACEMENT_3D ( 'NONE', #1622, #1220, #2822 ) ;
#4930 = EDGE_CURVE ( 'NONE', #1479, #2217, #564, .T. ) ;
#4931 = CARTESIAN_POINT ( 'NONE',  ( -0.01505167804204735754, 0.2966057773642921669, 0.000000000000000000 ) ) ;
#4932 = VERTEX_POINT ( 'NONE', #2550 ) ;
#4933 = LENGTH_MEASURE_WITH_UNIT ( LENGTH_MEASURE( 0.02539999999999999897 ), #888 );
#4934 = EDGE_CURVE ( 'NONE', #4937, #1687, #3147, .T. ) ;
#4935 = ORIENTED_EDGE ( 'NONE', *, *, #3819, .T. ) ;
#4936 = AXIS2_PLACEMENT_3D ( 'NONE', #2959, #2198, #3790 ) ;
#4937 = VERTEX_POINT ( 'NONE', #813 ) ;
#4938 = DIRECTION ( 'NONE',  ( 0.7859115283364993543, 0.6183389601406237279, 0.000000000000000000 ) ) ;
#4939 =( NAMED_UNIT ( * ) SI_UNIT ( $, .STERADIAN. ) SOLID_ANGLE_UNIT ( ) );
#4940 = FACE_BOUND ( 'NONE', #736, .T. ) ;
#4941 = LINE ( 'NONE', #3770, #2960 ) ;
#4942 = CARTESIAN_POINT ( 'NONE',  ( -2.079743303778148089, 1.718805732558593924, 0.5905511792125984760 ) ) ;
#4943 = DIRECTION ( 'NONE',  ( -1.000000000000000000, 0.000000000000000000, 5.366600396873983062E-16 ) ) ;
#4944 = DIRECTION ( 'NONE',  ( 0.000000000000000000, 0.000000000000000000, 1.000000000000000000 ) ) ;
#4945 = DIRECTION ( 'NONE',  ( 0.000000000000000000, 0.000000000000000000, 1.000000000000000000 ) ) ;
#4946 = ADVANCED_FACE ( 'NONE', ( #3215 ), #1178, .F. ) ;
#4947 = CARTESIAN_POINT ( 'NONE',  ( -2.602150823964573867, -1.947128934955384860, 0.4921259842519685179 ) ) ;
#4948 = ORIENTED_EDGE ( 'NONE', *, *, #3283, .T. ) ;
#4949 = ORIENTED_EDGE ( 'NONE', *, *, #4204, .T. ) ;
#4950 = CARTESIAN_POINT ( 'NONE',  ( -0.7819652264139465014, 1.518776505692908119, 0.1893700799999999962 ) ) ;
#4951 = MECHANICAL_DESIGN_GEOMETRIC_PRESENTATION_REPRESENTATION (  '', ( #1346 ), #1943 ) ;
#4952 = DIRECTION ( 'NONE',  ( 1.000000000000000000, 0.000000000000000000, 0.000000000000000000 ) ) ;
#4953 = EDGE_LOOP ( 'NONE', ( #4957, #1561, #4426, #541 ) ) ;
#4954 = VERTEX_POINT ( 'NONE', #2759 ) ;
#4955 = VERTEX_POINT ( 'NONE', #3979 ) ;
#4956 = CARTESIAN_POINT ( 'NONE',  ( -1.902577949447439742, 1.718805732558593924, 0.5905511792125984760 ) ) ;
#4957 = ORIENTED_EDGE ( 'NONE', *, *, #5121, .F. ) ;
#4958 = EDGE_CURVE ( 'NONE', #240, #3981, #2016, .T. ) ;
#4959 = ORIENTED_EDGE ( 'NONE', *, *, #3020, .F. ) ;
#4960 = CARTESIAN_POINT ( 'NONE',  ( 1.163696230787304220, -1.648817531603315789, 0.2640964535615968334 ) ) ;
#4961 = EDGE_CURVE ( 'NONE', #881, #3203, #1099, .T. ) ;
#4962 = AXIS2_PLACEMENT_3D ( 'NONE', #146, #2275, #3824 ) ;
#4963 = ORIENTED_EDGE ( 'NONE', *, *, #2272, .T. ) ;
#4964 = EDGE_LOOP ( 'NONE', ( #1245, #5071 ) ) ;
#4965 = DIRECTION ( 'NONE',  ( 0.6183389601406238389, -0.7859115283364992433, -0.000000000000000000 ) ) ;
#4966 = AXIS2_PLACEMENT_3D ( 'NONE', #177, #2684, #1074 ) ;
#4967 = DIMENSIONAL_EXPONENTS ( 1.000000000000000000, 0.000000000000000000, 0.000000000000000000, 0.000000000000000000, 0.000000000000000000, 0.000000000000000000, 0.000000000000000000 ) ;
#4968 = FACE_BOUND ( 'NONE', #4026, .T. ) ;
#4969 = CYLINDRICAL_SURFACE ( 'NONE', #3379, 0.03937007999999996011 ) ;
#4970 = VECTOR ( 'NONE', #31, 39.37007874015748143 ) ;
#4971 = AXIS2_PLACEMENT_3D ( 'NONE', #2836, #1342, #4838 ) ;
#4972 = ORIENTED_EDGE ( 'NONE', *, *, #310, .F. ) ;
#4973 = DIRECTION ( 'NONE',  ( 1.000000000000000000, 0.000000000000000000, 0.000000000000000000 ) ) ;
#4974 = SURFACE_STYLE_FILL_AREA ( #3771 ) ;
#4975 = CARTESIAN_POINT ( 'NONE',  ( 0.000000000000000000, 0.000000000000000000, 0.4256760242917309034 ) ) ;
#4976 = CARTESIAN_POINT ( 'NONE',  ( -1.895971086889295831, -1.902577949447445738, 0.000000000000000000 ) ) ;
#4977 = CARTESIAN_POINT ( 'NONE',  ( 1.467074007654409984, -1.027904548523856487, 0.05905511999999999567 ) ) ;
#4978 = SURFACE_STYLE_FILL_AREA ( #976 ) ;
#4979 = VERTEX_POINT ( 'NONE', #1211 ) ;
#4980 = SURFACE_SIDE_STYLE ('',( #2163 ) ) ;
#4981 = DIRECTION ( 'NONE',  ( 0.000000000000000000, 0.000000000000000000, 1.000000000000000000 ) ) ;
#4982 = CIRCLE ( 'NONE', #1804, 0.2952755905511810774 ) ;
#4983 = CIRCLE ( 'NONE', #345, 2.018110236220472586 ) ;
#4984 = DIRECTION ( 'NONE',  ( -1.000000000000000000, 0.000000000000000000, 0.000000000000000000 ) ) ;
#4985 = VECTOR ( 'NONE', #4828, 39.37007874015748143 ) ;
#4986 = VERTEX_POINT ( 'NONE', #4740 ) ;
#4987 = CIRCLE ( 'NONE', #1032, 0.03499999999999976047 ) ;
#4988 = ORIENTED_EDGE ( 'NONE', *, *, #4923, .F. ) ;
#4989 = EDGE_LOOP ( 'NONE', ( #1536, #2307 ) ) ;
#4990 =( LENGTH_UNIT ( ) NAMED_UNIT ( * ) SI_UNIT ( $, .METRE. ) );
#4991 = EDGE_CURVE ( 'NONE', #3882, #1680, #2757, .T. ) ;
#4992 = AXIS2_PLACEMENT_3D ( 'NONE', #1483, #707, #3922 ) ;
#4993 = VECTOR ( 'NONE', #689, 39.37007874015748143 ) ;
#4994 = VERTEX_POINT ( 'NONE', #3606 ) ;
#4995 = DIRECTION ( 'NONE',  ( -0.7859115283364993543, -0.6183389601406237279, 0.000000000000000000 ) ) ;
#4996 = CARTESIAN_POINT ( 'NONE',  ( 2.960169275137722433, 0.01505167804208845661, 0.05905512000000000261 ) ) ;
#4997 = CYLINDRICAL_SURFACE ( 'NONE', #4853, 0.1771653543307085410 ) ;
#4998 = EDGE_LOOP ( 'NONE', ( #4959, #181, #1812, #4874 ) ) ;
#4999 = CIRCLE ( 'NONE', #1477, 0.3711251169736387578 ) ;
#5000 = DIRECTION ( 'NONE',  ( -0.7859115283364989102, -0.6183389601406241720, 0.000000000000000000 ) ) ;
#5001 = SURFACE_SIDE_STYLE ('',( #519 ) ) ;
#5002 =( LENGTH_UNIT ( ) NAMED_UNIT ( * ) SI_UNIT ( $, .METRE. ) );
#5003 = CARTESIAN_POINT ( 'NONE',  ( 1.309706987634337239, -1.535404765995407539, 0.4160018428911588240 ) ) ;
#5004 = DIRECTION ( 'NONE',  ( -1.000000000000000000, 0.000000000000000000, 0.000000000000000000 ) ) ;
#5005 = LINE ( 'NONE', #2997, #2514 ) ;
#5007 = ORIENTED_EDGE ( 'NONE', *, *, #1003, .F. ) ;
#5006 = CIRCLE ( 'NONE', #726, 0.03937008000000002950 ) ;
#5008 = AXIS2_PLACEMENT_3D ( 'NONE', #1504, #3096, #1949 ) ;
#5009 = AXIS2_PLACEMENT_3D ( 'NONE', #3990, #850, #2487 ) ;
#5010 = DIRECTION ( 'NONE',  ( 0.000000000000000000, 0.000000000000000000, 1.000000000000000000 ) ) ;
#5012 = EDGE_CURVE ( 'NONE', #2573, #3246, #4368, .T. ) ;
#5011 = ORIENTED_EDGE ( 'NONE', *, *, #3825, .F. ) ;
#5013 = PRESENTATION_STYLE_ASSIGNMENT (( #1354 ) ) ;
#5014 = DIRECTION ( 'NONE',  ( 1.000000000000000000, 0.000000000000000000, 0.000000000000000000 ) ) ;
#5015 = VECTOR ( 'NONE', #4483, 39.37007874015748143 ) ;
#5016 = ORIENTED_EDGE ( 'NONE', *, *, #1560, .F. ) ;
#5017 = VERTEX_POINT ( 'NONE', #2782 ) ;
#5018 =( NAMED_UNIT ( * ) PLANE_ANGLE_UNIT ( ) SI_UNIT ( $, .RADIAN. ) );
#5019 = ORIENTED_EDGE ( 'NONE', *, *, #812, .F. ) ;
#5020 = ORIENTED_EDGE ( 'NONE', *, *, #778, .F. ) ;
#5021 = CYLINDRICAL_SURFACE ( 'NONE', #2781, 3.250000000000000000 ) ;
#5022 = CARTESIAN_POINT ( 'NONE',  ( -2.356294555137430802, 2.287319975305095454, 0.5905511792125984760 ) ) ;
#5023 = CIRCLE ( 'NONE', #476, 2.663563497773345112 ) ;
#5024 = CARTESIAN_POINT ( 'NONE',  ( 1.895971086889295831, 1.902577949447445738, 0.000000000000000000 ) ) ;
#5025 = VERTEX_POINT ( 'NONE', #733 ) ;
#5026 = AXIS2_PLACEMENT_3D ( 'NONE', #4046, #2893, #417 ) ;
#5027 = DIRECTION ( 'NONE',  ( -0.000000000000000000, -0.000000000000000000, -1.000000000000000000 ) ) ;
#5028 = FACE_OUTER_BOUND ( 'NONE', #2014, .T. ) ;
#5029 = CYLINDRICAL_SURFACE ( 'NONE', #1520, 0.03499999999999976047 ) ;
#5030 = EDGE_CURVE ( 'NONE', #1399, #2334, #4532, .T. ) ;
#5031 = DIRECTION ( 'NONE',  ( -0.000000000000000000, -0.000000000000000000, -1.000000000000000000 ) ) ;
#5032 = EDGE_CURVE ( 'NONE', #439, #2414, #4037, .T. ) ;
#5033 = CARTESIAN_POINT ( 'NONE',  ( 2.347865874880960657, -2.262975920977241984, 0.1771653543307086798 ) ) ;
#5034 = EDGE_CURVE ( 'NONE', #3968, #1033, #2357, .T. ) ;
#5035 = ORIENTED_EDGE ( 'NONE', *, *, #4703, .F. ) ;
#5036 = LINE ( 'NONE', #1436, #2213 ) ;
#5037 = VERTEX_POINT ( 'NONE', #3160 ) ;
#5038 = CARTESIAN_POINT ( 'NONE',  ( -0.8598843766371335740, -2.415511303806179733, 0.05905512000000000261 ) ) ;
#5039 = ORIENTED_EDGE ( 'NONE', *, *, #2773, .T. ) ;
#5040 = CARTESIAN_POINT ( 'NONE',  ( -0.2600912743954647555, -1.688343631654622312, 0.4226956622450883660 ) ) ;
#5041 = DIMENSIONAL_EXPONENTS ( 1.000000000000000000, 0.000000000000000000, 0.000000000000000000, 0.000000000000000000, 0.000000000000000000, 0.000000000000000000, 0.000000000000000000 ) ;
#5042 = DIRECTION ( 'NONE',  ( -0.000000000000000000, -0.000000000000000000, -1.000000000000000000 ) ) ;
#5043 = EDGE_LOOP ( 'NONE', ( #1189, #2817, #4564, #1005 ) ) ;
#5044 = DIRECTION ( 'NONE',  ( 1.000000000000000000, 0.000000000000000000, 0.000000000000000000 ) ) ;
#5045 = DIRECTION ( 'NONE',  ( -0.000000000000000000, -0.000000000000000000, -1.000000000000000000 ) ) ;
#5046 = ORIENTED_EDGE ( 'NONE', *, *, #1025, .F. ) ;
#5047 =( LENGTH_UNIT ( ) NAMED_UNIT ( * ) SI_UNIT ( $, .METRE. ) );
#5048 = DIRECTION ( 'NONE',  ( -0.000000000000000000, -0.000000000000000000, 1.000000000000000000 ) ) ;
#5049 = DIRECTION ( 'NONE',  ( -1.000000000000000000, 0.000000000000000000, 0.000000000000000000 ) ) ;
#5050 = EDGE_LOOP ( 'NONE', ( #1376, #3217, #2353, #1759 ) ) ;
#5051 = CIRCLE ( 'NONE', #3627, 0.03937008000000002950 ) ;
#5052 = CARTESIAN_POINT ( 'NONE',  ( -1.541640378227878916, -1.902577949447445738, 0.000000000000000000 ) ) ;
#5053 =( NAMED_UNIT ( * ) PLANE_ANGLE_UNIT ( ) SI_UNIT ( $, .RADIAN. ) );
#5054 = DIRECTION ( 'NONE',  ( 1.000000000000000000, 0.000000000000000000, 0.000000000000000000 ) ) ;
#5055 = ADVANCED_FACE ( 'NONE', ( #2410 ), #758, .F. ) ;
#5056 = CIRCLE ( 'NONE', #3631, 3.250000000000000000 ) ;
#5057 = CYLINDRICAL_SURFACE ( 'NONE', #3924, 2.663563497773345112 ) ;
#5058 = ADVANCED_FACE ( 'NONE', ( #1510 ), #4741, .F. ) ;
#5059 = ORIENTED_EDGE ( 'NONE', *, *, #1070, .T. ) ;
#5060 = AXIS2_PLACEMENT_3D ( 'NONE', #1545, #3172, #3145 ) ;
#5061 = CARTESIAN_POINT ( 'NONE',  ( -0.5827006698115142491, 1.693916714071983964, 0.1893700799999999962 ) ) ;
#5062 = DIRECTION ( 'NONE',  ( -0.000000000000000000, -0.000000000000000000, 1.000000000000000000 ) ) ;
#5063 = EDGE_CURVE ( 'NONE', #5107, #4672, #4688, .T. ) ;
#5064 = LENGTH_MEASURE_WITH_UNIT ( LENGTH_MEASURE( 0.02539999999999999897 ), #1084 );
#5065 = COLOUR_RGB ( '',0.7921568627450980005, 0.8196078431372548767, 0.9333333333333333481 ) ;
#5066 = ORIENTED_EDGE ( 'NONE', *, *, #851, .T. ) ;
#5067 = CARTESIAN_POINT ( 'NONE',  ( 2.071435516471089588, -2.632803619927272187, 0.3248031496062991907 ) ) ;
#5068 = VECTOR ( 'NONE', #2630, 39.37007874015748143 ) ;
#5069 = FACE_OUTER_BOUND ( 'NONE', #3691, .T. ) ;
#5070 = AXIS2_PLACEMENT_3D ( 'NONE', #837, #2456, #3975 ) ;
#5071 = ORIENTED_EDGE ( 'NONE', *, *, #2492, .F. ) ;
#5072 = VECTOR ( 'NONE', #4613, 39.37007874015748143 ) ;
#5073 =( LENGTH_UNIT ( ) NAMED_UNIT ( * ) SI_UNIT ( $, .METRE. ) );
#5074 = CIRCLE ( 'NONE', #1117, 0.03937008000000002950 ) ;
#5075 = FACE_BOUND ( 'NONE', #4047, .T. ) ;
#5076 = CIRCLE ( 'NONE', #2882, 0.03937008000000002950 ) ;
#5077 = DIRECTION ( 'NONE',  ( -1.000000000000000000, 5.388678789689389225E-15, 0.000000000000000000 ) ) ;
#5078 = ORIENTED_EDGE ( 'NONE', *, *, #1600, .F. ) ;
#5079 = DIRECTION ( 'NONE',  ( -0.000000000000000000, -0.000000000000000000, -1.000000000000000000 ) ) ;
#5080 = DIRECTION ( 'NONE',  ( 1.000000000000000000, -8.886655956562075409E-16, 0.000000000000000000 ) ) ;
#5081 = CARTESIAN_POINT ( 'NONE',  ( 1.099994349197612298, -2.316054496710705735, 0.05905512000000000261 ) ) ;
#5082 = ORIENTED_EDGE ( 'NONE', *, *, #262, .F. ) ;
#5083 = VECTOR ( 'NONE', #3271, 39.37007874015748143 ) ;
#5084 = DIRECTION ( 'NONE',  ( 0.000000000000000000, 0.000000000000000000, 1.000000000000000000 ) ) ;
#5085 =( GEOMETRIC_REPRESENTATION_CONTEXT ( 3 ) GLOBAL_UNCERTAINTY_ASSIGNED_CONTEXT ( ( #543 ) ) GLOBAL_UNIT_ASSIGNED_CONTEXT ( ( #5207, #1645, #3980 ) ) REPRESENTATION_CONTEXT ( 'NONE', 'WORKASPACE' ) );
#5086 = ORIENTED_EDGE ( 'NONE', *, *, #2530, .F. ) ;
#5087 = CYLINDRICAL_SURFACE ( 'NONE', #3878, 0.03937008000000002950 ) ;
#5088 = DIRECTION ( 'NONE',  ( 1.000000000000000000, 0.000000000000000000, 0.000000000000000000 ) ) ;
#5089 = EDGE_CURVE ( 'NONE', #3441, #789, #4187, .T. ) ;
#5090 = DIRECTION ( 'NONE',  ( 0.000000000000000000, 0.000000000000000000, -1.000000000000000000 ) ) ;
#5091 = ORIENTED_EDGE ( 'NONE', *, *, #1925, .F. ) ;
#5092 = ADVANCED_FACE ( 'NONE', ( #1020, #4218, #3077, #635, #2254, #3849, #2686 ), #3507, .F. ) ;
#5093 = EDGE_CURVE ( 'NONE', #3220, #292, #5106, .T. ) ;
#5094 = VECTOR ( 'NONE', #4029, 39.37007874015748143 ) ;
#5095 = CIRCLE ( 'NONE', #3343, 0.07950000000000007061 ) ;
#5096 = DIRECTION ( 'NONE',  ( 1.000000000000000000, 0.000000000000000000, 0.000000000000000000 ) ) ;
#5097 = ADVANCED_FACE ( 'NONE', ( #3830 ), #4292, .T. ) ;
#5098 = ORIENTED_EDGE ( 'NONE', *, *, #2159, .F. ) ;
#5099 = CARTESIAN_POINT ( 'NONE',  ( 1.718805732558587263, 1.902577949447445738, 0.000000000000000000 ) ) ;
#5100 = LENGTH_MEASURE_WITH_UNIT ( LENGTH_MEASURE( 0.02539999999999999897 ), #5172 );
#5101 = CARTESIAN_POINT ( 'NONE',  ( 2.071435516471089588, -2.632803619927272187, 0.3248031496062991907 ) ) ;
#5102 = VERTEX_POINT ( 'NONE', #3428 ) ;
#5103 = DIRECTION ( 'NONE',  ( -5.366600396873987007E-16, -3.869166239580927311E-16, 1.000000000000000000 ) ) ;
#5104 = DIRECTION ( 'NONE',  ( -0.000000000000000000, -0.000000000000000000, 1.000000000000000000 ) ) ;
#5105 = DIRECTION ( 'NONE',  ( -1.000000000000000000, 0.000000000000000000, 0.000000000000000000 ) ) ;
#5106 = LINE ( 'NONE', #302, #3056 ) ;
#5107 = VERTEX_POINT ( 'NONE', #1856 ) ;
#5108 = ORIENTED_EDGE ( 'NONE', *, *, #2059, .F. ) ;
#5109 = CARTESIAN_POINT ( 'NONE',  ( 2.531765971032962526, -1.511927958270452788, 0.5905511792125984760 ) ) ;
#5110 = ORIENTED_EDGE ( 'NONE', *, *, #4014, .T. ) ;
#5111 = CARTESIAN_POINT ( 'NONE',  ( -1.902577949447439742, 1.718805732558593924, 0.3149606299212598381 ) ) ;
#5112 = VECTOR ( 'NONE', #1326, 39.37007874015748143 ) ;
#5113 = EDGE_LOOP ( 'NONE', ( #2036, #3516 ) ) ;
#5114 = DIRECTION ( 'NONE',  ( 1.000000000000000000, 0.000000000000000000, -0.000000000000000000 ) ) ;
#5115 = AXIS2_PLACEMENT_3D ( 'NONE', #5061, #4692, #612 ) ;
#5116 = CYLINDRICAL_SURFACE ( 'NONE', #4274, 0.03499999999999976047 ) ;
#5117 = ORIENTED_EDGE ( 'NONE', *, *, #878, .T. ) ;
#5118 = ORIENTED_EDGE ( 'NONE', *, *, #1191, .F. ) ;
#5119 = CARTESIAN_POINT ( 'NONE',  ( 0.000000000000000000, 0.000000000000000000, 0.05905512000000000955 ) ) ;
#5120 = CARTESIAN_POINT ( 'NONE',  ( -2.044386186832451546, 0.8598843766371754294, 0.000000000000000000 ) ) ;
#5121 = EDGE_CURVE ( 'NONE', #4662, #3905, #794, .T. ) ;
#5122 = EDGE_LOOP ( 'NONE', ( #589, #1435 ) ) ;
#5123 = ADVANCED_FACE ( 'NONE', ( #1101 ), #5057, .F. ) ;
#5124 = LINE ( 'NONE', #2350, #2130 ) ;
#5125 = CARTESIAN_POINT ( 'NONE',  ( 1.638506277379085496, -0.8261490053189098903, 0.1893700799999999962 ) ) ;
#5126 = DIRECTION ( 'NONE',  ( -0.000000000000000000, -0.000000000000000000, -1.000000000000000000 ) ) ;
#5127 = ORIENTED_EDGE ( 'NONE', *, *, #1728, .F. ) ;
#5128 = ADVANCED_FACE ( 'NONE', ( #4665 ), #2332, .F. ) ;
#5129 = CARTESIAN_POINT ( 'NONE',  ( -1.153731858045399017, 1.655800146966121655, 0.3562307677624483859 ) ) ;
#5130 = CARTESIAN_POINT ( 'NONE',  ( 0.7182401133249227687, 2.072479592270012105, 0.05905512000000000261 ) ) ;
#5131 = CIRCLE ( 'NONE', #1177, 0.03937007999999999480 ) ;
#5132 = LENGTH_MEASURE_WITH_UNIT ( LENGTH_MEASURE( 0.02539999999999999897 ), #300 );
#5133 = AXIS2_PLACEMENT_3D ( 'NONE', #3014, #3041, #627 ) ;
#5134 = CARTESIAN_POINT ( 'NONE',  ( 1.638506277379085496, -0.8261490053189098903, 0.05905511999999999567 ) ) ;
#5135 = EDGE_LOOP ( 'NONE', ( #4708, #1118, #4243, #386 ) ) ;
#5136 =( NAMED_UNIT ( * ) PLANE_ANGLE_UNIT ( ) SI_UNIT ( $, .RADIAN. ) );
#5137 = VERTEX_POINT ( 'NONE', #1535 ) ;
#5138 = DIRECTION ( 'NONE',  ( -0.6183389601406237279, 0.7859115283364991322, 0.000000000000000000 ) ) ;
#5139 = SURFACE_STYLE_USAGE ( .BOTH. , #3458 ) ;
#5140 = AXIS2_PLACEMENT_3D ( 'NONE', #4188, #970, #1805 ) ;
#5141 = VERTEX_POINT ( 'NONE', #4318 ) ;
#5142 = ORIENTED_EDGE ( 'NONE', *, *, #5030, .F. ) ;
#5143 = CYLINDRICAL_SURFACE ( 'NONE', #2875, 0.3711251169736392019 ) ;
#5144 = CIRCLE ( 'NONE', #1626, 0.3711251169736387578 ) ;
#5145 = DIRECTION ( 'NONE',  ( 1.000000000000000000, 0.000000000000000000, 0.000000000000000000 ) ) ;
#5146 = EDGE_LOOP ( 'NONE', ( #2123, #3242, #4949, #4309 ) ) ;
#5147 = VECTOR ( 'NONE', #1657, 39.37007874015748143 ) ;
#5148 = EDGE_CURVE ( 'NONE', #2748, #185, #1323, .T. ) ;
#5149 = CARTESIAN_POINT ( 'NONE',  ( -0.2966057773642475914, -0.01505167804213602967, 0.05905512000000000261 ) ) ;
#5150 = ORIENTED_EDGE ( 'NONE', *, *, #2378, .T. ) ;
#5151 = DIRECTION ( 'NONE',  ( 1.000000000000000000, 0.000000000000000000, 0.000000000000000000 ) ) ;
#5152 = CARTESIAN_POINT ( 'NONE',  ( 0.000000000000000000, 0.000000000000000000, 0.4226956622450883660 ) ) ;
#5153 = AXIS2_PLACEMENT_3D ( 'NONE', #3253, #745, #4355 ) ;
#5154 = DIRECTION ( 'NONE',  ( -1.000000000000000000, 1.886037576391285795E-15, 0.000000000000000000 ) ) ;
#5155 = ORIENTED_EDGE ( 'NONE', *, *, #85, .T. ) ;
#5156 = DIRECTION ( 'NONE',  ( -0.000000000000000000, -0.000000000000000000, -1.000000000000000000 ) ) ;
#5157 = DIRECTION ( 'NONE',  ( -0.7859115283364989102, -0.6183389601406241720, 0.000000000000000000 ) ) ;
#5158 = ADVANCED_FACE ( 'NONE', ( #4269 ), #279, .F. ) ;
#5159 = EDGE_LOOP ( 'NONE', ( #3858, #2740, #2019, #3523 ) ) ;
#5160 = FILL_AREA_STYLE ('',( #3929 ) ) ;
#5161 = CARTESIAN_POINT ( 'NONE',  ( 2.166530811399805856, -2.557984605750256879, 0.3248031496062991907 ) ) ;
#5162 = ORIENTED_EDGE ( 'NONE', *, *, #1055, .T. ) ;
#5163 = CARTESIAN_POINT ( 'NONE',  ( 3.092847217540596424E-16, 2.185864326882349121E-15, 0.1893700799999999962 ) ) ;
#5164 = ORIENTED_EDGE ( 'NONE', *, *, #3074, .F. ) ;
#5165 = ORIENTED_EDGE ( 'NONE', *, *, #3395, .F. ) ;
#5166 = CARTESIAN_POINT ( 'NONE',  ( 2.452265971032962177, -1.511927958270452788, 0.000000000000000000 ) ) ;
#5167 = CARTESIAN_POINT ( 'NONE',  ( -0.2793881098391379214, -1.813606154621368649, 0.5084752992119263570 ) ) ;
#5168 = CARTESIAN_POINT ( 'NONE',  ( 1.292040680039471479, 1.303017989562359480, 0.1893700799999999962 ) ) ;
#5169 = ORIENTED_EDGE ( 'NONE', *, *, #1755, .T. ) ;
#5170 = SURFACE_SIDE_STYLE ('',( #1228 ) ) ;
#5171 = AXIS2_PLACEMENT_3D ( 'NONE', #2752, #752, #5173 ) ;
#5172 =( LENGTH_UNIT ( ) NAMED_UNIT ( * ) SI_UNIT ( $, .METRE. ) );
#5173 = DIRECTION ( 'NONE',  ( 1.000000000000000000, 1.387778736372525118E-14, 0.000000000000000000 ) ) ;
#5174 = CARTESIAN_POINT ( 'NONE',  ( -1.254114067116804954, 1.581148047393985623, 0.4458003207816830238 ) ) ;
#5175 = STYLED_ITEM ( 'NONE', ( #2548 ), #3966 ) ;
#5176 = DIRECTION ( 'NONE',  ( -0.000000000000000000, -0.000000000000000000, -1.000000000000000000 ) ) ;
#5177 = CARTESIAN_POINT ( 'NONE',  ( 1.435110158700095173, -0.9381462422080395491, 0.4355440091145874049 ) ) ;
#5178 = VECTOR ( 'NONE', #3089, 39.37007874015748143 ) ;
#5179 = VERTEX_POINT ( 'NONE', #2612 ) ;
#5180 = ORIENTED_EDGE ( 'NONE', *, *, #3629, .F. ) ;
#5181 = DIRECTION ( 'NONE',  ( -0.000000000000000000, -0.000000000000000000, -1.000000000000000000 ) ) ;
#5182 = ORIENTED_EDGE ( 'NONE', *, *, #1627, .T. ) ;
#5183 = EDGE_CURVE ( 'NONE', #4994, #420, #4904, .T. ) ;
#5184 = COLOUR_RGB ( '',0.7921568627450980005, 0.8196078431372548767, 0.9333333333333333481 ) ;
#5185 = FACE_OUTER_BOUND ( 'NONE', #229, .T. ) ;
#5186 = DIRECTION ( 'NONE',  ( -1.000000000000000000, 0.000000000000000000, 0.000000000000000000 ) ) ;
#5187 = EDGE_CURVE ( 'NONE', #3254, #4351, #3740, .T. ) ;
#5188 = AXIS2_PLACEMENT_3D ( 'NONE', #161, #3381, #5014 ) ;
#5189 = ORIENTED_EDGE ( 'NONE', *, *, #2068, .T. ) ;
#5190 =( NAMED_UNIT ( * ) PLANE_ANGLE_UNIT ( ) SI_UNIT ( $, .RADIAN. ) );
#5191 = CARTESIAN_POINT ( 'NONE',  ( -0.2443881098391100237, -1.813606154621390409, 0.1499999999999999944 ) ) ;
#5192 = ORIENTED_EDGE ( 'NONE', *, *, #812, .T. ) ;
#5193 = AXIS2_PLACEMENT_3D ( 'NONE', #4533, #1325, #921 ) ;
#5194 =( CONVERSION_BASED_UNIT ( 'INCH', #4360 ) LENGTH_UNIT ( ) NAMED_UNIT ( #2943 ) );
#5195 = CIRCLE ( 'NONE', #3613, 0.03937008000000002950 ) ;
#5196 = FILL_AREA_STYLE_COLOUR ( '', #3728 ) ;
#5197 = CARTESIAN_POINT ( 'NONE',  ( 1.165300522559156615, 1.303017989562359480, 0.5084752992119263570 ) ) ;
#5198 = AXIS2_PLACEMENT_3D ( 'NONE', #2226, #194, #1718 ) ;
#5199 = CARTESIAN_POINT ( 'NONE',  ( 1.703255168496018435, -2.872385515245265086, -1.411573540043898367E-17 ) ) ;
#5200 = ORIENTED_EDGE ( 'NONE', *, *, #379, .F. ) ;
#5201 = FACE_OUTER_BOUND ( 'NONE', #2957, .T. ) ;
#5202 = AXIS2_PLACEMENT_3D ( 'NONE', #2464, #945, #4919 ) ;
#5203 = DIRECTION ( 'NONE',  ( 0.000000000000000000, 0.000000000000000000, 1.000000000000000000 ) ) ;
#5204 = ORIENTED_EDGE ( 'NONE', *, *, #1470, .F. ) ;
#5205 = EDGE_LOOP ( 'NONE', ( #3144, #1934, #2396, #3614 ) ) ;
#5206 = DIRECTION ( 'NONE',  ( -0.000000000000000000, -0.000000000000000000, 1.000000000000000000 ) ) ;
#5207 =( CONVERSION_BASED_UNIT ( 'INCH', #1240 ) LENGTH_UNIT ( ) NAMED_UNIT ( #3897 ) );
#5208 = ORIENTED_EDGE ( 'NONE', *, *, #3554, .F. ) ;
#5209 = CARTESIAN_POINT ( 'NONE',  ( 1.144036210588388336, 1.378432099769073327, 0.5084752992119263570 ) ) ;
#5210 = ORIENTED_EDGE ( 'NONE', *, *, #3552, .F. ) ;
#5211 = DIRECTION ( 'NONE',  ( 1.000000000000000000, 0.000000000000000000, 0.000000000000000000 ) ) ;
#5212 = EDGE_CURVE ( 'NONE', #1181, #3136, #2559, .T. ) ;
#5213 = DIRECTION ( 'NONE',  ( 1.000000000000000000, 0.000000000000000000, 0.000000000000000000 ) ) ;
#5214 = AXIS2_PLACEMENT_3D ( 'NONE', #2047, #4738, #5105 ) ;
#5215 = EDGE_CURVE ( 'NONE', #1057, #620, #3186, .T. ) ;
#5216 = LINE ( 'NONE', #415, #123 ) ;
#5217 =( NAMED_UNIT ( * ) SI_UNIT ( $, .STERADIAN. ) SOLID_ANGLE_UNIT ( ) );
#5218 = UNCERTAINTY_MEASURE_WITH_UNIT (LENGTH_MEASURE( 1.000000000000000082E-05 ), #697, 'distance_accuracy_value', 'NONE');
#5219 = AXIS2_PLACEMENT_3D ( 'NONE', #688, #3807, #1000 ) ;
#5220 = VERTEX_POINT ( 'NONE', #1612 ) ;
#5221 = CARTESIAN_POINT ( 'NONE',  ( 0.3438362936472181275, 0.2705232950615226728, 0.05905512000000000261 ) ) ;
ENDSEC;
END-ISO-10303-21;
